parameter,display_name,scale,minimum,maximum,value,label,file_weighted_count,file_weighted_frequency,deduplicated_count,deduplicated_frequency
bypass,Bypass,Indexed,0.0,1.0,0.0,,9618,1.0,9595,1.0
chorus_on,Chorus Switch,Indexed,0.0,1.0,0.0,Off,4783,0.49729673528800167,4772,0.49734236581552893
chorus_on,Chorus Switch,Indexed,0.0,1.0,1.0,On,4835,0.5027032647119983,4823,0.5026576341844711
chorus_sync,Chorus Sync,Indexed,0.0,3.0,0.0,Seconds,213,0.022145976294447912,213,0.022199062011464304
chorus_sync,Chorus Sync,Indexed,0.0,3.0,1.0,Tempo,9378,0.9750467872738615,9355,0.9749869723814487
chorus_sync,Chorus Sync,Indexed,0.0,3.0,2.0,Tempo Dotted,16,0.0016635475150758993,16,0.0016675351745700886
chorus_sync,Chorus Sync,Indexed,0.0,3.0,3.0,Tempo Triplets,11,0.0011436889166146808,11,0.0011464304325169358
chorus_tempo,Chorus Tempo,Indexed,0.0,10.0,0.0,Freeze,848,0.08816801829902267,847,0.08827514330380407
chorus_tempo,Chorus Tempo,Indexed,0.0,10.0,1.0,32/1,123,0.012788521522145976,123,0.012819176654507556
chorus_tempo,Chorus Tempo,Indexed,0.0,10.0,10.0,1/16,36,0.0037429819089207735,36,0.0037519541427826993
chorus_tempo,Chorus Tempo,Indexed,0.0,10.0,2.0,16/1,223,0.023185693491370347,222,0.02313705054715998
chorus_tempo,Chorus Tempo,Indexed,0.0,10.0,3.0,8/1,464,0.048242877937201084,464,0.04835852006253257
chorus_tempo,Chorus Tempo,Indexed,0.0,10.0,4.0,4/1,7470,0.7766687461010605,7449,0.7763418447107868
chorus_tempo,Chorus Tempo,Indexed,0.0,10.0,5.0,2/1,197,0.020482428779372012,197,0.020531526836894215
chorus_tempo,Chorus Tempo,Indexed,0.0,10.0,6.0,1/1,146,0.015179871075067582,146,0.015216258467952059
chorus_tempo,Chorus Tempo,Indexed,0.0,10.0,7.0,1/2,55,0.005718444583073404,55,0.005732152162584679
chorus_tempo,Chorus Tempo,Indexed,0.0,10.0,8.0,1/4,42,0.004366812227074236,42,0.004377279833246483
chorus_tempo,Chorus Tempo,Indexed,0.0,10.0,9.0,1/8,14,0.001455604075691412,14,0.0014590932777488275
chorus_voices,Chorus Voices,Indexed,1.0,4.0,1.0,,992,0.10313994593470575,991,0.10328295987493487
chorus_voices,Chorus Voices,Indexed,1.0,4.0,1.5,,1,0.0001039717196922437,1,0.00010422094841063054
chorus_voices,Chorus Voices,Indexed,1.0,4.0,2.0,,996,0.10355583281347473,995,0.10369984366857739
chorus_voices,Chorus Voices,Indexed,1.0,4.0,3.0,,433,0.04501975462674153,433,0.045127670661803024
chorus_voices,Chorus Voices,Indexed,1.0,4.0,4.0,,7196,0.7481804949053857,7175,0.7477853048462741
compressor_enabled_bands,Compressor Enabled Bands,Indexed,0.0,3.0,0.0,Multiband,8301,0.863069245165315,8282,0.8631578947368421
compressor_enabled_bands,Compressor Enabled Bands,Indexed,0.0,3.0,1.0,Low Band,211,0.021938032855063423,210,0.021886399166232414
compressor_enabled_bands,Compressor Enabled Bands,Indexed,0.0,3.0,2.0,High Band,343,0.03566229985443959,342,0.03564356435643564
compressor_enabled_bands,Compressor Enabled Bands,Indexed,0.0,3.0,3.0,Single Band,763,0.07933042212518195,761,0.07931214174048984
compressor_on,Compressor Switch,Indexed,0.0,1.0,0.0,Off,2880,0.2994385527136619,2874,0.2995310057321522
compressor_on,Compressor Switch,Indexed,0.0,1.0,1.0,On,6738,0.7005614472863381,6721,0.7004689942678478
delay_aux_sync,Delay Sync 2,Indexed,0.0,3.0,0.0,Seconds,217,0.022561863173216887,216,0.022511724856696197
delay_aux_sync,Delay Sync 2,Indexed,0.0,3.0,1.0,Tempo,8646,0.8989394884591391,8625,0.8989056800416884
delay_aux_sync,Delay Sync 2,Indexed,0.0,3.0,2.0,Tempo Dotted,651,0.06768558951965066,650,0.06774361646690985
delay_aux_sync,Delay Sync 2,Indexed,0.0,3.0,3.0,Tempo Triplets,104,0.010813058847993346,104,0.010838978634705575
delay_aux_tempo,Delay Tempo 2,Indexed,4.0,12.0,10.0,1/1,367,0.03815762112705344,366,0.03814486711829078
delay_aux_tempo,Delay Tempo 2,Indexed,4.0,12.0,11.0,1/2,70,0.00727802037845706,70,0.007295466388744137
delay_aux_tempo,Delay Tempo 2,Indexed,4.0,12.0,12.0,1/4,106,0.011021002287377834,106,0.011047420531526837
delay_aux_tempo,Delay Tempo 2,Indexed,4.0,12.0,4.0,Freeze,6,0.0006238303181534623,6,0.0006253256904637832
delay_aux_tempo,Delay Tempo 2,Indexed,4.0,12.0,5.0,32/1,2,0.0002079434393844874,2,0.00020844189682126107
delay_aux_tempo,Delay Tempo 2,Indexed,4.0,12.0,6.0,16/1,12,0.0012476606363069245,12,0.0012506513809275664
delay_aux_tempo,Delay Tempo 2,Indexed,4.0,12.0,7.0,8/1,119,0.012372634643377001,118,0.012298071912454403
delay_aux_tempo,Delay Tempo 2,Indexed,4.0,12.0,8.0,4/1,895,0.09305468912455812,893,0.09306930693069307
delay_aux_tempo,Delay Tempo 2,Indexed,4.0,12.0,9.0,2/1,8041,0.8360365980453317,8022,0.8360604481500782
delay_on,Delay Switch,Indexed,0.0,1.0,0.0,Off,5710,0.5936785194427115,5698,0.5938509640437728
delay_on,Delay Switch,Indexed,0.0,1.0,1.0,On,3908,0.4063214805572884,3897,0.4061490359562272
delay_style,Delay Style,Indexed,0.0,3.0,0.0,Mono,6391,0.6644832605531296,6376,0.6645127670661803
delay_style,Delay Style,Indexed,0.0,3.0,1.0,Stereo,838,0.08712830110210022,835,0.08702449192287649
delay_style,Delay Style,Indexed,0.0,3.0,2.0,Ping Pong,2027,0.210750675816178,2023,0.21083897863470558
delay_style,Delay Style,Indexed,0.0,3.0,3.0,Mid Ping Pong,362,0.037637762528592224,361,0.03762376237623762
delay_sync,Delay Sync,Indexed,0.0,3.0,0.0,Seconds,430,0.044707839467664795,429,0.0447107868681605
delay_sync,Delay Sync,Indexed,0.0,3.0,1.0,Tempo,8521,0.8859430234976087,8500,0.8858780614903595
delay_sync,Delay Sync,Indexed,0.0,3.0,2.0,Tempo Dotted,547,0.05687253067165731,546,0.05690463783220427
delay_sync,Delay Sync,Indexed,0.0,3.0,3.0,Tempo Triplets,120,0.012476606363069246,120,0.012506513809275664
delay_tempo,Delay Tempo,Indexed,4.0,12.0,10.0,1/1,445,0.04626741526304845,445,0.04637832204273059
delay_tempo,Delay Tempo,Indexed,4.0,12.0,11.0,1/2,122,0.012684549802453732,122,0.012714955706096926
delay_tempo,Delay Tempo,Indexed,4.0,12.0,12.0,1/4,239,0.024849241006446247,238,0.02480458572173007
delay_tempo,Delay Tempo,Indexed,4.0,12.0,4.0,Freeze,22,0.0022873778332293615,22,0.0022928608650338717
delay_tempo,Delay Tempo,Indexed,4.0,12.0,5.0,32/1,8,0.0008317737575379496,8,0.0008337675872850443
delay_tempo,Delay Tempo,Indexed,4.0,12.0,6.0,16/1,24,0.002495321272613849,24,0.0025013027618551328
delay_tempo,Delay Tempo,Indexed,4.0,12.0,7.0,8/1,156,0.016219588271990017,155,0.01615424700364773
delay_tempo,Delay Tempo,Indexed,4.0,12.0,8.0,4/1,1069,0.11114576835100852,1063,0.11078686816050026
delay_tempo,Delay Tempo,Indexed,4.0,12.0,9.0,2/1,7533,0.7832189644416718,7518,0.7835330901511204
distortion_filter_order,Distortion Filter Order,Indexed,0.0,2.0,0.0,None,7299,0.7588895820336868,7283,0.7590411672746222
distortion_filter_order,Distortion Filter Order,Indexed,0.0,2.0,1.0,Pre,1262,0.13121231025161156,1256,0.13090151120375196
distortion_filter_order,Distortion Filter Order,Indexed,0.0,2.0,2.0,Post,1057,0.1098981077147016,1056,0.11005732152162585
distortion_on,Distortion Switch,Indexed,0.0,1.0,0.0,Off,3365,0.34986483676440006,3360,0.3501823866597186
distortion_on,Distortion Switch,Indexed,0.0,1.0,1.0,On,6253,0.6501351632355999,6235,0.6498176133402814
distortion_type,Distortion Type,Indexed,0.0,5.0,0.0,Soft Clip,6340,0.6591807028488251,6328,0.65951016154247
distortion_type,Distortion Type,Indexed,0.0,5.0,1.0,Hard Clip,1418,0.14743189852360158,1411,0.1470557582073997
distortion_type,Distortion Type,Indexed,0.0,5.0,2.0,Linear Fold,315,0.03275109170305677,314,0.03272537780093799
distortion_type,Distortion Type,Indexed,0.0,5.0,3.0,Sine Fold,529,0.05500103971719692,528,0.05502866076081293
distortion_type,Distortion Type,Indexed,0.0,5.0,4.0,Bit Crush,285,0.029631940112289458,283,0.029494528400208442
distortion_type,Distortion Type,Indexed,0.0,5.0,5.0,Down Sample,731,0.07600332709503015,731,0.07618551328817093
effect_chain_order,Effect Chain Order,Indexed,0.0,362879.0,0.0,,3355,0.34882511956747764,3352,0.3493486190724336
effect_chain_order,Effect Chain Order,Indexed,0.0,362879.0,1.0,,8,0.0008317737575379496,8,0.0008337675872850443
effect_chain_order,Effect Chain Order,Indexed,0.0,362879.0,10.0,,7,0.000727802037845706,7,0.0007295466388744137
effect_chain_order,Effect Chain Order,Indexed,0.0,362879.0,10010.0,,1,0.0001039717196922437,1,0.00010422094841063054
effect_chain_order,Effect Chain Order,Indexed,0.0,362879.0,100296.0,,1,0.0001039717196922437,1,0.00010422094841063054
effect_chain_order,Effect Chain Order,Indexed,0.0,362879.0,100594.0,,1,0.0001039717196922437,1,0.00010422094841063054
effect_chain_order,Effect Chain Order,Indexed,0.0,362879.0,1008.0,,10,0.001039717196922437,10,0.0010422094841063053
effect_chain_order,Effect Chain Order,Indexed,0.0,362879.0,10080.0,,2,0.0002079434393844874,2,0.00020844189682126107
effect_chain_order,Effect Chain Order,Indexed,0.0,362879.0,100800.0,,2,0.0002079434393844874,2,0.00020844189682126107
effect_chain_order,Effect Chain Order,Indexed,0.0,362879.0,101091.0,,1,0.0001039717196922437,1,0.00010422094841063054
effect_chain_order,Effect Chain Order,Indexed,0.0,362879.0,101304.0,,1,0.0001039717196922437,1,0.00010422094841063054
effect_chain_order,Effect Chain Order,Indexed,0.0,362879.0,101376.0,,2,0.0002079434393844874,2,0.00020844189682126107
effect_chain_order,Effect Chain Order,Indexed,0.0,362879.0,101386.0,,2,0.0002079434393844874,2,0.00020844189682126107
effect_chain_order,Effect Chain Order,Indexed,0.0,362879.0,101457.0,,1,0.0001039717196922437,1,0.00010422094841063054
effect_chain_order,Effect Chain Order,Indexed,0.0,362879.0,101466.0,,1,0.0001039717196922437,1,0.00010422094841063054
effect_chain_order,Effect Chain Order,Indexed,0.0,362879.0,10152.0,,1,0.0001039717196922437,1,0.00010422094841063054
effect_chain_order,Effect Chain Order,Indexed,0.0,362879.0,101520.0,,2,0.0002079434393844874,2,0.00020844189682126107
effect_chain_order,Effect Chain Order,Indexed,0.0,362879.0,101560.0,,1,0.0001039717196922437,1,0.00010422094841063054
effect_chain_order,Effect Chain Order,Indexed,0.0,362879.0,101601.0,,2,0.0002079434393844874,2,0.00020844189682126107
effect_chain_order,Effect Chain Order,Indexed,0.0,362879.0,101602.0,,1,0.0001039717196922437,1,0.00010422094841063054
effect_chain_order,Effect Chain Order,Indexed,0.0,362879.0,10162.0,,6,0.0006238303181534623,6,0.0006253256904637832
effect_chain_order,Effect Chain Order,Indexed,0.0,362879.0,10188.0,,1,0.0001039717196922437,1,0.00010422094841063054
effect_chain_order,Effect Chain Order,Indexed,0.0,362879.0,102069.0,,1,0.0001039717196922437,1,0.00010422094841063054
effect_chain_order,Effect Chain Order,Indexed,0.0,362879.0,102105.0,,1,0.0001039717196922437,1,0.00010422094841063054
effect_chain_order,Effect Chain Order,Indexed,0.0,362879.0,102114.0,,1,0.0001039717196922437,1,0.00010422094841063054
effect_chain_order,Effect Chain Order,Indexed,0.0,362879.0,102150.0,,1,0.0001039717196922437,1,0.00010422094841063054
effect_chain_order,Effect Chain Order,Indexed,0.0,362879.0,10233.0,,1,0.0001039717196922437,1,0.00010422094841063054
effect_chain_order,Effect Chain Order,Indexed,0.0,362879.0,10243.0,,1,0.0001039717196922437,1,0.00010422094841063054
effect_chain_order,Effect Chain Order,Indexed,0.0,362879.0,102610.0,,1,0.0001039717196922437,1,0.00010422094841063054
effect_chain_order,Effect Chain Order,Indexed,0.0,362879.0,102629.0,,1,0.0001039717196922437,1,0.00010422094841063054
effect_chain_order,Effect Chain Order,Indexed,0.0,362879.0,102682.0,,1,0.0001039717196922437,1,0.00010422094841063054
effect_chain_order,Effect Chain Order,Indexed,0.0,362879.0,10269.0,,1,0.0001039717196922437,1,0.00010422094841063054
effect_chain_order,Effect Chain Order,Indexed,0.0,362879.0,102816.0,,1,0.0001039717196922437,1,0.00010422094841063054
effect_chain_order,Effect Chain Order,Indexed,0.0,362879.0,103320.0,,2,0.0002079434393844874,2,0.00020844189682126107
effect_chain_order,Effect Chain Order,Indexed,0.0,362879.0,10368.0,,1,0.0001039717196922437,1,0.00010422094841063054
effect_chain_order,Effect Chain Order,Indexed,0.0,362879.0,10388.0,,1,0.0001039717196922437,1,0.00010422094841063054
effect_chain_order,Effect Chain Order,Indexed,0.0,362879.0,104491.0,,1,0.0001039717196922437,1,0.00010422094841063054
effect_chain_order,Effect Chain Order,Indexed,0.0,362879.0,104770.0,,1,0.0001039717196922437,1,0.00010422094841063054
effect_chain_order,Effect Chain Order,Indexed,0.0,362879.0,104996.0,,1,0.0001039717196922437,1,0.00010422094841063054
effect_chain_order,Effect Chain Order,Indexed,0.0,362879.0,10522.0,,1,0.0001039717196922437,1,0.00010422094841063054
effect_chain_order,Effect Chain Order,Indexed,0.0,362879.0,105313.0,,1,0.0001039717196922437,1,0.00010422094841063054
effect_chain_order,Effect Chain Order,Indexed,0.0,362879.0,105336.0,,1,0.0001039717196922437,1,0.00010422094841063054
effect_chain_order,Effect Chain Order,Indexed,0.0,362879.0,10584.0,,7,0.000727802037845706,7,0.0007295466388744137
effect_chain_order,Effect Chain Order,Indexed,0.0,362879.0,105840.0,,7,0.000727802037845706,7,0.0007295466388744137
effect_chain_order,Effect Chain Order,Indexed,0.0,362879.0,105846.0,,1,0.0001039717196922437,1,0.00010422094841063054
effect_chain_order,Effect Chain Order,Indexed,0.0,362879.0,105885.0,,1,0.0001039717196922437,1,0.00010422094841063054
effect_chain_order,Effect Chain Order,Indexed,0.0,362879.0,105904.0,,1,0.0001039717196922437,1,0.00010422094841063054
effect_chain_order,Effect Chain Order,Indexed,0.0,362879.0,105925.0,,1,0.0001039717196922437,1,0.00010422094841063054
effect_chain_order,Effect Chain Order,Indexed,0.0,362879.0,10594.0,,2,0.0002079434393844874,2,0.00020844189682126107
effect_chain_order,Effect Chain Order,Indexed,0.0,362879.0,106087.0,,1,0.0001039717196922437,1,0.00010422094841063054
effect_chain_order,Effect Chain Order,Indexed,0.0,362879.0,10611.0,,1,0.0001039717196922437,1,0.00010422094841063054
effect_chain_order,Effect Chain Order,Indexed,0.0,362879.0,106156.0,,1,0.0001039717196922437,1,0.00010422094841063054
effect_chain_order,Effect Chain Order,Indexed,0.0,362879.0,10616.0,,1,0.0001039717196922437,1,0.00010422094841063054
effect_chain_order,Effect Chain Order,Indexed,0.0,362879.0,106173.0,,1,0.0001039717196922437,1,0.00010422094841063054
effect_chain_order,Effect Chain Order,Indexed,0.0,362879.0,1062.0,,1,0.0001039717196922437,1,0.00010422094841063054
effect_chain_order,Effect Chain Order,Indexed,0.0,362879.0,1065.0,,5,0.0005198585984612185,5,0.0005211047420531526
effect_chain_order,Effect Chain Order,Indexed,0.0,362879.0,10666.0,,5,0.0005198585984612185,5,0.0005211047420531526
effect_chain_order,Effect Chain Order,Indexed,0.0,362879.0,106824.0,,1,0.0001039717196922437,1,0.00010422094841063054
effect_chain_order,Effect Chain Order,Indexed,0.0,362879.0,107352.0,,1,0.0001039717196922437,1,0.00010422094841063054
effect_chain_order,Effect Chain Order,Indexed,0.0,362879.0,10737.0,,1,0.0001039717196922437,1,0.00010422094841063054
effect_chain_order,Effect Chain Order,Indexed,0.0,362879.0,10738.0,,1,0.0001039717196922437,1,0.00010422094841063054
effect_chain_order,Effect Chain Order,Indexed,0.0,362879.0,107434.0,,1,0.0001039717196922437,1,0.00010422094841063054
effect_chain_order,Effect Chain Order,Indexed,0.0,362879.0,10747.0,,1,0.0001039717196922437,1,0.00010422094841063054
effect_chain_order,Effect Chain Order,Indexed,0.0,362879.0,107599.0,,1,0.0001039717196922437,1,0.00010422094841063054
effect_chain_order,Effect Chain Order,Indexed,0.0,362879.0,1080.0,,1,0.0001039717196922437,1,0.00010422094841063054
effect_chain_order,Effect Chain Order,Indexed,0.0,362879.0,108327.0,,1,0.0001039717196922437,1,0.00010422094841063054
effect_chain_order,Effect Chain Order,Indexed,0.0,362879.0,108729.0,,1,0.0001039717196922437,1,0.00010422094841063054
effect_chain_order,Effect Chain Order,Indexed,0.0,362879.0,108749.0,,1,0.0001039717196922437,1,0.00010422094841063054
effect_chain_order,Effect Chain Order,Indexed,0.0,362879.0,108812.0,,1,0.0001039717196922437,1,0.00010422094841063054
effect_chain_order,Effect Chain Order,Indexed,0.0,362879.0,108864.0,,2,0.0002079434393844874,2,0.00020844189682126107
effect_chain_order,Effect Chain Order,Indexed,0.0,362879.0,108934.0,,1,0.0001039717196922437,1,0.00010422094841063054
effect_chain_order,Effect Chain Order,Indexed,0.0,362879.0,1090.0,,5,0.0005198585984612185,5,0.0005211047420531526
effect_chain_order,Effect Chain Order,Indexed,0.0,362879.0,10908.0,,1,0.0001039717196922437,1,0.00010422094841063054
effect_chain_order,Effect Chain Order,Indexed,0.0,362879.0,109171.0,,1,0.0001039717196922437,1,0.00010422094841063054
effect_chain_order,Effect Chain Order,Indexed,0.0,362879.0,109440.0,,1,0.0001039717196922437,1,0.00010422094841063054
effect_chain_order,Effect Chain Order,Indexed,0.0,362879.0,109449.0,,1,0.0001039717196922437,1,0.00010422094841063054
effect_chain_order,Effect Chain Order,Indexed,0.0,362879.0,109450.0,,3,0.00031191515907673113,3,0.0003126628452318916
effect_chain_order,Effect Chain Order,Indexed,0.0,362879.0,11026.0,,1,0.0001039717196922437,1,0.00010422094841063054
effect_chain_order,Effect Chain Order,Indexed,0.0,362879.0,110376.0,,2,0.0002079434393844874,2,0.00020844189682126107
effect_chain_order,Effect Chain Order,Indexed,0.0,362879.0,110458.0,,1,0.0001039717196922437,1,0.00010422094841063054
effect_chain_order,Effect Chain Order,Indexed,0.0,362879.0,110621.0,,1,0.0001039717196922437,1,0.00010422094841063054
effect_chain_order,Effect Chain Order,Indexed,0.0,362879.0,11088.0,,2,0.0002079434393844874,2,0.00020844189682126107
effect_chain_order,Effect Chain Order,Indexed,0.0,362879.0,111384.0,,1,0.0001039717196922437,1,0.00010422094841063054
effect_chain_order,Effect Chain Order,Indexed,0.0,362879.0,11170.0,,1,0.0001039717196922437,1,0.00010422094841063054
effect_chain_order,Effect Chain Order,Indexed,0.0,362879.0,111888.0,,3,0.00031191515907673113,3,0.0003126628452318916
effect_chain_order,Effect Chain Order,Indexed,0.0,362879.0,11232.0,,1,0.0001039717196922437,1,0.00010422094841063054
effect_chain_order,Effect Chain Order,Indexed,0.0,362879.0,112392.0,,5,0.0005198585984612185,5,0.0005211047420531526
effect_chain_order,Effect Chain Order,Indexed,0.0,362879.0,112474.0,,3,0.00031191515907673113,3,0.0003126628452318916
effect_chain_order,Effect Chain Order,Indexed,0.0,362879.0,112968.0,,1,0.0001039717196922437,1,0.00010422094841063054
effect_chain_order,Effect Chain Order,Indexed,0.0,362879.0,112977.0,,1,0.0001039717196922437,1,0.00010422094841063054
effect_chain_order,Effect Chain Order,Indexed,0.0,362879.0,112978.0,,2,0.0002079434393844874,2,0.00020844189682126107
effect_chain_order,Effect Chain Order,Indexed,0.0,362879.0,113050.0,,1,0.0001039717196922437,1,0.00010422094841063054
effect_chain_order,Effect Chain Order,Indexed,0.0,362879.0,113059.0,,1,0.0001039717196922437,1,0.00010422094841063054
effect_chain_order,Effect Chain Order,Indexed,0.0,362879.0,11324.0,,1,0.0001039717196922437,1,0.00010422094841063054
effect_chain_order,Effect Chain Order,Indexed,0.0,362879.0,11332.0,,1,0.0001039717196922437,1,0.00010422094841063054
effect_chain_order,Effect Chain Order,Indexed,0.0,362879.0,11385.0,,2,0.0002079434393844874,2,0.00020844189682126107
effect_chain_order,Effect Chain Order,Indexed,0.0,362879.0,113852.0,,1,0.0001039717196922437,1,0.00010422094841063054
effect_chain_order,Effect Chain Order,Indexed,0.0,362879.0,11414.0,,1,0.0001039717196922437,1,0.00010422094841063054
effect_chain_order,Effect Chain Order,Indexed,0.0,362879.0,114705.0,,1,0.0001039717196922437,1,0.00010422094841063054
effect_chain_order,Effect Chain Order,Indexed,0.0,362879.0,114912.0,,2,0.0002079434393844874,2,0.00020844189682126107
effect_chain_order,Effect Chain Order,Indexed,0.0,362879.0,115008.0,,1,0.0001039717196922437,1,0.00010422094841063054
effect_chain_order,Effect Chain Order,Indexed,0.0,362879.0,115048.0,,2,0.0002079434393844874,2,0.00020844189682126107
effect_chain_order,Effect Chain Order,Indexed,0.0,362879.0,115104.0,,1,0.0001039717196922437,1,0.00010422094841063054
effect_chain_order,Effect Chain Order,Indexed,0.0,362879.0,1152.0,,1,0.0001039717196922437,1,0.00010422094841063054
effect_chain_order,Effect Chain Order,Indexed,0.0,362879.0,115282.0,,1,0.0001039717196922437,1,0.00010422094841063054
effect_chain_order,Effect Chain Order,Indexed,0.0,362879.0,115498.0,,4,0.0004158868787689748,4,0.00041688379364252214
effect_chain_order,Effect Chain Order,Indexed,0.0,362879.0,115858.0,,1,0.0001039717196922437,1,0.00010422094841063054
effect_chain_order,Effect Chain Order,Indexed,0.0,362879.0,116002.0,,7,0.000727802037845706,7,0.0007295466388744137
effect_chain_order,Effect Chain Order,Indexed,0.0,362879.0,116074.0,,1,0.0001039717196922437,1,0.00010422094841063054
effect_chain_order,Effect Chain Order,Indexed,0.0,362879.0,1161.0,,1,0.0001039717196922437,1,0.00010422094841063054
effect_chain_order,Effect Chain Order,Indexed,0.0,362879.0,116146.0,,1,0.0001039717196922437,1,0.00010422094841063054
effect_chain_order,Effect Chain Order,Indexed,0.0,362879.0,116424.0,,2,0.0002079434393844874,2,0.00020844189682126107
effect_chain_order,Effect Chain Order,Indexed,0.0,362879.0,1165.0,,1,0.0001039717196922437,1,0.00010422094841063054
effect_chain_order,Effect Chain Order,Indexed,0.0,362879.0,116506.0,,1,0.0001039717196922437,1,0.00010422094841063054
effect_chain_order,Effect Chain Order,Indexed,0.0,362879.0,116649.0,,1,0.0001039717196922437,1,0.00010422094841063054
effect_chain_order,Effect Chain Order,Indexed,0.0,362879.0,117.0,,1,0.0001039717196922437,1,0.00010422094841063054
effect_chain_order,Effect Chain Order,Indexed,0.0,362879.0,1171.0,,2,0.0002079434393844874,2,0.00020844189682126107
effect_chain_order,Effect Chain Order,Indexed,0.0,362879.0,117432.0,,1,0.0001039717196922437,1,0.00010422094841063054
effect_chain_order,Effect Chain Order,Indexed,0.0,362879.0,11754.0,,2,0.0002079434393844874,2,0.00020844189682126107
effect_chain_order,Effect Chain Order,Indexed,0.0,362879.0,117936.0,,2,0.0002079434393844874,2,0.00020844189682126107
effect_chain_order,Effect Chain Order,Indexed,0.0,362879.0,118342.0,,1,0.0001039717196922437,1,0.00010422094841063054
effect_chain_order,Effect Chain Order,Indexed,0.0,362879.0,118443.0,,1,0.0001039717196922437,1,0.00010422094841063054
effect_chain_order,Effect Chain Order,Indexed,0.0,362879.0,118522.0,,1,0.0001039717196922437,1,0.00010422094841063054
effect_chain_order,Effect Chain Order,Indexed,0.0,362879.0,119.0,,2,0.0002079434393844874,2,0.00020844189682126107
effect_chain_order,Effect Chain Order,Indexed,0.0,362879.0,119098.0,,1,0.0001039717196922437,1,0.00010422094841063054
effect_chain_order,Effect Chain Order,Indexed,0.0,362879.0,119448.0,,2,0.0002079434393844874,2,0.00020844189682126107
effect_chain_order,Effect Chain Order,Indexed,0.0,362879.0,1198.0,,1,0.0001039717196922437,1,0.00010422094841063054
effect_chain_order,Effect Chain Order,Indexed,0.0,362879.0,120276.0,,1,0.0001039717196922437,1,0.00010422094841063054
effect_chain_order,Effect Chain Order,Indexed,0.0,362879.0,12096.0,,8,0.0008317737575379496,8,0.0008337675872850443
effect_chain_order,Effect Chain Order,Indexed,0.0,362879.0,120960.0,,19,0.0019754626741526303,19,0.0019801980198019802
effect_chain_order,Effect Chain Order,Indexed,0.0,362879.0,120993.0,,1,0.0001039717196922437,1,0.00010422094841063054
effect_chain_order,Effect Chain Order,Indexed,0.0,362879.0,120999.0,,1,0.0001039717196922437,1,0.00010422094841063054
effect_chain_order,Effect Chain Order,Indexed,0.0,362879.0,12103.0,,1,0.0001039717196922437,1,0.00010422094841063054
effect_chain_order,Effect Chain Order,Indexed,0.0,362879.0,121042.0,,1,0.0001039717196922437,1,0.00010422094841063054
effect_chain_order,Effect Chain Order,Indexed,0.0,362879.0,121248.0,,3,0.00031191515907673113,3,0.0003126628452318916
effect_chain_order,Effect Chain Order,Indexed,0.0,362879.0,121258.0,,1,0.0001039717196922437,1,0.00010422094841063054
effect_chain_order,Effect Chain Order,Indexed,0.0,362879.0,121267.0,,1,0.0001039717196922437,1,0.00010422094841063054
effect_chain_order,Effect Chain Order,Indexed,0.0,362879.0,121402.0,,1,0.0001039717196922437,1,0.00010422094841063054
effect_chain_order,Effect Chain Order,Indexed,0.0,362879.0,121510.0,,1,0.0001039717196922437,1,0.00010422094841063054
effect_chain_order,Effect Chain Order,Indexed,0.0,362879.0,121536.0,,1,0.0001039717196922437,1,0.00010422094841063054
effect_chain_order,Effect Chain Order,Indexed,0.0,362879.0,121547.0,,1,0.0001039717196922437,1,0.00010422094841063054
effect_chain_order,Effect Chain Order,Indexed,0.0,362879.0,121825.0,,1,0.0001039717196922437,1,0.00010422094841063054
effect_chain_order,Effect Chain Order,Indexed,0.0,362879.0,121834.0,,1,0.0001039717196922437,1,0.00010422094841063054
effect_chain_order,Effect Chain Order,Indexed,0.0,362879.0,122187.0,,1,0.0001039717196922437,1,0.00010422094841063054
effect_chain_order,Effect Chain Order,Indexed,0.0,362879.0,122276.0,,1,0.0001039717196922437,1,0.00010422094841063054
effect_chain_order,Effect Chain Order,Indexed,0.0,362879.0,12240.0,,1,0.0001039717196922437,1,0.00010422094841063054
effect_chain_order,Effect Chain Order,Indexed,0.0,362879.0,122472.0,,3,0.00031191515907673113,3,0.0003126628452318916
effect_chain_order,Effect Chain Order,Indexed,0.0,362879.0,122482.0,,3,0.00031191515907673113,3,0.0003126628452318916
effect_chain_order,Effect Chain Order,Indexed,0.0,362879.0,122491.0,,1,0.0001039717196922437,1,0.00010422094841063054
effect_chain_order,Effect Chain Order,Indexed,0.0,362879.0,122554.0,,1,0.0001039717196922437,1,0.00010422094841063054
effect_chain_order,Effect Chain Order,Indexed,0.0,362879.0,122555.0,,1,0.0001039717196922437,1,0.00010422094841063054
effect_chain_order,Effect Chain Order,Indexed,0.0,362879.0,122556.0,,1,0.0001039717196922437,1,0.00010422094841063054
effect_chain_order,Effect Chain Order,Indexed,0.0,362879.0,122626.0,,1,0.0001039717196922437,1,0.00010422094841063054
effect_chain_order,Effect Chain Order,Indexed,0.0,362879.0,122634.0,,1,0.0001039717196922437,1,0.00010422094841063054
effect_chain_order,Effect Chain Order,Indexed,0.0,362879.0,122636.0,,1,0.0001039717196922437,1,0.00010422094841063054
effect_chain_order,Effect Chain Order,Indexed,0.0,362879.0,122698.0,,1,0.0001039717196922437,1,0.00010422094841063054
effect_chain_order,Effect Chain Order,Indexed,0.0,362879.0,122976.0,,1,0.0001039717196922437,1,0.00010422094841063054
effect_chain_order,Effect Chain Order,Indexed,0.0,362879.0,123058.0,,1,0.0001039717196922437,1,0.00010422094841063054
effect_chain_order,Effect Chain Order,Indexed,0.0,362879.0,123480.0,,1,0.0001039717196922437,1,0.00010422094841063054
effect_chain_order,Effect Chain Order,Indexed,0.0,362879.0,123634.0,,1,0.0001039717196922437,1,0.00010422094841063054
effect_chain_order,Effect Chain Order,Indexed,0.0,362879.0,12384.0,,1,0.0001039717196922437,1,0.00010422094841063054
effect_chain_order,Effect Chain Order,Indexed,0.0,362879.0,123984.0,,1,0.0001039717196922437,1,0.00010422094841063054
effect_chain_order,Effect Chain Order,Indexed,0.0,362879.0,124031.0,,1,0.0001039717196922437,1,0.00010422094841063054
effect_chain_order,Effect Chain Order,Indexed,0.0,362879.0,12423.0,,1,0.0001039717196922437,1,0.00010422094841063054
effect_chain_order,Effect Chain Order,Indexed,0.0,362879.0,124282.0,,2,0.0002079434393844874,2,0.00020844189682126107
effect_chain_order,Effect Chain Order,Indexed,0.0,362879.0,124488.0,,1,0.0001039717196922437,1,0.00010422094841063054
effect_chain_order,Effect Chain Order,Indexed,0.0,362879.0,124492.0,,1,0.0001039717196922437,1,0.00010422094841063054
effect_chain_order,Effect Chain Order,Indexed,0.0,362879.0,124533.0,,1,0.0001039717196922437,1,0.00010422094841063054
effect_chain_order,Effect Chain Order,Indexed,0.0,362879.0,124560.0,,3,0.00031191515907673113,3,0.0003126628452318916
effect_chain_order,Effect Chain Order,Indexed,0.0,362879.0,124569.0,,1,0.0001039717196922437,1,0.00010422094841063054
effect_chain_order,Effect Chain Order,Indexed,0.0,362879.0,124570.0,,1,0.0001039717196922437,1,0.00010422094841063054
effect_chain_order,Effect Chain Order,Indexed,0.0,362879.0,124621.0,,1,0.0001039717196922437,1,0.00010422094841063054
effect_chain_order,Effect Chain Order,Indexed,0.0,362879.0,124714.0,,1,0.0001039717196922437,1,0.00010422094841063054
effect_chain_order,Effect Chain Order,Indexed,0.0,362879.0,124992.0,,1,0.0001039717196922437,1,0.00010422094841063054
effect_chain_order,Effect Chain Order,Indexed,0.0,362879.0,12501.0,,1,0.0001039717196922437,1,0.00010422094841063054
effect_chain_order,Effect Chain Order,Indexed,0.0,362879.0,125290.0,,1,0.0001039717196922437,1,0.00010422094841063054
effect_chain_order,Effect Chain Order,Indexed,0.0,362879.0,1253.0,,1,0.0001039717196922437,1,0.00010422094841063054
effect_chain_order,Effect Chain Order,Indexed,0.0,362879.0,125515.0,,1,0.0001039717196922437,1,0.00010422094841063054
effect_chain_order,Effect Chain Order,Indexed,0.0,362879.0,125578.0,,4,0.0004158868787689748,4,0.00041688379364252214
effect_chain_order,Effect Chain Order,Indexed,0.0,362879.0,125580.0,,1,0.0001039717196922437,1,0.00010422094841063054
effect_chain_order,Effect Chain Order,Indexed,0.0,362879.0,125650.0,,1,0.0001039717196922437,1,0.00010422094841063054
effect_chain_order,Effect Chain Order,Indexed,0.0,362879.0,126.0,,1,0.0001039717196922437,1,0.00010422094841063054
effect_chain_order,Effect Chain Order,Indexed,0.0,362879.0,126081.0,,1,0.0001039717196922437,1,0.00010422094841063054
effect_chain_order,Effect Chain Order,Indexed,0.0,362879.0,126194.0,,2,0.0002079434393844874,2,0.00020844189682126107
effect_chain_order,Effect Chain Order,Indexed,0.0,362879.0,12682.0,,1,0.0001039717196922437,1,0.00010422094841063054
effect_chain_order,Effect Chain Order,Indexed,0.0,362879.0,1269.0,,1,0.0001039717196922437,1,0.00010422094841063054
effect_chain_order,Effect Chain Order,Indexed,0.0,362879.0,126946.0,,1,0.0001039717196922437,1,0.00010422094841063054
effect_chain_order,Effect Chain Order,Indexed,0.0,362879.0,127008.0,,10,0.001039717196922437,10,0.0010422094841063053
effect_chain_order,Effect Chain Order,Indexed,0.0,362879.0,127016.0,,1,0.0001039717196922437,1,0.00010422094841063054
effect_chain_order,Effect Chain Order,Indexed,0.0,362879.0,12709.0,,1,0.0001039717196922437,1,0.00010422094841063054
effect_chain_order,Effect Chain Order,Indexed,0.0,362879.0,127090.0,,1,0.0001039717196922437,1,0.00010422094841063054
effect_chain_order,Effect Chain Order,Indexed,0.0,362879.0,127100.0,,1,0.0001039717196922437,1,0.00010422094841063054
effect_chain_order,Effect Chain Order,Indexed,0.0,362879.0,127103.0,,1,0.0001039717196922437,1,0.00010422094841063054
effect_chain_order,Effect Chain Order,Indexed,0.0,362879.0,12744.0,,1,0.0001039717196922437,1,0.00010422094841063054
effect_chain_order,Effect Chain Order,Indexed,0.0,362879.0,12753.0,,1,0.0001039717196922437,1,0.00010422094841063054
effect_chain_order,Effect Chain Order,Indexed,0.0,362879.0,127594.0,,5,0.0005198585984612185,5,0.0005211047420531526
effect_chain_order,Effect Chain Order,Indexed,0.0,362879.0,127917.0,,2,0.0002079434393844874,2,0.00020844189682126107
effect_chain_order,Effect Chain Order,Indexed,0.0,362879.0,127954.0,,1,0.0001039717196922437,1,0.00010422094841063054
effect_chain_order,Effect Chain Order,Indexed,0.0,362879.0,128088.0,,1,0.0001039717196922437,1,0.00010422094841063054
effect_chain_order,Effect Chain Order,Indexed,0.0,362879.0,128098.0,,1,0.0001039717196922437,1,0.00010422094841063054
effect_chain_order,Effect Chain Order,Indexed,0.0,362879.0,12836.0,,1,0.0001039717196922437,1,0.00010422094841063054
effect_chain_order,Effect Chain Order,Indexed,0.0,362879.0,128873.0,,1,0.0001039717196922437,1,0.00010422094841063054
effect_chain_order,Effect Chain Order,Indexed,0.0,362879.0,129314.0,,1,0.0001039717196922437,1,0.00010422094841063054
effect_chain_order,Effect Chain Order,Indexed,0.0,362879.0,129322.0,,1,0.0001039717196922437,1,0.00010422094841063054
effect_chain_order,Effect Chain Order,Indexed,0.0,362879.0,129456.0,,1,0.0001039717196922437,1,0.00010422094841063054
effect_chain_order,Effect Chain Order,Indexed,0.0,362879.0,129466.0,,1,0.0001039717196922437,1,0.00010422094841063054
effect_chain_order,Effect Chain Order,Indexed,0.0,362879.0,129521.0,,1,0.0001039717196922437,1,0.00010422094841063054
effect_chain_order,Effect Chain Order,Indexed,0.0,362879.0,129528.0,,1,0.0001039717196922437,1,0.00010422094841063054
effect_chain_order,Effect Chain Order,Indexed,0.0,362879.0,1296.0,,2,0.0002079434393844874,2,0.00020844189682126107
effect_chain_order,Effect Chain Order,Indexed,0.0,362879.0,129900.0,,1,0.0001039717196922437,1,0.00010422094841063054
effect_chain_order,Effect Chain Order,Indexed,0.0,362879.0,13.0,,1,0.0001039717196922437,1,0.00010422094841063054
effect_chain_order,Effect Chain Order,Indexed,0.0,362879.0,130.0,,1,0.0001039717196922437,1,0.00010422094841063054
effect_chain_order,Effect Chain Order,Indexed,0.0,362879.0,1300.0,,1,0.0001039717196922437,1,0.00010422094841063054
effect_chain_order,Effect Chain Order,Indexed,0.0,362879.0,130032.0,,1,0.0001039717196922437,1,0.00010422094841063054
effect_chain_order,Effect Chain Order,Indexed,0.0,362879.0,130077.0,,4,0.0004158868787689748,4,0.00041688379364252214
effect_chain_order,Effect Chain Order,Indexed,0.0,362879.0,130394.0,,1,0.0001039717196922437,1,0.00010422094841063054
effect_chain_order,Effect Chain Order,Indexed,0.0,362879.0,130464.0,,1,0.0001039717196922437,1,0.00010422094841063054
effect_chain_order,Effect Chain Order,Indexed,0.0,362879.0,130474.0,,1,0.0001039717196922437,1,0.00010422094841063054
effect_chain_order,Effect Chain Order,Indexed,0.0,362879.0,130978.0,,1,0.0001039717196922437,1,0.00010422094841063054
effect_chain_order,Effect Chain Order,Indexed,0.0,362879.0,131420.0,,2,0.0002079434393844874,2,0.00020844189682126107
effect_chain_order,Effect Chain Order,Indexed,0.0,362879.0,1315.0,,2,0.0002079434393844874,2,0.00020844189682126107
effect_chain_order,Effect Chain Order,Indexed,0.0,362879.0,1316.0,,1,0.0001039717196922437,1,0.00010422094841063054
effect_chain_order,Effect Chain Order,Indexed,0.0,362879.0,131616.0,,1,0.0001039717196922437,1,0.00010422094841063054
effect_chain_order,Effect Chain Order,Indexed,0.0,362879.0,131707.0,,1,0.0001039717196922437,1,0.00010422094841063054
effect_chain_order,Effect Chain Order,Indexed,0.0,362879.0,131819.0,,1,0.0001039717196922437,1,0.00010422094841063054
effect_chain_order,Effect Chain Order,Indexed,0.0,362879.0,13186.0,,1,0.0001039717196922437,1,0.00010422094841063054
effect_chain_order,Effect Chain Order,Indexed,0.0,362879.0,131936.0,,1,0.0001039717196922437,1,0.00010422094841063054
effect_chain_order,Effect Chain Order,Indexed,0.0,362879.0,132296.0,,1,0.0001039717196922437,1,0.00010422094841063054
effect_chain_order,Effect Chain Order,Indexed,0.0,362879.0,133119.0,,1,0.0001039717196922437,1,0.00010422094841063054
effect_chain_order,Effect Chain Order,Indexed,0.0,362879.0,133155.0,,2,0.0002079434393844874,2,0.00020844189682126107
effect_chain_order,Effect Chain Order,Indexed,0.0,362879.0,133642.0,,1,0.0001039717196922437,1,0.00010422094841063054
effect_chain_order,Effect Chain Order,Indexed,0.0,362879.0,134002.0,,1,0.0001039717196922437,1,0.00010422094841063054
effect_chain_order,Effect Chain Order,Indexed,0.0,362879.0,1341.0,,1,0.0001039717196922437,1,0.00010422094841063054
effect_chain_order,Effect Chain Order,Indexed,0.0,362879.0,134516.0,,1,0.0001039717196922437,1,0.00010422094841063054
effect_chain_order,Effect Chain Order,Indexed,0.0,362879.0,134568.0,,1,0.0001039717196922437,1,0.00010422094841063054
effect_chain_order,Effect Chain Order,Indexed,0.0,362879.0,134650.0,,4,0.0004158868787689748,4,0.00041688379364252214
effect_chain_order,Effect Chain Order,Indexed,0.0,362879.0,135069.0,,1,0.0001039717196922437,1,0.00010422094841063054
effect_chain_order,Effect Chain Order,Indexed,0.0,362879.0,135235.0,,1,0.0001039717196922437,1,0.00010422094841063054
effect_chain_order,Effect Chain Order,Indexed,0.0,362879.0,135380.0,,1,0.0001039717196922437,1,0.00010422094841063054
effect_chain_order,Effect Chain Order,Indexed,0.0,362879.0,135658.0,,2,0.0002079434393844874,2,0.00020844189682126107
effect_chain_order,Effect Chain Order,Indexed,0.0,362879.0,135660.0,,1,0.0001039717196922437,1,0.00010422094841063054
effect_chain_order,Effect Chain Order,Indexed,0.0,362879.0,135730.0,,1,0.0001039717196922437,1,0.00010422094841063054
effect_chain_order,Effect Chain Order,Indexed,0.0,362879.0,13608.0,,4,0.0004158868787689748,4,0.00041688379364252214
effect_chain_order,Effect Chain Order,Indexed,0.0,362879.0,136080.0,,41,0.004262840507381992,41,0.004273058884835852
effect_chain_order,Effect Chain Order,Indexed,0.0,362879.0,136082.0,,1,0.0001039717196922437,1,0.00010422094841063054
effect_chain_order,Effect Chain Order,Indexed,0.0,362879.0,136084.0,,1,0.0001039717196922437,1,0.00010422094841063054
effect_chain_order,Effect Chain Order,Indexed,0.0,362879.0,136099.0,,1,0.0001039717196922437,1,0.00010422094841063054
effect_chain_order,Effect Chain Order,Indexed,0.0,362879.0,136152.0,,2,0.0002079434393844874,2,0.00020844189682126107
effect_chain_order,Effect Chain Order,Indexed,0.0,362879.0,136162.0,,2,0.0002079434393844874,2,0.00020844189682126107
effect_chain_order,Effect Chain Order,Indexed,0.0,362879.0,136171.0,,1,0.0001039717196922437,1,0.00010422094841063054
effect_chain_order,Effect Chain Order,Indexed,0.0,362879.0,136368.0,,1,0.0001039717196922437,1,0.00010422094841063054
effect_chain_order,Effect Chain Order,Indexed,0.0,362879.0,136516.0,,1,0.0001039717196922437,1,0.00010422094841063054
effect_chain_order,Effect Chain Order,Indexed,0.0,362879.0,136584.0,,1,0.0001039717196922437,1,0.00010422094841063054
effect_chain_order,Effect Chain Order,Indexed,0.0,362879.0,136666.0,,9,0.0009357454772301934,9,0.0009379885356956748
effect_chain_order,Effect Chain Order,Indexed,0.0,362879.0,136684.0,,1,0.0001039717196922437,1,0.00010422094841063054
effect_chain_order,Effect Chain Order,Indexed,0.0,362879.0,136738.0,,1,0.0001039717196922437,1,0.00010422094841063054
effect_chain_order,Effect Chain Order,Indexed,0.0,362879.0,136797.0,,2,0.0002079434393844874,2,0.00020844189682126107
effect_chain_order,Effect Chain Order,Indexed,0.0,362879.0,13680.0,,1,0.0001039717196922437,1,0.00010422094841063054
effect_chain_order,Effect Chain Order,Indexed,0.0,362879.0,13689.0,,1,0.0001039717196922437,1,0.00010422094841063054
effect_chain_order,Effect Chain Order,Indexed,0.0,362879.0,13690.0,,12,0.0012476606363069245,12,0.0012506513809275664
effect_chain_order,Effect Chain Order,Indexed,0.0,362879.0,137170.0,,2,0.0002079434393844874,2,0.00020844189682126107
effect_chain_order,Effect Chain Order,Indexed,0.0,362879.0,137191.0,,1,0.0001039717196922437,1,0.00010422094841063054
effect_chain_order,Effect Chain Order,Indexed,0.0,362879.0,13752.0,,1,0.0001039717196922437,1,0.00010422094841063054
effect_chain_order,Effect Chain Order,Indexed,0.0,362879.0,137592.0,,1,0.0001039717196922437,1,0.00010422094841063054
effect_chain_order,Effect Chain Order,Indexed,0.0,362879.0,137602.0,,1,0.0001039717196922437,1,0.00010422094841063054
effect_chain_order,Effect Chain Order,Indexed,0.0,362879.0,13770.0,,1,0.0001039717196922437,1,0.00010422094841063054
effect_chain_order,Effect Chain Order,Indexed,0.0,362879.0,138159.0,,1,0.0001039717196922437,1,0.00010422094841063054
effect_chain_order,Effect Chain Order,Indexed,0.0,362879.0,13821.0,,1,0.0001039717196922437,1,0.00010422094841063054
effect_chain_order,Effect Chain Order,Indexed,0.0,362879.0,138304.0,,1,0.0001039717196922437,1,0.00010422094841063054
effect_chain_order,Effect Chain Order,Indexed,0.0,362879.0,13834.0,,1,0.0001039717196922437,1,0.00010422094841063054
effect_chain_order,Effect Chain Order,Indexed,0.0,362879.0,138610.0,,1,0.0001039717196922437,1,0.00010422094841063054
effect_chain_order,Effect Chain Order,Indexed,0.0,362879.0,138630.0,,1,0.0001039717196922437,1,0.00010422094841063054
effect_chain_order,Effect Chain Order,Indexed,0.0,362879.0,138898.0,,1,0.0001039717196922437,1,0.00010422094841063054
effect_chain_order,Effect Chain Order,Indexed,0.0,362879.0,139104.0,,6,0.0006238303181534623,6,0.0006253256904637832
effect_chain_order,Effect Chain Order,Indexed,0.0,362879.0,139109.0,,1,0.0001039717196922437,1,0.00010422094841063054
effect_chain_order,Effect Chain Order,Indexed,0.0,362879.0,139131.0,,1,0.0001039717196922437,1,0.00010422094841063054
effect_chain_order,Effect Chain Order,Indexed,0.0,362879.0,139153.0,,1,0.0001039717196922437,1,0.00010422094841063054
effect_chain_order,Effect Chain Order,Indexed,0.0,362879.0,139223.0,,1,0.0001039717196922437,1,0.00010422094841063054
effect_chain_order,Effect Chain Order,Indexed,0.0,362879.0,1395.0,,1,0.0001039717196922437,1,0.00010422094841063054
effect_chain_order,Effect Chain Order,Indexed,0.0,362879.0,139608.0,,2,0.0002079434393844874,2,0.00020844189682126107
effect_chain_order,Effect Chain Order,Indexed,0.0,362879.0,139680.0,,2,0.0002079434393844874,2,0.00020844189682126107
effect_chain_order,Effect Chain Order,Indexed,0.0,362879.0,139690.0,,9,0.0009357454772301934,9,0.0009379885356956748
effect_chain_order,Effect Chain Order,Indexed,0.0,362879.0,139837.0,,1,0.0001039717196922437,1,0.00010422094841063054
effect_chain_order,Effect Chain Order,Indexed,0.0,362879.0,139905.0,,1,0.0001039717196922437,1,0.00010422094841063054
effect_chain_order,Effect Chain Order,Indexed,0.0,362879.0,140275.0,,1,0.0001039717196922437,1,0.00010422094841063054
effect_chain_order,Effect Chain Order,Indexed,0.0,362879.0,1406.0,,1,0.0001039717196922437,1,0.00010422094841063054
effect_chain_order,Effect Chain Order,Indexed,0.0,362879.0,140671.0,,1,0.0001039717196922437,1,0.00010422094841063054
effect_chain_order,Effect Chain Order,Indexed,0.0,362879.0,14088.0,,1,0.0001039717196922437,1,0.00010422094841063054
effect_chain_order,Effect Chain Order,Indexed,0.0,362879.0,141099.0,,1,0.0001039717196922437,1,0.00010422094841063054
effect_chain_order,Effect Chain Order,Indexed,0.0,362879.0,141130.0,,1,0.0001039717196922437,1,0.00010422094841063054
effect_chain_order,Effect Chain Order,Indexed,0.0,362879.0,141137.0,,1,0.0001039717196922437,1,0.00010422094841063054
effect_chain_order,Effect Chain Order,Indexed,0.0,362879.0,141921.0,,1,0.0001039717196922437,1,0.00010422094841063054
effect_chain_order,Effect Chain Order,Indexed,0.0,362879.0,142128.0,,2,0.0002079434393844874,2,0.00020844189682126107
effect_chain_order,Effect Chain Order,Indexed,0.0,362879.0,142138.0,,1,0.0001039717196922437,1,0.00010422094841063054
effect_chain_order,Effect Chain Order,Indexed,0.0,362879.0,142210.0,,1,0.0001039717196922437,1,0.00010422094841063054
effect_chain_order,Effect Chain Order,Indexed,0.0,362879.0,142364.0,,1,0.0001039717196922437,1,0.00010422094841063054
effect_chain_order,Effect Chain Order,Indexed,0.0,362879.0,143109.0,,1,0.0001039717196922437,1,0.00010422094841063054
effect_chain_order,Effect Chain Order,Indexed,0.0,362879.0,143136.0,,1,0.0001039717196922437,1,0.00010422094841063054
effect_chain_order,Effect Chain Order,Indexed,0.0,362879.0,143498.0,,1,0.0001039717196922437,1,0.00010422094841063054
effect_chain_order,Effect Chain Order,Indexed,0.0,362879.0,143640.0,,1,0.0001039717196922437,1,0.00010422094841063054
effect_chain_order,Effect Chain Order,Indexed,0.0,362879.0,143866.0,,1,0.0001039717196922437,1,0.00010422094841063054
effect_chain_order,Effect Chain Order,Indexed,0.0,362879.0,144.0,,8,0.0008317737575379496,8,0.0008337675872850443
effect_chain_order,Effect Chain Order,Indexed,0.0,362879.0,14420.0,,1,0.0001039717196922437,1,0.00010422094841063054
effect_chain_order,Effect Chain Order,Indexed,0.0,362879.0,14427.0,,1,0.0001039717196922437,1,0.00010422094841063054
effect_chain_order,Effect Chain Order,Indexed,0.0,362879.0,144441.0,,1,0.0001039717196922437,1,0.00010422094841063054
effect_chain_order,Effect Chain Order,Indexed,0.0,362879.0,144586.0,,1,0.0001039717196922437,1,0.00010422094841063054
effect_chain_order,Effect Chain Order,Indexed,0.0,362879.0,144812.0,,1,0.0001039717196922437,1,0.00010422094841063054
effect_chain_order,Effect Chain Order,Indexed,0.0,362879.0,145450.0,,1,0.0001039717196922437,1,0.00010422094841063054
effect_chain_order,Effect Chain Order,Indexed,0.0,362879.0,145594.0,,1,0.0001039717196922437,1,0.00010422094841063054
effect_chain_order,Effect Chain Order,Indexed,0.0,362879.0,145604.0,,2,0.0002079434393844874,2,0.00020844189682126107
effect_chain_order,Effect Chain Order,Indexed,0.0,362879.0,145656.0,,2,0.0002079434393844874,2,0.00020844189682126107
effect_chain_order,Effect Chain Order,Indexed,0.0,362879.0,14619.0,,1,0.0001039717196922437,1,0.00010422094841063054
effect_chain_order,Effect Chain Order,Indexed,0.0,362879.0,14623.0,,1,0.0001039717196922437,1,0.00010422094841063054
effect_chain_order,Effect Chain Order,Indexed,0.0,362879.0,146684.0,,1,0.0001039717196922437,1,0.00010422094841063054
effect_chain_order,Effect Chain Order,Indexed,0.0,362879.0,14697.0,,3,0.00031191515907673113,3,0.0003126628452318916
effect_chain_order,Effect Chain Order,Indexed,0.0,362879.0,14698.0,,1,0.0001039717196922437,1,0.00010422094841063054
effect_chain_order,Effect Chain Order,Indexed,0.0,362879.0,147.0,,1,0.0001039717196922437,1,0.00010422094841063054
effect_chain_order,Effect Chain Order,Indexed,0.0,362879.0,147250.0,,1,0.0001039717196922437,1,0.00010422094841063054
effect_chain_order,Effect Chain Order,Indexed,0.0,362879.0,148.0,,2,0.0002079434393844874,2,0.00020844189682126107
effect_chain_order,Effect Chain Order,Indexed,0.0,362879.0,148176.0,,1,0.0001039717196922437,1,0.00010422094841063054
effect_chain_order,Effect Chain Order,Indexed,0.0,362879.0,148239.0,,1,0.0001039717196922437,1,0.00010422094841063054
effect_chain_order,Effect Chain Order,Indexed,0.0,362879.0,14839.0,,1,0.0001039717196922437,1,0.00010422094841063054
effect_chain_order,Effect Chain Order,Indexed,0.0,362879.0,1485.0,,1,0.0001039717196922437,1,0.00010422094841063054
effect_chain_order,Effect Chain Order,Indexed,0.0,362879.0,148680.0,,1,0.0001039717196922437,1,0.00010422094841063054
effect_chain_order,Effect Chain Order,Indexed,0.0,362879.0,148762.0,,1,0.0001039717196922437,1,0.00010422094841063054
effect_chain_order,Effect Chain Order,Indexed,0.0,362879.0,14914.0,,2,0.0002079434393844874,2,0.00020844189682126107
effect_chain_order,Effect Chain Order,Indexed,0.0,362879.0,149266.0,,2,0.0002079434393844874,2,0.00020844189682126107
effect_chain_order,Effect Chain Order,Indexed,0.0,362879.0,149688.0,,2,0.0002079434393844874,2,0.00020844189682126107
effect_chain_order,Effect Chain Order,Indexed,0.0,362879.0,149770.0,,1,0.0001039717196922437,1,0.00010422094841063054
effect_chain_order,Effect Chain Order,Indexed,0.0,362879.0,15006.0,,1,0.0001039717196922437,1,0.00010422094841063054
effect_chain_order,Effect Chain Order,Indexed,0.0,362879.0,15023.0,,1,0.0001039717196922437,1,0.00010422094841063054
effect_chain_order,Effect Chain Order,Indexed,0.0,362879.0,15039.0,,1,0.0001039717196922437,1,0.00010422094841063054
effect_chain_order,Effect Chain Order,Indexed,0.0,362879.0,150418.0,,1,0.0001039717196922437,1,0.00010422094841063054
effect_chain_order,Effect Chain Order,Indexed,0.0,362879.0,150435.0,,1,0.0001039717196922437,1,0.00010422094841063054
effect_chain_order,Effect Chain Order,Indexed,0.0,362879.0,150480.0,,1,0.0001039717196922437,1,0.00010422094841063054
effect_chain_order,Effect Chain Order,Indexed,0.0,362879.0,150778.0,,1,0.0001039717196922437,1,0.00010422094841063054
effect_chain_order,Effect Chain Order,Indexed,0.0,362879.0,1512.0,,36,0.0037429819089207735,36,0.0037519541427826993
effect_chain_order,Effect Chain Order,Indexed,0.0,362879.0,15120.0,,127,0.013204408400914951,126,0.013131839499739447
effect_chain_order,Effect Chain Order,Indexed,0.0,362879.0,151200.0,,5,0.0005198585984612185,5,0.0005211047420531526
effect_chain_order,Effect Chain Order,Indexed,0.0,362879.0,151227.0,,1,0.0001039717196922437,1,0.00010422094841063054
effect_chain_order,Effect Chain Order,Indexed,0.0,362879.0,15123.0,,4,0.0004158868787689748,4,0.00041688379364252214
effect_chain_order,Effect Chain Order,Indexed,0.0,362879.0,15124.0,,2,0.0002079434393844874,2,0.00020844189682126107
effect_chain_order,Effect Chain Order,Indexed,0.0,362879.0,15126.0,,4,0.0004158868787689748,4,0.00041688379364252214
effect_chain_order,Effect Chain Order,Indexed,0.0,362879.0,15127.0,,2,0.0002079434393844874,2,0.00020844189682126107
effect_chain_order,Effect Chain Order,Indexed,0.0,362879.0,151344.0,,1,0.0001039717196922437,1,0.00010422094841063054
effect_chain_order,Effect Chain Order,Indexed,0.0,362879.0,15139.0,,2,0.0002079434393844874,2,0.00020844189682126107
effect_chain_order,Effect Chain Order,Indexed,0.0,362879.0,15147.0,,1,0.0001039717196922437,1,0.00010422094841063054
effect_chain_order,Effect Chain Order,Indexed,0.0,362879.0,1515.0,,1,0.0001039717196922437,1,0.00010422094841063054
effect_chain_order,Effect Chain Order,Indexed,0.0,362879.0,15151.0,,1,0.0001039717196922437,1,0.00010422094841063054
effect_chain_order,Effect Chain Order,Indexed,0.0,362879.0,15156.0,,2,0.0002079434393844874,2,0.00020844189682126107
effect_chain_order,Effect Chain Order,Indexed,0.0,362879.0,1516.0,,1,0.0001039717196922437,1,0.00010422094841063054
effect_chain_order,Effect Chain Order,Indexed,0.0,362879.0,15165.0,,3,0.00031191515907673113,3,0.0003126628452318916
effect_chain_order,Effect Chain Order,Indexed,0.0,362879.0,15168.0,,1,0.0001039717196922437,1,0.00010422094841063054
effect_chain_order,Effect Chain Order,Indexed,0.0,362879.0,15174.0,,1,0.0001039717196922437,1,0.00010422094841063054
effect_chain_order,Effect Chain Order,Indexed,0.0,362879.0,15178.0,,1,0.0001039717196922437,1,0.00010422094841063054
effect_chain_order,Effect Chain Order,Indexed,0.0,362879.0,15179.0,,1,0.0001039717196922437,1,0.00010422094841063054
effect_chain_order,Effect Chain Order,Indexed,0.0,362879.0,151858.0,,1,0.0001039717196922437,1,0.00010422094841063054
effect_chain_order,Effect Chain Order,Indexed,0.0,362879.0,15192.0,,1,0.0001039717196922437,1,0.00010422094841063054
effect_chain_order,Effect Chain Order,Indexed,0.0,362879.0,15202.0,,9,0.0009357454772301934,9,0.0009379885356956748
effect_chain_order,Effect Chain Order,Indexed,0.0,362879.0,152087.0,,1,0.0001039717196922437,1,0.00010422094841063054
effect_chain_order,Effect Chain Order,Indexed,0.0,362879.0,152146.0,,4,0.0004158868787689748,4,0.00041688379364252214
effect_chain_order,Effect Chain Order,Indexed,0.0,362879.0,1522.0,,7,0.000727802037845706,7,0.0007295466388744137
effect_chain_order,Effect Chain Order,Indexed,0.0,362879.0,15229.0,,1,0.0001039717196922437,1,0.00010422094841063054
effect_chain_order,Effect Chain Order,Indexed,0.0,362879.0,152496.0,,1,0.0001039717196922437,1,0.00010422094841063054
effect_chain_order,Effect Chain Order,Indexed,0.0,362879.0,152506.0,,1,0.0001039717196922437,1,0.00010422094841063054
effect_chain_order,Effect Chain Order,Indexed,0.0,362879.0,152650.0,,2,0.0002079434393844874,2,0.00020844189682126107
effect_chain_order,Effect Chain Order,Indexed,0.0,362879.0,152794.0,,1,0.0001039717196922437,1,0.00010422094841063054
effect_chain_order,Effect Chain Order,Indexed,0.0,362879.0,152875.0,,1,0.0001039717196922437,1,0.00010422094841063054
effect_chain_order,Effect Chain Order,Indexed,0.0,362879.0,15310.0,,1,0.0001039717196922437,1,0.00010422094841063054
effect_chain_order,Effect Chain Order,Indexed,0.0,362879.0,153298.0,,2,0.0002079434393844874,2,0.00020844189682126107
effect_chain_order,Effect Chain Order,Indexed,0.0,362879.0,15336.0,,1,0.0001039717196922437,1,0.00010422094841063054
effect_chain_order,Effect Chain Order,Indexed,0.0,362879.0,153379.0,,1,0.0001039717196922437,1,0.00010422094841063054
effect_chain_order,Effect Chain Order,Indexed,0.0,362879.0,1535.0,,2,0.0002079434393844874,2,0.00020844189682126107
effect_chain_order,Effect Chain Order,Indexed,0.0,362879.0,153720.0,,1,0.0001039717196922437,1,0.00010422094841063054
effect_chain_order,Effect Chain Order,Indexed,0.0,362879.0,15376.0,,1,0.0001039717196922437,1,0.00010422094841063054
effect_chain_order,Effect Chain Order,Indexed,0.0,362879.0,153767.0,,1,0.0001039717196922437,1,0.00010422094841063054
effect_chain_order,Effect Chain Order,Indexed,0.0,362879.0,153802.0,,2,0.0002079434393844874,2,0.00020844189682126107
effect_chain_order,Effect Chain Order,Indexed,0.0,362879.0,153816.0,,1,0.0001039717196922437,1,0.00010422094841063054
effect_chain_order,Effect Chain Order,Indexed,0.0,362879.0,153955.0,,1,0.0001039717196922437,1,0.00010422094841063054
effect_chain_order,Effect Chain Order,Indexed,0.0,362879.0,154.0,,2,0.0002079434393844874,2,0.00020844189682126107
effect_chain_order,Effect Chain Order,Indexed,0.0,362879.0,154224.0,,1,0.0001039717196922437,1,0.00010422094841063054
effect_chain_order,Effect Chain Order,Indexed,0.0,362879.0,154269.0,,1,0.0001039717196922437,1,0.00010422094841063054
effect_chain_order,Effect Chain Order,Indexed,0.0,362879.0,15428.0,,1,0.0001039717196922437,1,0.00010422094841063054
effect_chain_order,Effect Chain Order,Indexed,0.0,362879.0,15442.0,,1,0.0001039717196922437,1,0.00010422094841063054
effect_chain_order,Effect Chain Order,Indexed,0.0,362879.0,15453.0,,1,0.0001039717196922437,1,0.00010422094841063054
effect_chain_order,Effect Chain Order,Indexed,0.0,362879.0,154532.0,,1,0.0001039717196922437,1,0.00010422094841063054
effect_chain_order,Effect Chain Order,Indexed,0.0,362879.0,154656.0,,3,0.00031191515907673113,3,0.0003126628452318916
effect_chain_order,Effect Chain Order,Indexed,0.0,362879.0,154808.0,,1,0.0001039717196922437,1,0.00010422094841063054
effect_chain_order,Effect Chain Order,Indexed,0.0,362879.0,154810.0,,11,0.0011436889166146808,11,0.0011464304325169358
effect_chain_order,Effect Chain Order,Indexed,0.0,362879.0,15489.0,,1,0.0001039717196922437,1,0.00010422094841063054
effect_chain_order,Effect Chain Order,Indexed,0.0,362879.0,15493.0,,1,0.0001039717196922437,1,0.00010422094841063054
effect_chain_order,Effect Chain Order,Indexed,0.0,362879.0,155017.0,,1,0.0001039717196922437,1,0.00010422094841063054
effect_chain_order,Effect Chain Order,Indexed,0.0,362879.0,155025.0,,2,0.0002079434393844874,2,0.00020844189682126107
effect_chain_order,Effect Chain Order,Indexed,0.0,362879.0,1552.0,,1,0.0001039717196922437,1,0.00010422094841063054
effect_chain_order,Effect Chain Order,Indexed,0.0,362879.0,15525.0,,1,0.0001039717196922437,1,0.00010422094841063054
effect_chain_order,Effect Chain Order,Indexed,0.0,362879.0,155251.0,,1,0.0001039717196922437,1,0.00010422094841063054
effect_chain_order,Effect Chain Order,Indexed,0.0,362879.0,155396.0,,1,0.0001039717196922437,1,0.00010422094841063054
effect_chain_order,Effect Chain Order,Indexed,0.0,362879.0,1554.0,,1,0.0001039717196922437,1,0.00010422094841063054
effect_chain_order,Effect Chain Order,Indexed,0.0,362879.0,155602.0,,1,0.0001039717196922437,1,0.00010422094841063054
effect_chain_order,Effect Chain Order,Indexed,0.0,362879.0,1557.0,,1,0.0001039717196922437,1,0.00010422094841063054
effect_chain_order,Effect Chain Order,Indexed,0.0,362879.0,155736.0,,3,0.00031191515907673113,3,0.0003126628452318916
effect_chain_order,Effect Chain Order,Indexed,0.0,362879.0,155746.0,,1,0.0001039717196922437,1,0.00010422094841063054
effect_chain_order,Effect Chain Order,Indexed,0.0,362879.0,155818.0,,3,0.00031191515907673113,3,0.0003126628452318916
effect_chain_order,Effect Chain Order,Indexed,0.0,362879.0,155890.0,,1,0.0001039717196922437,1,0.00010422094841063054
effect_chain_order,Effect Chain Order,Indexed,0.0,362879.0,156102.0,,2,0.0002079434393844874,2,0.00020844189682126107
effect_chain_order,Effect Chain Order,Indexed,0.0,362879.0,15624.0,,2,0.0002079434393844874,2,0.00020844189682126107
effect_chain_order,Effect Chain Order,Indexed,0.0,362879.0,156240.0,,2,0.0002079434393844874,2,0.00020844189682126107
effect_chain_order,Effect Chain Order,Indexed,0.0,362879.0,15634.0,,1,0.0001039717196922437,1,0.00010422094841063054
effect_chain_order,Effect Chain Order,Indexed,0.0,362879.0,156529.0,,1,0.0001039717196922437,1,0.00010422094841063054
effect_chain_order,Effect Chain Order,Indexed,0.0,362879.0,156826.0,,1,0.0001039717196922437,1,0.00010422094841063054
effect_chain_order,Effect Chain Order,Indexed,0.0,362879.0,156908.0,,1,0.0001039717196922437,1,0.00010422094841063054
effect_chain_order,Effect Chain Order,Indexed,0.0,362879.0,15696.0,,2,0.0002079434393844874,2,0.00020844189682126107
effect_chain_order,Effect Chain Order,Indexed,0.0,362879.0,157041.0,,1,0.0001039717196922437,1,0.00010422094841063054
effect_chain_order,Effect Chain Order,Indexed,0.0,362879.0,15705.0,,3,0.00031191515907673113,3,0.0003126628452318916
effect_chain_order,Effect Chain Order,Indexed,0.0,362879.0,15706.0,,13,0.0013516323559991683,13,0.001354872329338197
effect_chain_order,Effect Chain Order,Indexed,0.0,362879.0,157248.0,,10,0.001039717196922437,10,0.0010422094841063053
effect_chain_order,Effect Chain Order,Indexed,0.0,362879.0,157320.0,,1,0.0001039717196922437,1,0.00010422094841063054
effect_chain_order,Effect Chain Order,Indexed,0.0,362879.0,15733.0,,1,0.0001039717196922437,1,0.00010422094841063054
effect_chain_order,Effect Chain Order,Indexed,0.0,362879.0,157338.0,,1,0.0001039717196922437,1,0.00010422094841063054
effect_chain_order,Effect Chain Order,Indexed,0.0,362879.0,157402.0,,3,0.00031191515907673113,3,0.0003126628452318916
effect_chain_order,Effect Chain Order,Indexed,0.0,362879.0,157412.0,,2,0.0002079434393844874,2,0.00020844189682126107
effect_chain_order,Effect Chain Order,Indexed,0.0,362879.0,157533.0,,1,0.0001039717196922437,1,0.00010422094841063054
effect_chain_order,Effect Chain Order,Indexed,0.0,362879.0,157545.0,,1,0.0001039717196922437,1,0.00010422094841063054
effect_chain_order,Effect Chain Order,Indexed,0.0,362879.0,15757.0,,1,0.0001039717196922437,1,0.00010422094841063054
effect_chain_order,Effect Chain Order,Indexed,0.0,362879.0,157752.0,,6,0.0006238303181534623,6,0.0006253256904637832
effect_chain_order,Effect Chain Order,Indexed,0.0,362879.0,157755.0,,1,0.0001039717196922437,1,0.00010422094841063054
effect_chain_order,Effect Chain Order,Indexed,0.0,362879.0,15778.0,,1,0.0001039717196922437,1,0.00010422094841063054
effect_chain_order,Effect Chain Order,Indexed,0.0,362879.0,15782.0,,2,0.0002079434393844874,2,0.00020844189682126107
effect_chain_order,Effect Chain Order,Indexed,0.0,362879.0,157824.0,,1,0.0001039717196922437,1,0.00010422094841063054
effect_chain_order,Effect Chain Order,Indexed,0.0,362879.0,157827.0,,1,0.0001039717196922437,1,0.00010422094841063054
effect_chain_order,Effect Chain Order,Indexed,0.0,362879.0,157833.0,,4,0.0004158868787689748,4,0.00041688379364252214
effect_chain_order,Effect Chain Order,Indexed,0.0,362879.0,157834.0,,13,0.0013516323559991683,12,0.0012506513809275664
effect_chain_order,Effect Chain Order,Indexed,0.0,362879.0,15787.0,,3,0.00031191515907673113,3,0.0003126628452318916
effect_chain_order,Effect Chain Order,Indexed,0.0,362879.0,15807.0,,5,0.0005198585984612185,5,0.0005211047420531526
effect_chain_order,Effect Chain Order,Indexed,0.0,362879.0,15813.0,,1,0.0001039717196922437,1,0.00010422094841063054
effect_chain_order,Effect Chain Order,Indexed,0.0,362879.0,158256.0,,1,0.0001039717196922437,1,0.00010422094841063054
effect_chain_order,Effect Chain Order,Indexed,0.0,362879.0,158288.0,,1,0.0001039717196922437,1,0.00010422094841063054
effect_chain_order,Effect Chain Order,Indexed,0.0,362879.0,158289.0,,1,0.0001039717196922437,1,0.00010422094841063054
effect_chain_order,Effect Chain Order,Indexed,0.0,362879.0,158338.0,,10,0.001039717196922437,10,0.0010422094841063053
effect_chain_order,Effect Chain Order,Indexed,0.0,362879.0,1584.0,,3,0.00031191515907673113,3,0.0003126628452318916
effect_chain_order,Effect Chain Order,Indexed,0.0,362879.0,158408.0,,1,0.0001039717196922437,1,0.00010422094841063054
effect_chain_order,Effect Chain Order,Indexed,0.0,362879.0,158409.0,,2,0.0002079434393844874,2,0.00020844189682126107
effect_chain_order,Effect Chain Order,Indexed,0.0,362879.0,158410.0,,3,0.00031191515907673113,3,0.0003126628452318916
effect_chain_order,Effect Chain Order,Indexed,0.0,362879.0,158418.0,,1,0.0001039717196922437,1,0.00010422094841063054
effect_chain_order,Effect Chain Order,Indexed,0.0,362879.0,158419.0,,1,0.0001039717196922437,1,0.00010422094841063054
effect_chain_order,Effect Chain Order,Indexed,0.0,362879.0,158482.0,,1,0.0001039717196922437,1,0.00010422094841063054
effect_chain_order,Effect Chain Order,Indexed,0.0,362879.0,158490.0,,1,0.0001039717196922437,1,0.00010422094841063054
effect_chain_order,Effect Chain Order,Indexed,0.0,362879.0,15850.0,,1,0.0001039717196922437,1,0.00010422094841063054
effect_chain_order,Effect Chain Order,Indexed,0.0,362879.0,158547.0,,1,0.0001039717196922437,1,0.00010422094841063054
effect_chain_order,Effect Chain Order,Indexed,0.0,362879.0,15861.0,,1,0.0001039717196922437,1,0.00010422094841063054
effect_chain_order,Effect Chain Order,Indexed,0.0,362879.0,158788.0,,1,0.0001039717196922437,1,0.00010422094841063054
effect_chain_order,Effect Chain Order,Indexed,0.0,362879.0,158994.0,,1,0.0001039717196922437,1,0.00010422094841063054
effect_chain_order,Effect Chain Order,Indexed,0.0,362879.0,159075.0,,1,0.0001039717196922437,1,0.00010422094841063054
effect_chain_order,Effect Chain Order,Indexed,0.0,362879.0,159129.0,,1,0.0001039717196922437,1,0.00010422094841063054
effect_chain_order,Effect Chain Order,Indexed,0.0,362879.0,15915.0,,1,0.0001039717196922437,1,0.00010422094841063054
effect_chain_order,Effect Chain Order,Indexed,0.0,362879.0,159264.0,,1,0.0001039717196922437,1,0.00010422094841063054
effect_chain_order,Effect Chain Order,Indexed,0.0,362879.0,159290.0,,1,0.0001039717196922437,1,0.00010422094841063054
effect_chain_order,Effect Chain Order,Indexed,0.0,362879.0,15932.0,,1,0.0001039717196922437,1,0.00010422094841063054
effect_chain_order,Effect Chain Order,Indexed,0.0,362879.0,159346.0,,1,0.0001039717196922437,1,0.00010422094841063054
effect_chain_order,Effect Chain Order,Indexed,0.0,362879.0,1594.0,,16,0.0016635475150758993,16,0.0016675351745700886
effect_chain_order,Effect Chain Order,Indexed,0.0,362879.0,160272.0,,1,0.0001039717196922437,1,0.00010422094841063054
effect_chain_order,Effect Chain Order,Indexed,0.0,362879.0,160535.0,,1,0.0001039717196922437,1,0.00010422094841063054
effect_chain_order,Effect Chain Order,Indexed,0.0,362879.0,161002.0,,2,0.0002079434393844874,2,0.00020844189682126107
effect_chain_order,Effect Chain Order,Indexed,0.0,362879.0,16128.0,,1,0.0001039717196922437,1,0.00010422094841063054
effect_chain_order,Effect Chain Order,Indexed,0.0,362879.0,16138.0,,1,0.0001039717196922437,1,0.00010422094841063054
effect_chain_order,Effect Chain Order,Indexed,0.0,362879.0,161469.0,,1,0.0001039717196922437,1,0.00010422094841063054
effect_chain_order,Effect Chain Order,Indexed,0.0,362879.0,161760.0,,1,0.0001039717196922437,1,0.00010422094841063054
effect_chain_order,Effect Chain Order,Indexed,0.0,362879.0,161928.0,,1,0.0001039717196922437,1,0.00010422094841063054
effect_chain_order,Effect Chain Order,Indexed,0.0,362879.0,162.0,,2,0.0002079434393844874,2,0.00020844189682126107
effect_chain_order,Effect Chain Order,Indexed,0.0,362879.0,16209.0,,1,0.0001039717196922437,1,0.00010422094841063054
effect_chain_order,Effect Chain Order,Indexed,0.0,362879.0,16210.0,,17,0.001767519234768143,16,0.0016675351745700886
effect_chain_order,Effect Chain Order,Indexed,0.0,362879.0,16282.0,,2,0.0002079434393844874,2,0.00020844189682126107
effect_chain_order,Effect Chain Order,Indexed,0.0,362879.0,16292.0,,1,0.0001039717196922437,1,0.00010422094841063054
effect_chain_order,Effect Chain Order,Indexed,0.0,362879.0,163.0,,2,0.0002079434393844874,2,0.00020844189682126107
effect_chain_order,Effect Chain Order,Indexed,0.0,362879.0,163594.0,,1,0.0001039717196922437,1,0.00010422094841063054
effect_chain_order,Effect Chain Order,Indexed,0.0,362879.0,164.0,,1,0.0001039717196922437,1,0.00010422094841063054
effect_chain_order,Effect Chain Order,Indexed,0.0,362879.0,16416.0,,1,0.0001039717196922437,1,0.00010422094841063054
effect_chain_order,Effect Chain Order,Indexed,0.0,362879.0,164493.0,,1,0.0001039717196922437,1,0.00010422094841063054
effect_chain_order,Effect Chain Order,Indexed,0.0,362879.0,164817.0,,1,0.0001039717196922437,1,0.00010422094841063054
effect_chain_order,Effect Chain Order,Indexed,0.0,362879.0,164889.0,,1,0.0001039717196922437,1,0.00010422094841063054
effect_chain_order,Effect Chain Order,Indexed,0.0,362879.0,164890.0,,1,0.0001039717196922437,1,0.00010422094841063054
effect_chain_order,Effect Chain Order,Indexed,0.0,362879.0,164961.0,,1,0.0001039717196922437,1,0.00010422094841063054
effect_chain_order,Effect Chain Order,Indexed,0.0,362879.0,165.0,,1,0.0001039717196922437,1,0.00010422094841063054
effect_chain_order,Effect Chain Order,Indexed,0.0,362879.0,165394.0,,1,0.0001039717196922437,1,0.00010422094841063054
effect_chain_order,Effect Chain Order,Indexed,0.0,362879.0,166107.0,,1,0.0001039717196922437,1,0.00010422094841063054
effect_chain_order,Effect Chain Order,Indexed,0.0,362879.0,16632.0,,10,0.001039717196922437,10,0.0010422094841063053
effect_chain_order,Effect Chain Order,Indexed,0.0,362879.0,166320.0,,6,0.0006238303181534623,6,0.0006253256904637832
effect_chain_order,Effect Chain Order,Indexed,0.0,362879.0,166402.0,,3,0.00031191515907673113,3,0.0003126628452318916
effect_chain_order,Effect Chain Order,Indexed,0.0,362879.0,16641.0,,1,0.0001039717196922437,1,0.00010422094841063054
effect_chain_order,Effect Chain Order,Indexed,0.0,362879.0,16652.0,,1,0.0001039717196922437,1,0.00010422094841063054
effect_chain_order,Effect Chain Order,Indexed,0.0,362879.0,1666.0,,4,0.0004158868787689748,4,0.00041688379364252214
effect_chain_order,Effect Chain Order,Indexed,0.0,362879.0,166627.0,,1,0.0001039717196922437,1,0.00010422094841063054
effect_chain_order,Effect Chain Order,Indexed,0.0,362879.0,16713.0,,1,0.0001039717196922437,1,0.00010422094841063054
effect_chain_order,Effect Chain Order,Indexed,0.0,362879.0,16714.0,,3,0.00031191515907673113,3,0.0003126628452318916
effect_chain_order,Effect Chain Order,Indexed,0.0,362879.0,1675.0,,3,0.00031191515907673113,3,0.0003126628452318916
effect_chain_order,Effect Chain Order,Indexed,0.0,362879.0,167775.0,,1,0.0001039717196922437,1,0.00010422094841063054
effect_chain_order,Effect Chain Order,Indexed,0.0,362879.0,167832.0,,1,0.0001039717196922437,1,0.00010422094841063054
effect_chain_order,Effect Chain Order,Indexed,0.0,362879.0,167851.0,,1,0.0001039717196922437,1,0.00010422094841063054
effect_chain_order,Effect Chain Order,Indexed,0.0,362879.0,167914.0,,1,0.0001039717196922437,1,0.00010422094841063054
effect_chain_order,Effect Chain Order,Indexed,0.0,362879.0,16795.0,,2,0.0002079434393844874,2,0.00020844189682126107
effect_chain_order,Effect Chain Order,Indexed,0.0,362879.0,168058.0,,2,0.0002079434393844874,2,0.00020844189682126107
effect_chain_order,Effect Chain Order,Indexed,0.0,362879.0,168066.0,,1,0.0001039717196922437,1,0.00010422094841063054
effect_chain_order,Effect Chain Order,Indexed,0.0,362879.0,168400.0,,1,0.0001039717196922437,1,0.00010422094841063054
effect_chain_order,Effect Chain Order,Indexed,0.0,362879.0,16858.0,,2,0.0002079434393844874,2,0.00020844189682126107
effect_chain_order,Effect Chain Order,Indexed,0.0,362879.0,169219.0,,1,0.0001039717196922437,1,0.00010422094841063054
effect_chain_order,Effect Chain Order,Indexed,0.0,362879.0,169389.0,,1,0.0001039717196922437,1,0.00010422094841063054
effect_chain_order,Effect Chain Order,Indexed,0.0,362879.0,169642.0,,1,0.0001039717196922437,1,0.00010422094841063054
effect_chain_order,Effect Chain Order,Indexed,0.0,362879.0,169652.0,,1,0.0001039717196922437,1,0.00010422094841063054
effect_chain_order,Effect Chain Order,Indexed,0.0,362879.0,169930.0,,5,0.0005198585984612185,5,0.0005211047420531526
effect_chain_order,Effect Chain Order,Indexed,0.0,362879.0,169936.0,,1,0.0001039717196922437,1,0.00010422094841063054
effect_chain_order,Effect Chain Order,Indexed,0.0,362879.0,169940.0,,1,0.0001039717196922437,1,0.00010422094841063054
effect_chain_order,Effect Chain Order,Indexed,0.0,362879.0,170339.0,,1,0.0001039717196922437,1,0.00010422094841063054
effect_chain_order,Effect Chain Order,Indexed,0.0,362879.0,170352.0,,1,0.0001039717196922437,1,0.00010422094841063054
effect_chain_order,Effect Chain Order,Indexed,0.0,362879.0,170433.0,,1,0.0001039717196922437,1,0.00010422094841063054
effect_chain_order,Effect Chain Order,Indexed,0.0,362879.0,170858.0,,1,0.0001039717196922437,1,0.00010422094841063054
effect_chain_order,Effect Chain Order,Indexed,0.0,362879.0,171.0,,2,0.0002079434393844874,2,0.00020844189682126107
effect_chain_order,Effect Chain Order,Indexed,0.0,362879.0,171009.0,,1,0.0001039717196922437,1,0.00010422094841063054
effect_chain_order,Effect Chain Order,Indexed,0.0,362879.0,17136.0,,5,0.0005198585984612185,5,0.0005211047420531526
effect_chain_order,Effect Chain Order,Indexed,0.0,362879.0,17138.0,,1,0.0001039717196922437,1,0.00010422094841063054
effect_chain_order,Effect Chain Order,Indexed,0.0,362879.0,171596.0,,1,0.0001039717196922437,1,0.00010422094841063054
effect_chain_order,Effect Chain Order,Indexed,0.0,362879.0,171946.0,,1,0.0001039717196922437,1,0.00010422094841063054
effect_chain_order,Effect Chain Order,Indexed,0.0,362879.0,17218.0,,1,0.0001039717196922437,1,0.00010422094841063054
effect_chain_order,Effect Chain Order,Indexed,0.0,362879.0,172368.0,,13,0.0013516323559991683,13,0.001354872329338197
effect_chain_order,Effect Chain Order,Indexed,0.0,362879.0,172450.0,,1,0.0001039717196922437,1,0.00010422094841063054
effect_chain_order,Effect Chain Order,Indexed,0.0,362879.0,172613.0,,1,0.0001039717196922437,1,0.00010422094841063054
effect_chain_order,Effect Chain Order,Indexed,0.0,362879.0,172775.0,,2,0.0002079434393844874,2,0.00020844189682126107
effect_chain_order,Effect Chain Order,Indexed,0.0,362879.0,1728.0,,1,0.0001039717196922437,1,0.00010422094841063054
effect_chain_order,Effect Chain Order,Indexed,0.0,362879.0,172872.0,,1,0.0001039717196922437,1,0.00010422094841063054
effect_chain_order,Effect Chain Order,Indexed,0.0,362879.0,172954.0,,3,0.00031191515907673113,3,0.0003126628452318916
effect_chain_order,Effect Chain Order,Indexed,0.0,362879.0,173458.0,,3,0.00031191515907673113,3,0.0003126628452318916
effect_chain_order,Effect Chain Order,Indexed,0.0,362879.0,1738.0,,2,0.0002079434393844874,2,0.00020844189682126107
effect_chain_order,Effect Chain Order,Indexed,0.0,362879.0,173880.0,,1,0.0001039717196922437,1,0.00010422094841063054
effect_chain_order,Effect Chain Order,Indexed,0.0,362879.0,1739.0,,1,0.0001039717196922437,1,0.00010422094841063054
effect_chain_order,Effect Chain Order,Indexed,0.0,362879.0,174546.0,,1,0.0001039717196922437,1,0.00010422094841063054
effect_chain_order,Effect Chain Order,Indexed,0.0,362879.0,174645.0,,1,0.0001039717196922437,1,0.00010422094841063054
effect_chain_order,Effect Chain Order,Indexed,0.0,362879.0,174674.0,,1,0.0001039717196922437,1,0.00010422094841063054
effect_chain_order,Effect Chain Order,Indexed,0.0,362879.0,17523.0,,1,0.0001039717196922437,1,0.00010422094841063054
effect_chain_order,Effect Chain Order,Indexed,0.0,362879.0,175392.0,,2,0.0002079434393844874,2,0.00020844189682126107
effect_chain_order,Effect Chain Order,Indexed,0.0,362879.0,175834.0,,1,0.0001039717196922437,1,0.00010422094841063054
effect_chain_order,Effect Chain Order,Indexed,0.0,362879.0,175977.0,,1,0.0001039717196922437,1,0.00010422094841063054
effect_chain_order,Effect Chain Order,Indexed,0.0,362879.0,175978.0,,1,0.0001039717196922437,1,0.00010422094841063054
effect_chain_order,Effect Chain Order,Indexed,0.0,362879.0,176400.0,,1,0.0001039717196922437,1,0.00010422094841063054
effect_chain_order,Effect Chain Order,Indexed,0.0,362879.0,176446.0,,1,0.0001039717196922437,1,0.00010422094841063054
effect_chain_order,Effect Chain Order,Indexed,0.0,362879.0,176481.0,,1,0.0001039717196922437,1,0.00010422094841063054
effect_chain_order,Effect Chain Order,Indexed,0.0,362879.0,176688.0,,1,0.0001039717196922437,1,0.00010422094841063054
effect_chain_order,Effect Chain Order,Indexed,0.0,362879.0,176691.0,,1,0.0001039717196922437,1,0.00010422094841063054
effect_chain_order,Effect Chain Order,Indexed,0.0,362879.0,17685.0,,1,0.0001039717196922437,1,0.00010422094841063054
effect_chain_order,Effect Chain Order,Indexed,0.0,362879.0,176872.0,,2,0.0002079434393844874,2,0.00020844189682126107
effect_chain_order,Effect Chain Order,Indexed,0.0,362879.0,177057.0,,1,0.0001039717196922437,1,0.00010422094841063054
effect_chain_order,Effect Chain Order,Indexed,0.0,362879.0,177058.0,,1,0.0001039717196922437,1,0.00010422094841063054
effect_chain_order,Effect Chain Order,Indexed,0.0,362879.0,177150.0,,1,0.0001039717196922437,1,0.00010422094841063054
effect_chain_order,Effect Chain Order,Indexed,0.0,362879.0,17727.0,,3,0.00031191515907673113,3,0.0003126628452318916
effect_chain_order,Effect Chain Order,Indexed,0.0,362879.0,177570.0,,1,0.0001039717196922437,1,0.00010422094841063054
effect_chain_order,Effect Chain Order,Indexed,0.0,362879.0,17758.0,,1,0.0001039717196922437,1,0.00010422094841063054
effect_chain_order,Effect Chain Order,Indexed,0.0,362879.0,177743.0,,1,0.0001039717196922437,1,0.00010422094841063054
effect_chain_order,Effect Chain Order,Indexed,0.0,362879.0,177795.0,,2,0.0002079434393844874,2,0.00020844189682126107
effect_chain_order,Effect Chain Order,Indexed,0.0,362879.0,177874.0,,1,0.0001039717196922437,1,0.00010422094841063054
effect_chain_order,Effect Chain Order,Indexed,0.0,362879.0,1782.0,,1,0.0001039717196922437,1,0.00010422094841063054
effect_chain_order,Effect Chain Order,Indexed,0.0,362879.0,179001.0,,1,0.0001039717196922437,1,0.00010422094841063054
effect_chain_order,Effect Chain Order,Indexed,0.0,362879.0,17938.0,,2,0.0002079434393844874,2,0.00020844189682126107
effect_chain_order,Effect Chain Order,Indexed,0.0,362879.0,17940.0,,1,0.0001039717196922437,1,0.00010422094841063054
effect_chain_order,Effect Chain Order,Indexed,0.0,362879.0,179506.0,,1,0.0001039717196922437,1,0.00010422094841063054
effect_chain_order,Effect Chain Order,Indexed,0.0,362879.0,18.0,,6,0.0006238303181534623,6,0.0006253256904637832
effect_chain_order,Effect Chain Order,Indexed,0.0,362879.0,1800.0,,1,0.0001039717196922437,1,0.00010422094841063054
effect_chain_order,Effect Chain Order,Indexed,0.0,362879.0,180092.0,,1,0.0001039717196922437,1,0.00010422094841063054
effect_chain_order,Effect Chain Order,Indexed,0.0,362879.0,180164.0,,1,0.0001039717196922437,1,0.00010422094841063054
effect_chain_order,Effect Chain Order,Indexed,0.0,362879.0,180387.0,,1,0.0001039717196922437,1,0.00010422094841063054
effect_chain_order,Effect Chain Order,Indexed,0.0,362879.0,180730.0,,2,0.0002079434393844874,2,0.00020844189682126107
effect_chain_order,Effect Chain Order,Indexed,0.0,362879.0,1810.0,,2,0.0002079434393844874,2,0.00020844189682126107
effect_chain_order,Effect Chain Order,Indexed,0.0,362879.0,181089.0,,1,0.0001039717196922437,1,0.00010422094841063054
effect_chain_order,Effect Chain Order,Indexed,0.0,362879.0,181242.0,,1,0.0001039717196922437,1,0.00010422094841063054
effect_chain_order,Effect Chain Order,Indexed,0.0,362879.0,18144.0,,36,0.0037429819089207735,36,0.0037519541427826993
effect_chain_order,Effect Chain Order,Indexed,0.0,362879.0,181440.0,,72,0.007485963817841547,72,0.007503908285565399
effect_chain_order,Effect Chain Order,Indexed,0.0,362879.0,181442.0,,1,0.0001039717196922437,1,0.00010422094841063054
effect_chain_order,Effect Chain Order,Indexed,0.0,362879.0,181444.0,,5,0.0005198585984612185,5,0.0005211047420531526
effect_chain_order,Effect Chain Order,Indexed,0.0,362879.0,181446.0,,1,0.0001039717196922437,1,0.00010422094841063054
effect_chain_order,Effect Chain Order,Indexed,0.0,362879.0,181447.0,,1,0.0001039717196922437,1,0.00010422094841063054
effect_chain_order,Effect Chain Order,Indexed,0.0,362879.0,181448.0,,1,0.0001039717196922437,1,0.00010422094841063054
effect_chain_order,Effect Chain Order,Indexed,0.0,362879.0,181449.0,,1,0.0001039717196922437,1,0.00010422094841063054
effect_chain_order,Effect Chain Order,Indexed,0.0,362879.0,181450.0,,1,0.0001039717196922437,1,0.00010422094841063054
effect_chain_order,Effect Chain Order,Indexed,0.0,362879.0,181453.0,,1,0.0001039717196922437,1,0.00010422094841063054
effect_chain_order,Effect Chain Order,Indexed,0.0,362879.0,181467.0,,1,0.0001039717196922437,1,0.00010422094841063054
effect_chain_order,Effect Chain Order,Indexed,0.0,362879.0,18147.0,,2,0.0002079434393844874,2,0.00020844189682126107
effect_chain_order,Effect Chain Order,Indexed,0.0,362879.0,181470.0,,3,0.00031191515907673113,3,0.0003126628452318916
effect_chain_order,Effect Chain Order,Indexed,0.0,362879.0,18148.0,,1,0.0001039717196922437,1,0.00010422094841063054
effect_chain_order,Effect Chain Order,Indexed,0.0,362879.0,181485.0,,6,0.0006238303181534623,6,0.0006253256904637832
effect_chain_order,Effect Chain Order,Indexed,0.0,362879.0,18149.0,,2,0.0002079434393844874,2,0.00020844189682126107
effect_chain_order,Effect Chain Order,Indexed,0.0,362879.0,18150.0,,1,0.0001039717196922437,1,0.00010422094841063054
effect_chain_order,Effect Chain Order,Indexed,0.0,362879.0,181501.0,,1,0.0001039717196922437,1,0.00010422094841063054
effect_chain_order,Effect Chain Order,Indexed,0.0,362879.0,181502.0,,1,0.0001039717196922437,1,0.00010422094841063054
effect_chain_order,Effect Chain Order,Indexed,0.0,362879.0,181503.0,,1,0.0001039717196922437,1,0.00010422094841063054
effect_chain_order,Effect Chain Order,Indexed,0.0,362879.0,18151.0,,1,0.0001039717196922437,1,0.00010422094841063054
effect_chain_order,Effect Chain Order,Indexed,0.0,362879.0,181522.0,,2,0.0002079434393844874,2,0.00020844189682126107
effect_chain_order,Effect Chain Order,Indexed,0.0,362879.0,181530.0,,3,0.00031191515907673113,3,0.0003126628452318916
effect_chain_order,Effect Chain Order,Indexed,0.0,362879.0,181532.0,,1,0.0001039717196922437,1,0.00010422094841063054
effect_chain_order,Effect Chain Order,Indexed,0.0,362879.0,181584.0,,1,0.0001039717196922437,1,0.00010422094841063054
effect_chain_order,Effect Chain Order,Indexed,0.0,362879.0,181587.0,,1,0.0001039717196922437,1,0.00010422094841063054
effect_chain_order,Effect Chain Order,Indexed,0.0,362879.0,181620.0,,1,0.0001039717196922437,1,0.00010422094841063054
effect_chain_order,Effect Chain Order,Indexed,0.0,362879.0,181663.0,,1,0.0001039717196922437,1,0.00010422094841063054
effect_chain_order,Effect Chain Order,Indexed,0.0,362879.0,181666.0,,1,0.0001039717196922437,1,0.00010422094841063054
effect_chain_order,Effect Chain Order,Indexed,0.0,362879.0,181676.0,,1,0.0001039717196922437,1,0.00010422094841063054
effect_chain_order,Effect Chain Order,Indexed,0.0,362879.0,181738.0,,2,0.0002079434393844874,2,0.00020844189682126107
effect_chain_order,Effect Chain Order,Indexed,0.0,362879.0,181827.0,,1,0.0001039717196922437,1,0.00010422094841063054
effect_chain_order,Effect Chain Order,Indexed,0.0,362879.0,181876.0,,1,0.0001039717196922437,1,0.00010422094841063054
effect_chain_order,Effect Chain Order,Indexed,0.0,362879.0,18189.0,,2,0.0002079434393844874,2,0.00020844189682126107
effect_chain_order,Effect Chain Order,Indexed,0.0,362879.0,181954.0,,1,0.0001039717196922437,1,0.00010422094841063054
effect_chain_order,Effect Chain Order,Indexed,0.0,362879.0,18198.0,,1,0.0001039717196922437,1,0.00010422094841063054
effect_chain_order,Effect Chain Order,Indexed,0.0,362879.0,182026.0,,3,0.00031191515907673113,3,0.0003126628452318916
effect_chain_order,Effect Chain Order,Indexed,0.0,362879.0,182031.0,,1,0.0001039717196922437,1,0.00010422094841063054
effect_chain_order,Effect Chain Order,Indexed,0.0,362879.0,182106.0,,1,0.0001039717196922437,1,0.00010422094841063054
effect_chain_order,Effect Chain Order,Indexed,0.0,362879.0,18216.0,,2,0.0002079434393844874,2,0.00020844189682126107
effect_chain_order,Effect Chain Order,Indexed,0.0,362879.0,182242.0,,1,0.0001039717196922437,1,0.00010422094841063054
effect_chain_order,Effect Chain Order,Indexed,0.0,362879.0,182250.0,,2,0.0002079434393844874,2,0.00020844189682126107
effect_chain_order,Effect Chain Order,Indexed,0.0,362879.0,18226.0,,1,0.0001039717196922437,1,0.00010422094841063054
effect_chain_order,Effect Chain Order,Indexed,0.0,362879.0,182494.0,,1,0.0001039717196922437,1,0.00010422094841063054
effect_chain_order,Effect Chain Order,Indexed,0.0,362879.0,182530.0,,1,0.0001039717196922437,1,0.00010422094841063054
effect_chain_order,Effect Chain Order,Indexed,0.0,362879.0,182952.0,,2,0.0002079434393844874,2,0.00020844189682126107
effect_chain_order,Effect Chain Order,Indexed,0.0,362879.0,182956.0,,1,0.0001039717196922437,1,0.00010422094841063054
effect_chain_order,Effect Chain Order,Indexed,0.0,362879.0,182962.0,,1,0.0001039717196922437,1,0.00010422094841063054
effect_chain_order,Effect Chain Order,Indexed,0.0,362879.0,182972.0,,1,0.0001039717196922437,1,0.00010422094841063054
effect_chain_order,Effect Chain Order,Indexed,0.0,362879.0,18298.0,,1,0.0001039717196922437,1,0.00010422094841063054
effect_chain_order,Effect Chain Order,Indexed,0.0,362879.0,183034.0,,3,0.00031191515907673113,3,0.0003126628452318916
effect_chain_order,Effect Chain Order,Indexed,0.0,362879.0,183250.0,,1,0.0001039717196922437,1,0.00010422094841063054
effect_chain_order,Effect Chain Order,Indexed,0.0,362879.0,183456.0,,1,0.0001039717196922437,1,0.00010422094841063054
effect_chain_order,Effect Chain Order,Indexed,0.0,362879.0,183501.0,,1,0.0001039717196922437,1,0.00010422094841063054
effect_chain_order,Effect Chain Order,Indexed,0.0,362879.0,183538.0,,1,0.0001039717196922437,1,0.00010422094841063054
effect_chain_order,Effect Chain Order,Indexed,0.0,362879.0,183754.0,,1,0.0001039717196922437,1,0.00010422094841063054
effect_chain_order,Effect Chain Order,Indexed,0.0,362879.0,183764.0,,1,0.0001039717196922437,1,0.00010422094841063054
effect_chain_order,Effect Chain Order,Indexed,0.0,362879.0,183846.0,,1,0.0001039717196922437,1,0.00010422094841063054
effect_chain_order,Effect Chain Order,Indexed,0.0,362879.0,183898.0,,1,0.0001039717196922437,1,0.00010422094841063054
effect_chain_order,Effect Chain Order,Indexed,0.0,362879.0,184258.0,,2,0.0002079434393844874,1,0.00010422094841063054
effect_chain_order,Effect Chain Order,Indexed,0.0,362879.0,18432.0,,1,0.0001039717196922437,1,0.00010422094841063054
effect_chain_order,Effect Chain Order,Indexed,0.0,362879.0,184358.0,,1,0.0001039717196922437,1,0.00010422094841063054
effect_chain_order,Effect Chain Order,Indexed,0.0,362879.0,184419.0,,1,0.0001039717196922437,1,0.00010422094841063054
effect_chain_order,Effect Chain Order,Indexed,0.0,362879.0,18442.0,,1,0.0001039717196922437,1,0.00010422094841063054
effect_chain_order,Effect Chain Order,Indexed,0.0,362879.0,184464.0,,4,0.0004158868787689748,4,0.00041688379364252214
effect_chain_order,Effect Chain Order,Indexed,0.0,362879.0,184482.0,,1,0.0001039717196922437,1,0.00010422094841063054
effect_chain_order,Effect Chain Order,Indexed,0.0,362879.0,184509.0,,2,0.0002079434393844874,2,0.00020844189682126107
effect_chain_order,Effect Chain Order,Indexed,0.0,362879.0,184581.0,,1,0.0001039717196922437,1,0.00010422094841063054
effect_chain_order,Effect Chain Order,Indexed,0.0,362879.0,184608.0,,1,0.0001039717196922437,1,0.00010422094841063054
effect_chain_order,Effect Chain Order,Indexed,0.0,362879.0,184968.0,,1,0.0001039717196922437,1,0.00010422094841063054
effect_chain_order,Effect Chain Order,Indexed,0.0,362879.0,185050.0,,8,0.0008317737575379496,8,0.0008337675872850443
effect_chain_order,Effect Chain Order,Indexed,0.0,362879.0,185054.0,,1,0.0001039717196922437,1,0.00010422094841063054
effect_chain_order,Effect Chain Order,Indexed,0.0,362879.0,185121.0,,1,0.0001039717196922437,1,0.00010422094841063054
effect_chain_order,Effect Chain Order,Indexed,0.0,362879.0,185229.0,,1,0.0001039717196922437,1,0.00010422094841063054
effect_chain_order,Effect Chain Order,Indexed,0.0,362879.0,185265.0,,2,0.0002079434393844874,2,0.00020844189682126107
effect_chain_order,Effect Chain Order,Indexed,0.0,362879.0,185276.0,,1,0.0001039717196922437,1,0.00010422094841063054
effect_chain_order,Effect Chain Order,Indexed,0.0,362879.0,1854.0,,1,0.0001039717196922437,1,0.00010422094841063054
effect_chain_order,Effect Chain Order,Indexed,0.0,362879.0,185409.0,,1,0.0001039717196922437,1,0.00010422094841063054
effect_chain_order,Effect Chain Order,Indexed,0.0,362879.0,185554.0,,5,0.0005198585984612185,5,0.0005211047420531526
effect_chain_order,Effect Chain Order,Indexed,0.0,362879.0,185563.0,,1,0.0001039717196922437,1,0.00010422094841063054
effect_chain_order,Effect Chain Order,Indexed,0.0,362879.0,185976.0,,1,0.0001039717196922437,1,0.00010422094841063054
effect_chain_order,Effect Chain Order,Indexed,0.0,362879.0,186058.0,,1,0.0001039717196922437,1,0.00010422094841063054
effect_chain_order,Effect Chain Order,Indexed,0.0,362879.0,186264.0,,1,0.0001039717196922437,1,0.00010422094841063054
effect_chain_order,Effect Chain Order,Indexed,0.0,362879.0,18648.0,,13,0.0013516323559991683,13,0.001354872329338197
effect_chain_order,Effect Chain Order,Indexed,0.0,362879.0,18655.0,,2,0.0002079434393844874,2,0.00020844189682126107
effect_chain_order,Effect Chain Order,Indexed,0.0,362879.0,186633.0,,1,0.0001039717196922437,1,0.00010422094841063054
effect_chain_order,Effect Chain Order,Indexed,0.0,362879.0,186850.0,,1,0.0001039717196922437,1,0.00010422094841063054
effect_chain_order,Effect Chain Order,Indexed,0.0,362879.0,18720.0,,5,0.0005198585984612185,5,0.0005211047420531526
effect_chain_order,Effect Chain Order,Indexed,0.0,362879.0,18729.0,,1,0.0001039717196922437,1,0.00010422094841063054
effect_chain_order,Effect Chain Order,Indexed,0.0,362879.0,18730.0,,26,0.0027032647119983365,26,0.002709744658676394
effect_chain_order,Effect Chain Order,Indexed,0.0,362879.0,18733.0,,1,0.0001039717196922437,1,0.00010422094841063054
effect_chain_order,Effect Chain Order,Indexed,0.0,362879.0,18740.0,,1,0.0001039717196922437,1,0.00010422094841063054
effect_chain_order,Effect Chain Order,Indexed,0.0,362879.0,187426.0,,1,0.0001039717196922437,1,0.00010422094841063054
effect_chain_order,Effect Chain Order,Indexed,0.0,362879.0,187480.0,,2,0.0002079434393844874,2,0.00020844189682126107
effect_chain_order,Effect Chain Order,Indexed,0.0,362879.0,187488.0,,3,0.00031191515907673113,3,0.0003126628452318916
effect_chain_order,Effect Chain Order,Indexed,0.0,362879.0,187571.0,,1,0.0001039717196922437,1,0.00010422094841063054
effect_chain_order,Effect Chain Order,Indexed,0.0,362879.0,187714.0,,1,0.0001039717196922437,1,0.00010422094841063054
effect_chain_order,Effect Chain Order,Indexed,0.0,362879.0,1879.0,,1,0.0001039717196922437,1,0.00010422094841063054
effect_chain_order,Effect Chain Order,Indexed,0.0,362879.0,187992.0,,1,0.0001039717196922437,1,0.00010422094841063054
effect_chain_order,Effect Chain Order,Indexed,0.0,362879.0,188065.0,,1,0.0001039717196922437,1,0.00010422094841063054
effect_chain_order,Effect Chain Order,Indexed,0.0,362879.0,188074.0,,3,0.00031191515907673113,3,0.0003126628452318916
effect_chain_order,Effect Chain Order,Indexed,0.0,362879.0,188082.0,,1,0.0001039717196922437,1,0.00010422094841063054
effect_chain_order,Effect Chain Order,Indexed,0.0,362879.0,188400.0,,1,0.0001039717196922437,1,0.00010422094841063054
effect_chain_order,Effect Chain Order,Indexed,0.0,362879.0,188496.0,,2,0.0002079434393844874,2,0.00020844189682126107
effect_chain_order,Effect Chain Order,Indexed,0.0,362879.0,188557.0,,1,0.0001039717196922437,1,0.00010422094841063054
effect_chain_order,Effect Chain Order,Indexed,0.0,362879.0,188578.0,,3,0.00031191515907673113,3,0.0003126628452318916
effect_chain_order,Effect Chain Order,Indexed,0.0,362879.0,188660.0,,1,0.0001039717196922437,1,0.00010422094841063054
effect_chain_order,Effect Chain Order,Indexed,0.0,362879.0,188795.0,,1,0.0001039717196922437,1,0.00010422094841063054
effect_chain_order,Effect Chain Order,Indexed,0.0,362879.0,189.0,,2,0.0002079434393844874,2,0.00020844189682126107
effect_chain_order,Effect Chain Order,Indexed,0.0,362879.0,189060.0,,1,0.0001039717196922437,1,0.00010422094841063054
effect_chain_order,Effect Chain Order,Indexed,0.0,362879.0,189082.0,,2,0.0002079434393844874,2,0.00020844189682126107
effect_chain_order,Effect Chain Order,Indexed,0.0,362879.0,189235.0,,1,0.0001039717196922437,1,0.00010422094841063054
effect_chain_order,Effect Chain Order,Indexed,0.0,362879.0,189405.0,,1,0.0001039717196922437,1,0.00010422094841063054
effect_chain_order,Effect Chain Order,Indexed,0.0,362879.0,18946.0,,1,0.0001039717196922437,1,0.00010422094841063054
effect_chain_order,Effect Chain Order,Indexed,0.0,362879.0,189593.0,,1,0.0001039717196922437,1,0.00010422094841063054
effect_chain_order,Effect Chain Order,Indexed,0.0,362879.0,189724.0,,1,0.0001039717196922437,1,0.00010422094841063054
effect_chain_order,Effect Chain Order,Indexed,0.0,362879.0,189774.0,,1,0.0001039717196922437,1,0.00010422094841063054
effect_chain_order,Effect Chain Order,Indexed,0.0,362879.0,189802.0,,1,0.0001039717196922437,1,0.00010422094841063054
effect_chain_order,Effect Chain Order,Indexed,0.0,362879.0,1899.0,,1,0.0001039717196922437,1,0.00010422094841063054
effect_chain_order,Effect Chain Order,Indexed,0.0,362879.0,190008.0,,1,0.0001039717196922437,1,0.00010422094841063054
effect_chain_order,Effect Chain Order,Indexed,0.0,362879.0,19017.0,,2,0.0002079434393844874,2,0.00020844189682126107
effect_chain_order,Effect Chain Order,Indexed,0.0,362879.0,19018.0,,1,0.0001039717196922437,1,0.00010422094841063054
effect_chain_order,Effect Chain Order,Indexed,0.0,362879.0,190306.0,,1,0.0001039717196922437,1,0.00010422094841063054
effect_chain_order,Effect Chain Order,Indexed,0.0,362879.0,190325.0,,1,0.0001039717196922437,1,0.00010422094841063054
effect_chain_order,Effect Chain Order,Indexed,0.0,362879.0,190520.0,,1,0.0001039717196922437,1,0.00010422094841063054
effect_chain_order,Effect Chain Order,Indexed,0.0,362879.0,190608.0,,1,0.0001039717196922437,1,0.00010422094841063054
effect_chain_order,Effect Chain Order,Indexed,0.0,362879.0,190854.0,,1,0.0001039717196922437,1,0.00010422094841063054
effect_chain_order,Effect Chain Order,Indexed,0.0,362879.0,190882.0,,1,0.0001039717196922437,1,0.00010422094841063054
effect_chain_order,Effect Chain Order,Indexed,0.0,362879.0,190954.0,,1,0.0001039717196922437,1,0.00010422094841063054
effect_chain_order,Effect Chain Order,Indexed,0.0,362879.0,191016.0,,1,0.0001039717196922437,1,0.00010422094841063054
effect_chain_order,Effect Chain Order,Indexed,0.0,362879.0,19152.0,,1,0.0001039717196922437,1,0.00010422094841063054
effect_chain_order,Effect Chain Order,Indexed,0.0,362879.0,19162.0,,1,0.0001039717196922437,1,0.00010422094841063054
effect_chain_order,Effect Chain Order,Indexed,0.0,362879.0,191682.0,,1,0.0001039717196922437,1,0.00010422094841063054
effect_chain_order,Effect Chain Order,Indexed,0.0,362879.0,1917.0,,1,0.0001039717196922437,1,0.00010422094841063054
effect_chain_order,Effect Chain Order,Indexed,0.0,362879.0,191711.0,,1,0.0001039717196922437,1,0.00010422094841063054
effect_chain_order,Effect Chain Order,Indexed,0.0,362879.0,191721.0,,1,0.0001039717196922437,1,0.00010422094841063054
effect_chain_order,Effect Chain Order,Indexed,0.0,362879.0,191811.0,,1,0.0001039717196922437,1,0.00010422094841063054
effect_chain_order,Effect Chain Order,Indexed,0.0,362879.0,19197.0,,1,0.0001039717196922437,1,0.00010422094841063054
effect_chain_order,Effect Chain Order,Indexed,0.0,362879.0,192024.0,,1,0.0001039717196922437,1,0.00010422094841063054
effect_chain_order,Effect Chain Order,Indexed,0.0,362879.0,192105.0,,1,0.0001039717196922437,1,0.00010422094841063054
effect_chain_order,Effect Chain Order,Indexed,0.0,362879.0,192172.0,,2,0.0002079434393844874,2,0.00020844189682126107
effect_chain_order,Effect Chain Order,Indexed,0.0,362879.0,192178.0,,1,0.0001039717196922437,1,0.00010422094841063054
effect_chain_order,Effect Chain Order,Indexed,0.0,362879.0,192186.0,,1,0.0001039717196922437,1,0.00010422094841063054
effect_chain_order,Effect Chain Order,Indexed,0.0,362879.0,19234.0,,1,0.0001039717196922437,1,0.00010422094841063054
effect_chain_order,Effect Chain Order,Indexed,0.0,362879.0,192853.0,,1,0.0001039717196922437,1,0.00010422094841063054
effect_chain_order,Effect Chain Order,Indexed,0.0,362879.0,192890.0,,1,0.0001039717196922437,1,0.00010422094841063054
effect_chain_order,Effect Chain Order,Indexed,0.0,362879.0,193032.0,,1,0.0001039717196922437,1,0.00010422094841063054
effect_chain_order,Effect Chain Order,Indexed,0.0,362879.0,193114.0,,1,0.0001039717196922437,1,0.00010422094841063054
effect_chain_order,Effect Chain Order,Indexed,0.0,362879.0,19315.0,,1,0.0001039717196922437,1,0.00010422094841063054
effect_chain_order,Effect Chain Order,Indexed,0.0,362879.0,193536.0,,4,0.0004158868787689748,4,0.00041688379364252214
effect_chain_order,Effect Chain Order,Indexed,0.0,362879.0,193653.0,,2,0.0002079434393844874,2,0.00020844189682126107
effect_chain_order,Effect Chain Order,Indexed,0.0,362879.0,19388.0,,1,0.0001039717196922437,1,0.00010422094841063054
effect_chain_order,Effect Chain Order,Indexed,0.0,362879.0,194112.0,,1,0.0001039717196922437,1,0.00010422094841063054
effect_chain_order,Effect Chain Order,Indexed,0.0,362879.0,1944.0,,1,0.0001039717196922437,1,0.00010422094841063054
effect_chain_order,Effect Chain Order,Indexed,0.0,362879.0,194832.0,,3,0.00031191515907673113,3,0.0003126628452318916
effect_chain_order,Effect Chain Order,Indexed,0.0,362879.0,195048.0,,8,0.0008317737575379496,8,0.0008337675872850443
effect_chain_order,Effect Chain Order,Indexed,0.0,362879.0,195068.0,,1,0.0001039717196922437,1,0.00010422094841063054
effect_chain_order,Effect Chain Order,Indexed,0.0,362879.0,195130.0,,9,0.0009357454772301934,9,0.0009379885356956748
effect_chain_order,Effect Chain Order,Indexed,0.0,362879.0,195192.0,,1,0.0001039717196922437,1,0.00010422094841063054
effect_chain_order,Effect Chain Order,Indexed,0.0,362879.0,195202.0,,1,0.0001039717196922437,1,0.00010422094841063054
effect_chain_order,Effect Chain Order,Indexed,0.0,362879.0,19522.0,,1,0.0001039717196922437,1,0.00010422094841063054
effect_chain_order,Effect Chain Order,Indexed,0.0,362879.0,195274.0,,1,0.0001039717196922437,1,0.00010422094841063054
effect_chain_order,Effect Chain Order,Indexed,0.0,362879.0,195415.0,,1,0.0001039717196922437,1,0.00010422094841063054
effect_chain_order,Effect Chain Order,Indexed,0.0,362879.0,195525.0,,1,0.0001039717196922437,1,0.00010422094841063054
effect_chain_order,Effect Chain Order,Indexed,0.0,362879.0,195612.0,,1,0.0001039717196922437,1,0.00010422094841063054
effect_chain_order,Effect Chain Order,Indexed,0.0,362879.0,195634.0,,2,0.0002079434393844874,2,0.00020844189682126107
effect_chain_order,Effect Chain Order,Indexed,0.0,362879.0,195706.0,,1,0.0001039717196922437,1,0.00010422094841063054
effect_chain_order,Effect Chain Order,Indexed,0.0,362879.0,195813.0,,2,0.0002079434393844874,2,0.00020844189682126107
effect_chain_order,Effect Chain Order,Indexed,0.0,362879.0,195877.0,,1,0.0001039717196922437,1,0.00010422094841063054
effect_chain_order,Effect Chain Order,Indexed,0.0,362879.0,19656.0,,7,0.000727802037845706,7,0.0007295466388744137
effect_chain_order,Effect Chain Order,Indexed,0.0,362879.0,196560.0,,10,0.001039717196922437,10,0.0010422094841063053
effect_chain_order,Effect Chain Order,Indexed,0.0,362879.0,196566.0,,1,0.0001039717196922437,1,0.00010422094841063054
effect_chain_order,Effect Chain Order,Indexed,0.0,362879.0,196642.0,,1,0.0001039717196922437,1,0.00010422094841063054
effect_chain_order,Effect Chain Order,Indexed,0.0,362879.0,196651.0,,1,0.0001039717196922437,1,0.00010422094841063054
effect_chain_order,Effect Chain Order,Indexed,0.0,362879.0,196749.0,,1,0.0001039717196922437,1,0.00010422094841063054
effect_chain_order,Effect Chain Order,Indexed,0.0,362879.0,196786.0,,1,0.0001039717196922437,1,0.00010422094841063054
effect_chain_order,Effect Chain Order,Indexed,0.0,362879.0,19685.0,,1,0.0001039717196922437,1,0.00010422094841063054
effect_chain_order,Effect Chain Order,Indexed,0.0,362879.0,197064.0,,1,0.0001039717196922437,1,0.00010422094841063054
effect_chain_order,Effect Chain Order,Indexed,0.0,362879.0,197146.0,,1,0.0001039717196922437,1,0.00010422094841063054
effect_chain_order,Effect Chain Order,Indexed,0.0,362879.0,197149.0,,1,0.0001039717196922437,1,0.00010422094841063054
effect_chain_order,Effect Chain Order,Indexed,0.0,362879.0,19752.0,,1,0.0001039717196922437,1,0.00010422094841063054
effect_chain_order,Effect Chain Order,Indexed,0.0,362879.0,197586.0,,1,0.0001039717196922437,1,0.00010422094841063054
effect_chain_order,Effect Chain Order,Indexed,0.0,362879.0,197650.0,,7,0.000727802037845706,7,0.0007295466388744137
effect_chain_order,Effect Chain Order,Indexed,0.0,362879.0,197731.0,,1,0.0001039717196922437,1,0.00010422094841063054
effect_chain_order,Effect Chain Order,Indexed,0.0,362879.0,198.0,,2,0.0002079434393844874,2,0.00020844189682126107
effect_chain_order,Effect Chain Order,Indexed,0.0,362879.0,19802.0,,1,0.0001039717196922437,1,0.00010422094841063054
effect_chain_order,Effect Chain Order,Indexed,0.0,362879.0,198072.0,,1,0.0001039717196922437,1,0.00010422094841063054
effect_chain_order,Effect Chain Order,Indexed,0.0,362879.0,198082.0,,3,0.00031191515907673113,3,0.0003126628452318916
effect_chain_order,Effect Chain Order,Indexed,0.0,362879.0,19810.0,,2,0.0002079434393844874,2,0.00020844189682126107
effect_chain_order,Effect Chain Order,Indexed,0.0,362879.0,19818.0,,1,0.0001039717196922437,1,0.00010422094841063054
effect_chain_order,Effect Chain Order,Indexed,0.0,362879.0,198308.0,,1,0.0001039717196922437,1,0.00010422094841063054
effect_chain_order,Effect Chain Order,Indexed,0.0,362879.0,198357.0,,1,0.0001039717196922437,1,0.00010422094841063054
effect_chain_order,Effect Chain Order,Indexed,0.0,362879.0,198379.0,,1,0.0001039717196922437,1,0.00010422094841063054
effect_chain_order,Effect Chain Order,Indexed,0.0,362879.0,198621.0,,2,0.0002079434393844874,2,0.00020844189682126107
effect_chain_order,Effect Chain Order,Indexed,0.0,362879.0,198802.0,,1,0.0001039717196922437,1,0.00010422094841063054
effect_chain_order,Effect Chain Order,Indexed,0.0,362879.0,19882.0,,1,0.0001039717196922437,1,0.00010422094841063054
effect_chain_order,Effect Chain Order,Indexed,0.0,362879.0,198894.0,,1,0.0001039717196922437,1,0.00010422094841063054
effect_chain_order,Effect Chain Order,Indexed,0.0,362879.0,19891.0,,1,0.0001039717196922437,1,0.00010422094841063054
effect_chain_order,Effect Chain Order,Indexed,0.0,362879.0,19892.0,,1,0.0001039717196922437,1,0.00010422094841063054
effect_chain_order,Effect Chain Order,Indexed,0.0,362879.0,19899.0,,1,0.0001039717196922437,1,0.00010422094841063054
effect_chain_order,Effect Chain Order,Indexed,0.0,362879.0,199198.0,,1,0.0001039717196922437,1,0.00010422094841063054
effect_chain_order,Effect Chain Order,Indexed,0.0,362879.0,19944.0,,1,0.0001039717196922437,1,0.00010422094841063054
effect_chain_order,Effect Chain Order,Indexed,0.0,362879.0,19954.0,,1,0.0001039717196922437,1,0.00010422094841063054
effect_chain_order,Effect Chain Order,Indexed,0.0,362879.0,199584.0,,1,0.0001039717196922437,1,0.00010422094841063054
effect_chain_order,Effect Chain Order,Indexed,0.0,362879.0,199666.0,,1,0.0001039717196922437,1,0.00010422094841063054
effect_chain_order,Effect Chain Order,Indexed,0.0,362879.0,199748.0,,2,0.0002079434393844874,2,0.00020844189682126107
effect_chain_order,Effect Chain Order,Indexed,0.0,362879.0,199810.0,,1,0.0001039717196922437,1,0.00010422094841063054
effect_chain_order,Effect Chain Order,Indexed,0.0,362879.0,199887.0,,1,0.0001039717196922437,1,0.00010422094841063054
effect_chain_order,Effect Chain Order,Indexed,0.0,362879.0,199981.0,,1,0.0001039717196922437,1,0.00010422094841063054
effect_chain_order,Effect Chain Order,Indexed,0.0,362879.0,2.0,,3,0.00031191515907673113,3,0.0003126628452318916
effect_chain_order,Effect Chain Order,Indexed,0.0,362879.0,200088.0,,5,0.0005198585984612185,5,0.0005211047420531526
effect_chain_order,Effect Chain Order,Indexed,0.0,362879.0,200170.0,,12,0.0012476606363069245,12,0.0012506513809275664
effect_chain_order,Effect Chain Order,Indexed,0.0,362879.0,200191.0,,1,0.0001039717196922437,1,0.00010422094841063054
effect_chain_order,Effect Chain Order,Indexed,0.0,362879.0,200241.0,,1,0.0001039717196922437,1,0.00010422094841063054
effect_chain_order,Effect Chain Order,Indexed,0.0,362879.0,20070.0,,1,0.0001039717196922437,1,0.00010422094841063054
effect_chain_order,Effect Chain Order,Indexed,0.0,362879.0,200764.0,,1,0.0001039717196922437,1,0.00010422094841063054
effect_chain_order,Effect Chain Order,Indexed,0.0,362879.0,200811.0,,1,0.0001039717196922437,1,0.00010422094841063054
effect_chain_order,Effect Chain Order,Indexed,0.0,362879.0,200855.0,,2,0.0002079434393844874,2,0.00020844189682126107
effect_chain_order,Effect Chain Order,Indexed,0.0,362879.0,200890.0,,1,0.0001039717196922437,1,0.00010422094841063054
effect_chain_order,Effect Chain Order,Indexed,0.0,362879.0,200962.0,,1,0.0001039717196922437,1,0.00010422094841063054
effect_chain_order,Effect Chain Order,Indexed,0.0,362879.0,201322.0,,1,0.0001039717196922437,1,0.00010422094841063054
effect_chain_order,Effect Chain Order,Indexed,0.0,362879.0,201331.0,,1,0.0001039717196922437,1,0.00010422094841063054
effect_chain_order,Effect Chain Order,Indexed,0.0,362879.0,2016.0,,15,0.0015595757953836558,15,0.001563314226159458
effect_chain_order,Effect Chain Order,Indexed,0.0,362879.0,20160.0,,1,0.0001039717196922437,1,0.00010422094841063054
effect_chain_order,Effect Chain Order,Indexed,0.0,362879.0,201600.0,,1,0.0001039717196922437,1,0.00010422094841063054
effect_chain_order,Effect Chain Order,Indexed,0.0,362879.0,201754.0,,1,0.0001039717196922437,1,0.00010422094841063054
effect_chain_order,Effect Chain Order,Indexed,0.0,362879.0,2023.0,,1,0.0001039717196922437,1,0.00010422094841063054
effect_chain_order,Effect Chain Order,Indexed,0.0,362879.0,202330.0,,1,0.0001039717196922437,1,0.00010422094841063054
effect_chain_order,Effect Chain Order,Indexed,0.0,362879.0,202402.0,,1,0.0001039717196922437,1,0.00010422094841063054
effect_chain_order,Effect Chain Order,Indexed,0.0,362879.0,20242.0,,2,0.0002079434393844874,2,0.00020844189682126107
effect_chain_order,Effect Chain Order,Indexed,0.0,362879.0,202608.0,,4,0.0004158868787689748,4,0.00041688379364252214
effect_chain_order,Effect Chain Order,Indexed,0.0,362879.0,202717.0,,1,0.0001039717196922437,1,0.00010422094841063054
effect_chain_order,Effect Chain Order,Indexed,0.0,362879.0,20277.0,,1,0.0001039717196922437,1,0.00010422094841063054
effect_chain_order,Effect Chain Order,Indexed,0.0,362879.0,203112.0,,3,0.00031191515907673113,3,0.0003126628452318916
effect_chain_order,Effect Chain Order,Indexed,0.0,362879.0,203193.0,,1,0.0001039717196922437,1,0.00010422094841063054
effect_chain_order,Effect Chain Order,Indexed,0.0,362879.0,20324.0,,1,0.0001039717196922437,1,0.00010422094841063054
effect_chain_order,Effect Chain Order,Indexed,0.0,362879.0,203275.0,,1,0.0001039717196922437,1,0.00010422094841063054
effect_chain_order,Effect Chain Order,Indexed,0.0,362879.0,203616.0,,2,0.0002079434393844874,2,0.00020844189682126107
effect_chain_order,Effect Chain Order,Indexed,0.0,362879.0,203698.0,,2,0.0002079434393844874,2,0.00020844189682126107
effect_chain_order,Effect Chain Order,Indexed,0.0,362879.0,203805.0,,1,0.0001039717196922437,1,0.00010422094841063054
effect_chain_order,Effect Chain Order,Indexed,0.0,362879.0,204282.0,,1,0.0001039717196922437,1,0.00010422094841063054
effect_chain_order,Effect Chain Order,Indexed,0.0,362879.0,20457.0,,1,0.0001039717196922437,1,0.00010422094841063054
effect_chain_order,Effect Chain Order,Indexed,0.0,362879.0,204640.0,,1,0.0001039717196922437,1,0.00010422094841063054
effect_chain_order,Effect Chain Order,Indexed,0.0,362879.0,204642.0,,1,0.0001039717196922437,1,0.00010422094841063054
effect_chain_order,Effect Chain Order,Indexed,0.0,362879.0,204850.0,,1,0.0001039717196922437,1,0.00010422094841063054
effect_chain_order,Effect Chain Order,Indexed,0.0,362879.0,204921.0,,4,0.0004158868787689748,4,0.00041688379364252214
effect_chain_order,Effect Chain Order,Indexed,0.0,362879.0,205322.0,,1,0.0001039717196922437,1,0.00010422094841063054
effect_chain_order,Effect Chain Order,Indexed,0.0,362879.0,205426.0,,1,0.0001039717196922437,1,0.00010422094841063054
effect_chain_order,Effect Chain Order,Indexed,0.0,362879.0,205632.0,,1,0.0001039717196922437,1,0.00010422094841063054
effect_chain_order,Effect Chain Order,Indexed,0.0,362879.0,205842.0,,1,0.0001039717196922437,1,0.00010422094841063054
effect_chain_order,Effect Chain Order,Indexed,0.0,362879.0,2059.0,,1,0.0001039717196922437,1,0.00010422094841063054
effect_chain_order,Effect Chain Order,Indexed,0.0,362879.0,205930.0,,2,0.0002079434393844874,2,0.00020844189682126107
effect_chain_order,Effect Chain Order,Indexed,0.0,362879.0,20602.0,,1,0.0001039717196922437,1,0.00010422094841063054
effect_chain_order,Effect Chain Order,Indexed,0.0,362879.0,206074.0,,1,0.0001039717196922437,1,0.00010422094841063054
effect_chain_order,Effect Chain Order,Indexed,0.0,362879.0,20627.0,,1,0.0001039717196922437,1,0.00010422094841063054
effect_chain_order,Effect Chain Order,Indexed,0.0,362879.0,206809.0,,1,0.0001039717196922437,1,0.00010422094841063054
effect_chain_order,Effect Chain Order,Indexed,0.0,362879.0,206930.0,,1,0.0001039717196922437,1,0.00010422094841063054
effect_chain_order,Effect Chain Order,Indexed,0.0,362879.0,207154.0,,1,0.0001039717196922437,1,0.00010422094841063054
effect_chain_order,Effect Chain Order,Indexed,0.0,362879.0,207225.0,,1,0.0001039717196922437,1,0.00010422094841063054
effect_chain_order,Effect Chain Order,Indexed,0.0,362879.0,207226.0,,2,0.0002079434393844874,2,0.00020844189682126107
effect_chain_order,Effect Chain Order,Indexed,0.0,362879.0,207298.0,,1,0.0001039717196922437,1,0.00010422094841063054
effect_chain_order,Effect Chain Order,Indexed,0.0,362879.0,2073.0,,1,0.0001039717196922437,1,0.00010422094841063054
effect_chain_order,Effect Chain Order,Indexed,0.0,362879.0,2074.0,,1,0.0001039717196922437,1,0.00010422094841063054
effect_chain_order,Effect Chain Order,Indexed,0.0,362879.0,207442.0,,1,0.0001039717196922437,1,0.00010422094841063054
effect_chain_order,Effect Chain Order,Indexed,0.0,362879.0,207667.0,,1,0.0001039717196922437,1,0.00010422094841063054
effect_chain_order,Effect Chain Order,Indexed,0.0,362879.0,208091.0,,1,0.0001039717196922437,1,0.00010422094841063054
effect_chain_order,Effect Chain Order,Indexed,0.0,362879.0,208656.0,,7,0.000727802037845706,7,0.0007295466388744137
effect_chain_order,Effect Chain Order,Indexed,0.0,362879.0,20910.0,,1,0.0001039717196922437,1,0.00010422094841063054
effect_chain_order,Effect Chain Order,Indexed,0.0,362879.0,209241.0,,1,0.0001039717196922437,1,0.00010422094841063054
effect_chain_order,Effect Chain Order,Indexed,0.0,362879.0,209247.0,,1,0.0001039717196922437,1,0.00010422094841063054
effect_chain_order,Effect Chain Order,Indexed,0.0,362879.0,209354.0,,1,0.0001039717196922437,1,0.00010422094841063054
effect_chain_order,Effect Chain Order,Indexed,0.0,362879.0,209602.0,,1,0.0001039717196922437,1,0.00010422094841063054
effect_chain_order,Effect Chain Order,Indexed,0.0,362879.0,20962.0,,1,0.0001039717196922437,1,0.00010422094841063054
effect_chain_order,Effect Chain Order,Indexed,0.0,362879.0,209749.0,,1,0.0001039717196922437,1,0.00010422094841063054
effect_chain_order,Effect Chain Order,Indexed,0.0,362879.0,2098.0,,6,0.0006238303181534623,6,0.0006253256904637832
effect_chain_order,Effect Chain Order,Indexed,0.0,362879.0,210168.0,,8,0.0008317737575379496,8,0.0008337675872850443
effect_chain_order,Effect Chain Order,Indexed,0.0,362879.0,210169.0,,1,0.0001039717196922437,1,0.00010422094841063054
effect_chain_order,Effect Chain Order,Indexed,0.0,362879.0,210250.0,,3,0.00031191515907673113,3,0.0003126628452318916
effect_chain_order,Effect Chain Order,Indexed,0.0,362879.0,210322.0,,1,0.0001039717196922437,1,0.00010422094841063054
effect_chain_order,Effect Chain Order,Indexed,0.0,362879.0,210332.0,,1,0.0001039717196922437,1,0.00010422094841063054
effect_chain_order,Effect Chain Order,Indexed,0.0,362879.0,211248.0,,1,0.0001039717196922437,1,0.00010422094841063054
effect_chain_order,Effect Chain Order,Indexed,0.0,362879.0,211258.0,,2,0.0002079434393844874,2,0.00020844189682126107
effect_chain_order,Effect Chain Order,Indexed,0.0,362879.0,211330.0,,1,0.0001039717196922437,1,0.00010422094841063054
effect_chain_order,Effect Chain Order,Indexed,0.0,362879.0,211464.0,,1,0.0001039717196922437,1,0.00010422094841063054
effect_chain_order,Effect Chain Order,Indexed,0.0,362879.0,21168.0,,17,0.001767519234768143,17,0.0017717561229807191
effect_chain_order,Effect Chain Order,Indexed,0.0,362879.0,211680.0,,4,0.0004158868787689748,4,0.00041688379364252214
effect_chain_order,Effect Chain Order,Indexed,0.0,362879.0,211684.0,,1,0.0001039717196922437,1,0.00010422094841063054
effect_chain_order,Effect Chain Order,Indexed,0.0,362879.0,211688.0,,1,0.0001039717196922437,1,0.00010422094841063054
effect_chain_order,Effect Chain Order,Indexed,0.0,362879.0,21171.0,,1,0.0001039717196922437,1,0.00010422094841063054
effect_chain_order,Effect Chain Order,Indexed,0.0,362879.0,21172.0,,1,0.0001039717196922437,1,0.00010422094841063054
effect_chain_order,Effect Chain Order,Indexed,0.0,362879.0,211732.0,,1,0.0001039717196922437,1,0.00010422094841063054
effect_chain_order,Effect Chain Order,Indexed,0.0,362879.0,211988.0,,1,0.0001039717196922437,1,0.00010422094841063054
effect_chain_order,Effect Chain Order,Indexed,0.0,362879.0,21213.0,,2,0.0002079434393844874,2,0.00020844189682126107
effect_chain_order,Effect Chain Order,Indexed,0.0,362879.0,212184.0,,1,0.0001039717196922437,1,0.00010422094841063054
effect_chain_order,Effect Chain Order,Indexed,0.0,362879.0,212194.0,,1,0.0001039717196922437,1,0.00010422094841063054
effect_chain_order,Effect Chain Order,Indexed,0.0,362879.0,212265.0,,1,0.0001039717196922437,1,0.00010422094841063054
effect_chain_order,Effect Chain Order,Indexed,0.0,362879.0,212481.0,,1,0.0001039717196922437,1,0.00010422094841063054
effect_chain_order,Effect Chain Order,Indexed,0.0,362879.0,21250.0,,6,0.0006238303181534623,6,0.0006253256904637832
effect_chain_order,Effect Chain Order,Indexed,0.0,362879.0,212565.0,,1,0.0001039717196922437,1,0.00010422094841063054
effect_chain_order,Effect Chain Order,Indexed,0.0,362879.0,212626.0,,1,0.0001039717196922437,1,0.00010422094841063054
effect_chain_order,Effect Chain Order,Indexed,0.0,362879.0,21287.0,,1,0.0001039717196922437,1,0.00010422094841063054
effect_chain_order,Effect Chain Order,Indexed,0.0,362879.0,213130.0,,1,0.0001039717196922437,1,0.00010422094841063054
effect_chain_order,Effect Chain Order,Indexed,0.0,362879.0,213192.0,,4,0.0004158868787689748,4,0.00041688379364252214
effect_chain_order,Effect Chain Order,Indexed,0.0,362879.0,213195.0,,1,0.0001039717196922437,1,0.00010422094841063054
effect_chain_order,Effect Chain Order,Indexed,0.0,362879.0,213202.0,,1,0.0001039717196922437,1,0.00010422094841063054
effect_chain_order,Effect Chain Order,Indexed,0.0,362879.0,213274.0,,4,0.0004158868787689748,4,0.00041688379364252214
effect_chain_order,Effect Chain Order,Indexed,0.0,362879.0,2133.0,,1,0.0001039717196922437,1,0.00010422094841063054
effect_chain_order,Effect Chain Order,Indexed,0.0,362879.0,21331.0,,1,0.0001039717196922437,1,0.00010422094841063054
effect_chain_order,Effect Chain Order,Indexed,0.0,362879.0,21332.0,,2,0.0002079434393844874,2,0.00020844189682126107
effect_chain_order,Effect Chain Order,Indexed,0.0,362879.0,213346.0,,1,0.0001039717196922437,1,0.00010422094841063054
effect_chain_order,Effect Chain Order,Indexed,0.0,362879.0,213418.0,,1,0.0001039717196922437,1,0.00010422094841063054
effect_chain_order,Effect Chain Order,Indexed,0.0,362879.0,213778.0,,2,0.0002079434393844874,2,0.00020844189682126107
effect_chain_order,Effect Chain Order,Indexed,0.0,362879.0,213850.0,,1,0.0001039717196922437,1,0.00010422094841063054
effect_chain_order,Effect Chain Order,Indexed,0.0,362879.0,213860.0,,1,0.0001039717196922437,1,0.00010422094841063054
effect_chain_order,Effect Chain Order,Indexed,0.0,362879.0,213932.0,,1,0.0001039717196922437,1,0.00010422094841063054
effect_chain_order,Effect Chain Order,Indexed,0.0,362879.0,214200.0,,1,0.0001039717196922437,1,0.00010422094841063054
effect_chain_order,Effect Chain Order,Indexed,0.0,362879.0,214219.0,,1,0.0001039717196922437,1,0.00010422094841063054
effect_chain_order,Effect Chain Order,Indexed,0.0,362879.0,21424.0,,1,0.0001039717196922437,1,0.00010422094841063054
effect_chain_order,Effect Chain Order,Indexed,0.0,362879.0,214282.0,,6,0.0006238303181534623,6,0.0006253256904637832
effect_chain_order,Effect Chain Order,Indexed,0.0,362879.0,214704.0,,1,0.0001039717196922437,1,0.00010422094841063054
effect_chain_order,Effect Chain Order,Indexed,0.0,362879.0,214749.0,,1,0.0001039717196922437,1,0.00010422094841063054
effect_chain_order,Effect Chain Order,Indexed,0.0,362879.0,214992.0,,1,0.0001039717196922437,1,0.00010422094841063054
effect_chain_order,Effect Chain Order,Indexed,0.0,362879.0,215002.0,,1,0.0001039717196922437,1,0.00010422094841063054
effect_chain_order,Effect Chain Order,Indexed,0.0,362879.0,215012.0,,1,0.0001039717196922437,1,0.00010422094841063054
effect_chain_order,Effect Chain Order,Indexed,0.0,362879.0,21528.0,,1,0.0001039717196922437,1,0.00010422094841063054
effect_chain_order,Effect Chain Order,Indexed,0.0,362879.0,215290.0,,2,0.0002079434393844874,2,0.00020844189682126107
effect_chain_order,Effect Chain Order,Indexed,0.0,362879.0,215434.0,,1,0.0001039717196922437,1,0.00010422094841063054
effect_chain_order,Effect Chain Order,Indexed,0.0,362879.0,215505.0,,4,0.0004158868787689748,4,0.00041688379364252214
effect_chain_order,Effect Chain Order,Indexed,0.0,362879.0,215506.0,,1,0.0001039717196922437,1,0.00010422094841063054
effect_chain_order,Effect Chain Order,Indexed,0.0,362879.0,215658.0,,3,0.00031191515907673113,3,0.0003126628452318916
effect_chain_order,Effect Chain Order,Indexed,0.0,362879.0,215757.0,,1,0.0001039717196922437,1,0.00010422094841063054
effect_chain_order,Effect Chain Order,Indexed,0.0,362879.0,215973.0,,1,0.0001039717196922437,1,0.00010422094841063054
effect_chain_order,Effect Chain Order,Indexed,0.0,362879.0,216.0,,2,0.0002079434393844874,2,0.00020844189682126107
effect_chain_order,Effect Chain Order,Indexed,0.0,362879.0,2160.0,,1,0.0001039717196922437,1,0.00010422094841063054
effect_chain_order,Effect Chain Order,Indexed,0.0,362879.0,216226.0,,1,0.0001039717196922437,1,0.00010422094841063054
effect_chain_order,Effect Chain Order,Indexed,0.0,362879.0,216297.0,,2,0.0002079434393844874,2,0.00020844189682126107
effect_chain_order,Effect Chain Order,Indexed,0.0,362879.0,216298.0,,2,0.0002079434393844874,2,0.00020844189682126107
effect_chain_order,Effect Chain Order,Indexed,0.0,362879.0,21630.0,,1,0.0001039717196922437,1,0.00010422094841063054
effect_chain_order,Effect Chain Order,Indexed,0.0,362879.0,216514.0,,1,0.0001039717196922437,1,0.00010422094841063054
effect_chain_order,Effect Chain Order,Indexed,0.0,362879.0,21672.0,,11,0.0011436889166146808,11,0.0011464304325169358
effect_chain_order,Effect Chain Order,Indexed,0.0,362879.0,217.0,,1,0.0001039717196922437,1,0.00010422094841063054
effect_chain_order,Effect Chain Order,Indexed,0.0,362879.0,217377.0,,1,0.0001039717196922437,1,0.00010422094841063054
effect_chain_order,Effect Chain Order,Indexed,0.0,362879.0,21744.0,,2,0.0002079434393844874,2,0.00020844189682126107
effect_chain_order,Effect Chain Order,Indexed,0.0,362879.0,21753.0,,1,0.0001039717196922437,1,0.00010422094841063054
effect_chain_order,Effect Chain Order,Indexed,0.0,362879.0,21754.0,,3,0.00031191515907673113,3,0.0003126628452318916
effect_chain_order,Effect Chain Order,Indexed,0.0,362879.0,217728.0,,9,0.0009357454772301934,9,0.0009379885356956748
effect_chain_order,Effect Chain Order,Indexed,0.0,362879.0,217729.0,,1,0.0001039717196922437,1,0.00010422094841063054
effect_chain_order,Effect Chain Order,Indexed,0.0,362879.0,217738.0,,2,0.0002079434393844874,2,0.00020844189682126107
effect_chain_order,Effect Chain Order,Indexed,0.0,362879.0,217882.0,,1,0.0001039717196922437,1,0.00010422094841063054
effect_chain_order,Effect Chain Order,Indexed,0.0,362879.0,217892.0,,2,0.0002079434393844874,2,0.00020844189682126107
effect_chain_order,Effect Chain Order,Indexed,0.0,362879.0,2180.0,,1,0.0001039717196922437,1,0.00010422094841063054
effect_chain_order,Effect Chain Order,Indexed,0.0,362879.0,218026.0,,1,0.0001039717196922437,1,0.00010422094841063054
effect_chain_order,Effect Chain Order,Indexed,0.0,362879.0,218027.0,,2,0.0002079434393844874,2,0.00020844189682126107
effect_chain_order,Effect Chain Order,Indexed,0.0,362879.0,218232.0,,6,0.0006238303181534623,6,0.0006253256904637832
effect_chain_order,Effect Chain Order,Indexed,0.0,362879.0,21825.0,,1,0.0001039717196922437,1,0.00010422094841063054
effect_chain_order,Effect Chain Order,Indexed,0.0,362879.0,218304.0,,5,0.0005198585984612185,5,0.0005211047420531526
effect_chain_order,Effect Chain Order,Indexed,0.0,362879.0,218313.0,,3,0.00031191515907673113,3,0.0003126628452318916
effect_chain_order,Effect Chain Order,Indexed,0.0,362879.0,218314.0,,8,0.0008317737575379496,8,0.0008337675872850443
effect_chain_order,Effect Chain Order,Indexed,0.0,362879.0,218635.0,,1,0.0001039717196922437,1,0.00010422094841063054
effect_chain_order,Effect Chain Order,Indexed,0.0,362879.0,218818.0,,6,0.0006238303181534623,6,0.0006253256904637832
effect_chain_order,Effect Chain Order,Indexed,0.0,362879.0,218890.0,,1,0.0001039717196922437,1,0.00010422094841063054
effect_chain_order,Effect Chain Order,Indexed,0.0,362879.0,218892.0,,1,0.0001039717196922437,1,0.00010422094841063054
effect_chain_order,Effect Chain Order,Indexed,0.0,362879.0,218900.0,,3,0.00031191515907673113,3,0.0003126628452318916
effect_chain_order,Effect Chain Order,Indexed,0.0,362879.0,219.0,,1,0.0001039717196922437,1,0.00010422094841063054
effect_chain_order,Effect Chain Order,Indexed,0.0,362879.0,219102.0,,1,0.0001039717196922437,1,0.00010422094841063054
effect_chain_order,Effect Chain Order,Indexed,0.0,362879.0,219321.0,,1,0.0001039717196922437,1,0.00010422094841063054
effect_chain_order,Effect Chain Order,Indexed,0.0,362879.0,219417.0,,1,0.0001039717196922437,1,0.00010422094841063054
effect_chain_order,Effect Chain Order,Indexed,0.0,362879.0,21960.0,,1,0.0001039717196922437,1,0.00010422094841063054
effect_chain_order,Effect Chain Order,Indexed,0.0,362879.0,219719.0,,1,0.0001039717196922437,1,0.00010422094841063054
effect_chain_order,Effect Chain Order,Indexed,0.0,362879.0,220.0,,3,0.00031191515907673113,3,0.0003126628452318916
effect_chain_order,Effect Chain Order,Indexed,0.0,362879.0,220330.0,,2,0.0002079434393844874,2,0.00020844189682126107
effect_chain_order,Effect Chain Order,Indexed,0.0,362879.0,22068.0,,1,0.0001039717196922437,1,0.00010422094841063054
effect_chain_order,Effect Chain Order,Indexed,0.0,362879.0,220690.0,,1,0.0001039717196922437,1,0.00010422094841063054
effect_chain_order,Effect Chain Order,Indexed,0.0,362879.0,220916.0,,1,0.0001039717196922437,1,0.00010422094841063054
effect_chain_order,Effect Chain Order,Indexed,0.0,362879.0,220978.0,,1,0.0001039717196922437,1,0.00010422094841063054
effect_chain_order,Effect Chain Order,Indexed,0.0,362879.0,221256.0,,1,0.0001039717196922437,1,0.00010422094841063054
effect_chain_order,Effect Chain Order,Indexed,0.0,362879.0,221328.0,,1,0.0001039717196922437,1,0.00010422094841063054
effect_chain_order,Effect Chain Order,Indexed,0.0,362879.0,221482.0,,1,0.0001039717196922437,1,0.00010422094841063054
effect_chain_order,Effect Chain Order,Indexed,0.0,362879.0,22176.0,,2,0.0002079434393844874,2,0.00020844189682126107
effect_chain_order,Effect Chain Order,Indexed,0.0,362879.0,221914.0,,2,0.0002079434393844874,2,0.00020844189682126107
effect_chain_order,Effect Chain Order,Indexed,0.0,362879.0,221924.0,,1,0.0001039717196922437,1,0.00010422094841063054
effect_chain_order,Effect Chain Order,Indexed,0.0,362879.0,222.0,,1,0.0001039717196922437,1,0.00010422094841063054
effect_chain_order,Effect Chain Order,Indexed,0.0,362879.0,222057.0,,1,0.0001039717196922437,1,0.00010422094841063054
effect_chain_order,Effect Chain Order,Indexed,0.0,362879.0,222346.0,,2,0.0002079434393844874,2,0.00020844189682126107
effect_chain_order,Effect Chain Order,Indexed,0.0,362879.0,222490.0,,1,0.0001039717196922437,1,0.00010422094841063054
effect_chain_order,Effect Chain Order,Indexed,0.0,362879.0,222491.0,,1,0.0001039717196922437,1,0.00010422094841063054
effect_chain_order,Effect Chain Order,Indexed,0.0,362879.0,2225.0,,1,0.0001039717196922437,1,0.00010422094841063054
effect_chain_order,Effect Chain Order,Indexed,0.0,362879.0,22258.0,,1,0.0001039717196922437,1,0.00010422094841063054
effect_chain_order,Effect Chain Order,Indexed,0.0,362879.0,222993.0,,1,0.0001039717196922437,1,0.00010422094841063054
effect_chain_order,Effect Chain Order,Indexed,0.0,362879.0,223.0,,1,0.0001039717196922437,1,0.00010422094841063054
effect_chain_order,Effect Chain Order,Indexed,0.0,362879.0,2232.0,,2,0.0002079434393844874,2,0.00020844189682126107
effect_chain_order,Effect Chain Order,Indexed,0.0,362879.0,22330.0,,1,0.0001039717196922437,1,0.00010422094841063054
effect_chain_order,Effect Chain Order,Indexed,0.0,362879.0,22339.0,,1,0.0001039717196922437,1,0.00010422094841063054
effect_chain_order,Effect Chain Order,Indexed,0.0,362879.0,22365.0,,1,0.0001039717196922437,1,0.00010422094841063054
effect_chain_order,Effect Chain Order,Indexed,0.0,362879.0,2242.0,,1,0.0001039717196922437,1,0.00010422094841063054
effect_chain_order,Effect Chain Order,Indexed,0.0,362879.0,224362.0,,5,0.0005198585984612185,5,0.0005211047420531526
effect_chain_order,Effect Chain Order,Indexed,0.0,362879.0,22464.0,,1,0.0001039717196922437,1,0.00010422094841063054
effect_chain_order,Effect Chain Order,Indexed,0.0,362879.0,224856.0,,1,0.0001039717196922437,1,0.00010422094841063054
effect_chain_order,Effect Chain Order,Indexed,0.0,362879.0,224937.0,,1,0.0001039717196922437,1,0.00010422094841063054
effect_chain_order,Effect Chain Order,Indexed,0.0,362879.0,225192.0,,1,0.0001039717196922437,1,0.00010422094841063054
effect_chain_order,Effect Chain Order,Indexed,0.0,362879.0,225370.0,,1,0.0001039717196922437,1,0.00010422094841063054
effect_chain_order,Effect Chain Order,Indexed,0.0,362879.0,225654.0,,1,0.0001039717196922437,1,0.00010422094841063054
effect_chain_order,Effect Chain Order,Indexed,0.0,362879.0,225876.0,,1,0.0001039717196922437,1,0.00010422094841063054
effect_chain_order,Effect Chain Order,Indexed,0.0,362879.0,225945.0,,1,0.0001039717196922437,1,0.00010422094841063054
effect_chain_order,Effect Chain Order,Indexed,0.0,362879.0,226.0,,1,0.0001039717196922437,1,0.00010422094841063054
effect_chain_order,Effect Chain Order,Indexed,0.0,362879.0,226098.0,,2,0.0002079434393844874,2,0.00020844189682126107
effect_chain_order,Effect Chain Order,Indexed,0.0,362879.0,226459.0,,1,0.0001039717196922437,1,0.00010422094841063054
effect_chain_order,Effect Chain Order,Indexed,0.0,362879.0,226602.0,,1,0.0001039717196922437,1,0.00010422094841063054
effect_chain_order,Effect Chain Order,Indexed,0.0,362879.0,22680.0,,4,0.0004158868787689748,4,0.00041688379364252214
effect_chain_order,Effect Chain Order,Indexed,0.0,362879.0,226800.0,,4,0.0004158868787689748,4,0.00041688379364252214
effect_chain_order,Effect Chain Order,Indexed,0.0,362879.0,226806.0,,1,0.0001039717196922437,1,0.00010422094841063054
effect_chain_order,Effect Chain Order,Indexed,0.0,362879.0,226882.0,,1,0.0001039717196922437,1,0.00010422094841063054
effect_chain_order,Effect Chain Order,Indexed,0.0,362879.0,226990.0,,1,0.0001039717196922437,1,0.00010422094841063054
effect_chain_order,Effect Chain Order,Indexed,0.0,362879.0,227089.0,,1,0.0001039717196922437,1,0.00010422094841063054
effect_chain_order,Effect Chain Order,Indexed,0.0,362879.0,227091.0,,1,0.0001039717196922437,1,0.00010422094841063054
effect_chain_order,Effect Chain Order,Indexed,0.0,362879.0,227098.0,,3,0.00031191515907673113,3,0.0003126628452318916
effect_chain_order,Effect Chain Order,Indexed,0.0,362879.0,227235.0,,2,0.0002079434393844874,2,0.00020844189682126107
effect_chain_order,Effect Chain Order,Indexed,0.0,362879.0,227277.0,,1,0.0001039717196922437,1,0.00010422094841063054
effect_chain_order,Effect Chain Order,Indexed,0.0,362879.0,227304.0,,1,0.0001039717196922437,1,0.00010422094841063054
effect_chain_order,Effect Chain Order,Indexed,0.0,362879.0,22762.0,,1,0.0001039717196922437,1,0.00010422094841063054
effect_chain_order,Effect Chain Order,Indexed,0.0,362879.0,2277.0,,2,0.0002079434393844874,2,0.00020844189682126107
effect_chain_order,Effect Chain Order,Indexed,0.0,362879.0,228312.0,,1,0.0001039717196922437,1,0.00010422094841063054
effect_chain_order,Effect Chain Order,Indexed,0.0,362879.0,228322.0,,1,0.0001039717196922437,1,0.00010422094841063054
effect_chain_order,Effect Chain Order,Indexed,0.0,362879.0,2286.0,,1,0.0001039717196922437,1,0.00010422094841063054
effect_chain_order,Effect Chain Order,Indexed,0.0,362879.0,22869.0,,1,0.0001039717196922437,1,0.00010422094841063054
effect_chain_order,Effect Chain Order,Indexed,0.0,362879.0,228970.0,,1,0.0001039717196922437,1,0.00010422094841063054
effect_chain_order,Effect Chain Order,Indexed,0.0,362879.0,22941.0,,1,0.0001039717196922437,1,0.00010422094841063054
effect_chain_order,Effect Chain Order,Indexed,0.0,362879.0,229637.0,,1,0.0001039717196922437,1,0.00010422094841063054
effect_chain_order,Effect Chain Order,Indexed,0.0,362879.0,229700.0,,2,0.0002079434393844874,1,0.00010422094841063054
effect_chain_order,Effect Chain Order,Indexed,0.0,362879.0,229780.0,,1,0.0001039717196922437,1,0.00010422094841063054
effect_chain_order,Effect Chain Order,Indexed,0.0,362879.0,2304.0,,2,0.0002079434393844874,2,0.00020844189682126107
effect_chain_order,Effect Chain Order,Indexed,0.0,362879.0,230401.0,,1,0.0001039717196922437,1,0.00010422094841063054
effect_chain_order,Effect Chain Order,Indexed,0.0,362879.0,2305.0,,1,0.0001039717196922437,1,0.00010422094841063054
effect_chain_order,Effect Chain Order,Indexed,0.0,362879.0,23060.0,,1,0.0001039717196922437,1,0.00010422094841063054
effect_chain_order,Effect Chain Order,Indexed,0.0,362879.0,23122.0,,1,0.0001039717196922437,1,0.00010422094841063054
effect_chain_order,Effect Chain Order,Indexed,0.0,362879.0,231274.0,,1,0.0001039717196922437,1,0.00010422094841063054
effect_chain_order,Effect Chain Order,Indexed,0.0,362879.0,231355.0,,2,0.0002079434393844874,2,0.00020844189682126107
effect_chain_order,Effect Chain Order,Indexed,0.0,362879.0,2314.0,,3,0.00031191515907673113,2,0.00020844189682126107
effect_chain_order,Effect Chain Order,Indexed,0.0,362879.0,231490.0,,1,0.0001039717196922437,1,0.00010422094841063054
effect_chain_order,Effect Chain Order,Indexed,0.0,362879.0,23184.0,,4,0.0004158868787689748,4,0.00041688379364252214
effect_chain_order,Effect Chain Order,Indexed,0.0,362879.0,2322.0,,1,0.0001039717196922437,1,0.00010422094841063054
effect_chain_order,Effect Chain Order,Indexed,0.0,362879.0,23240.0,,1,0.0001039717196922437,1,0.00010422094841063054
effect_chain_order,Effect Chain Order,Indexed,0.0,362879.0,232426.0,,1,0.0001039717196922437,1,0.00010422094841063054
effect_chain_order,Effect Chain Order,Indexed,0.0,362879.0,232498.0,,1,0.0001039717196922437,1,0.00010422094841063054
effect_chain_order,Effect Chain Order,Indexed,0.0,362879.0,23256.0,,1,0.0001039717196922437,1,0.00010422094841063054
effect_chain_order,Effect Chain Order,Indexed,0.0,362879.0,23266.0,,2,0.0002079434393844874,2,0.00020844189682126107
effect_chain_order,Effect Chain Order,Indexed,0.0,362879.0,232848.0,,12,0.0012476606363069245,12,0.0012506513809275664
effect_chain_order,Effect Chain Order,Indexed,0.0,362879.0,232930.0,,8,0.0008317737575379496,8,0.0008337675872850443
effect_chain_order,Effect Chain Order,Indexed,0.0,362879.0,233002.0,,1,0.0001039717196922437,1,0.00010422094841063054
effect_chain_order,Effect Chain Order,Indexed,0.0,362879.0,233011.0,,1,0.0001039717196922437,1,0.00010422094841063054
effect_chain_order,Effect Chain Order,Indexed,0.0,362879.0,2333.0,,1,0.0001039717196922437,1,0.00010422094841063054
effect_chain_order,Effect Chain Order,Indexed,0.0,362879.0,233352.0,,4,0.0004158868787689748,4,0.00041688379364252214
effect_chain_order,Effect Chain Order,Indexed,0.0,362879.0,233433.0,,1,0.0001039717196922437,1,0.00010422094841063054
effect_chain_order,Effect Chain Order,Indexed,0.0,362879.0,233434.0,,6,0.0006238303181534623,6,0.0006253256904637832
effect_chain_order,Effect Chain Order,Indexed,0.0,362879.0,23348.0,,1,0.0001039717196922437,1,0.00010422094841063054
effect_chain_order,Effect Chain Order,Indexed,0.0,362879.0,233856.0,,3,0.00031191515907673113,3,0.0003126628452318916
effect_chain_order,Effect Chain Order,Indexed,0.0,362879.0,233866.0,,1,0.0001039717196922437,1,0.00010422094841063054
effect_chain_order,Effect Chain Order,Indexed,0.0,362879.0,233938.0,,1,0.0001039717196922437,1,0.00010422094841063054
effect_chain_order,Effect Chain Order,Indexed,0.0,362879.0,234281.0,,1,0.0001039717196922437,1,0.00010422094841063054
effect_chain_order,Effect Chain Order,Indexed,0.0,362879.0,234442.0,,2,0.0002079434393844874,2,0.00020844189682126107
effect_chain_order,Effect Chain Order,Indexed,0.0,362879.0,234658.0,,1,0.0001039717196922437,1,0.00010422094841063054
effect_chain_order,Effect Chain Order,Indexed,0.0,362879.0,235450.0,,1,0.0001039717196922437,1,0.00010422094841063054
effect_chain_order,Effect Chain Order,Indexed,0.0,362879.0,235935.0,,1,0.0001039717196922437,1,0.00010422094841063054
effect_chain_order,Effect Chain Order,Indexed,0.0,362879.0,236458.0,,7,0.000727802037845706,7,0.0007295466388744137
effect_chain_order,Effect Chain Order,Indexed,0.0,362879.0,236962.0,,2,0.0002079434393844874,2,0.00020844189682126107
effect_chain_order,Effect Chain Order,Indexed,0.0,362879.0,237044.0,,2,0.0002079434393844874,2,0.00020844189682126107
effect_chain_order,Effect Chain Order,Indexed,0.0,362879.0,237465.0,,1,0.0001039717196922437,1,0.00010422094841063054
effect_chain_order,Effect Chain Order,Indexed,0.0,362879.0,237501.0,,1,0.0001039717196922437,1,0.00010422094841063054
effect_chain_order,Effect Chain Order,Indexed,0.0,362879.0,237538.0,,2,0.0002079434393844874,2,0.00020844189682126107
effect_chain_order,Effect Chain Order,Indexed,0.0,362879.0,237547.0,,1,0.0001039717196922437,1,0.00010422094841063054
effect_chain_order,Effect Chain Order,Indexed,0.0,362879.0,237620.0,,1,0.0001039717196922437,1,0.00010422094841063054
effect_chain_order,Effect Chain Order,Indexed,0.0,362879.0,237627.0,,1,0.0001039717196922437,1,0.00010422094841063054
effect_chain_order,Effect Chain Order,Indexed,0.0,362879.0,237676.0,,1,0.0001039717196922437,1,0.00010422094841063054
effect_chain_order,Effect Chain Order,Indexed,0.0,362879.0,237681.0,,1,0.0001039717196922437,1,0.00010422094841063054
effect_chain_order,Effect Chain Order,Indexed,0.0,362879.0,237888.0,,1,0.0001039717196922437,1,0.00010422094841063054
effect_chain_order,Effect Chain Order,Indexed,0.0,362879.0,237970.0,,1,0.0001039717196922437,1,0.00010422094841063054
effect_chain_order,Effect Chain Order,Indexed,0.0,362879.0,238099.0,,1,0.0001039717196922437,1,0.00010422094841063054
effect_chain_order,Effect Chain Order,Indexed,0.0,362879.0,238690.0,,1,0.0001039717196922437,1,0.00010422094841063054
effect_chain_order,Effect Chain Order,Indexed,0.0,362879.0,238700.0,,3,0.00031191515907673113,3,0.0003126628452318916
effect_chain_order,Effect Chain Order,Indexed,0.0,362879.0,238896.0,,1,0.0001039717196922437,1,0.00010422094841063054
effect_chain_order,Effect Chain Order,Indexed,0.0,362879.0,239135.0,,1,0.0001039717196922437,1,0.00010422094841063054
effect_chain_order,Effect Chain Order,Indexed,0.0,362879.0,23914.0,,1,0.0001039717196922437,1,0.00010422094841063054
effect_chain_order,Effect Chain Order,Indexed,0.0,362879.0,23924.0,,1,0.0001039717196922437,1,0.00010422094841063054
effect_chain_order,Effect Chain Order,Indexed,0.0,362879.0,239859.0,,1,0.0001039717196922437,1,0.00010422094841063054
effect_chain_order,Effect Chain Order,Indexed,0.0,362879.0,239986.0,,2,0.0002079434393844874,2,0.00020844189682126107
effect_chain_order,Effect Chain Order,Indexed,0.0,362879.0,24.0,,1,0.0001039717196922437,1,0.00010422094841063054
effect_chain_order,Effect Chain Order,Indexed,0.0,362879.0,240490.0,,1,0.0001039717196922437,1,0.00010422094841063054
effect_chain_order,Effect Chain Order,Indexed,0.0,362879.0,240994.0,,1,0.0001039717196922437,1,0.00010422094841063054
effect_chain_order,Effect Chain Order,Indexed,0.0,362879.0,241498.0,,1,0.0001039717196922437,1,0.00010422094841063054
effect_chain_order,Effect Chain Order,Indexed,0.0,362879.0,241803.0,,1,0.0001039717196922437,1,0.00010422094841063054
effect_chain_order,Effect Chain Order,Indexed,0.0,362879.0,24192.0,,9,0.0009357454772301934,9,0.0009379885356956748
effect_chain_order,Effect Chain Order,Indexed,0.0,362879.0,241920.0,,11,0.0011436889166146808,11,0.0011464304325169358
effect_chain_order,Effect Chain Order,Indexed,0.0,362879.0,241926.0,,1,0.0001039717196922437,1,0.00010422094841063054
effect_chain_order,Effect Chain Order,Indexed,0.0,362879.0,241927.0,,2,0.0002079434393844874,2,0.00020844189682126107
effect_chain_order,Effect Chain Order,Indexed,0.0,362879.0,241930.0,,1,0.0001039717196922437,1,0.00010422094841063054
effect_chain_order,Effect Chain Order,Indexed,0.0,362879.0,241965.0,,4,0.0004158868787689748,4,0.00041688379364252214
effect_chain_order,Effect Chain Order,Indexed,0.0,362879.0,24198.0,,1,0.0001039717196922437,1,0.00010422094841063054
effect_chain_order,Effect Chain Order,Indexed,0.0,362879.0,241980.0,,3,0.00031191515907673113,2,0.00020844189682126107
effect_chain_order,Effect Chain Order,Indexed,0.0,362879.0,241983.0,,1,0.0001039717196922437,1,0.00010422094841063054
effect_chain_order,Effect Chain Order,Indexed,0.0,362879.0,241995.0,,1,0.0001039717196922437,1,0.00010422094841063054
effect_chain_order,Effect Chain Order,Indexed,0.0,362879.0,242002.0,,1,0.0001039717196922437,1,0.00010422094841063054
effect_chain_order,Effect Chain Order,Indexed,0.0,362879.0,242010.0,,1,0.0001039717196922437,1,0.00010422094841063054
effect_chain_order,Effect Chain Order,Indexed,0.0,362879.0,24210.0,,2,0.0002079434393844874,2,0.00020844189682126107
effect_chain_order,Effect Chain Order,Indexed,0.0,362879.0,242179.0,,2,0.0002079434393844874,2,0.00020844189682126107
effect_chain_order,Effect Chain Order,Indexed,0.0,362879.0,242209.0,,1,0.0001039717196922437,1,0.00010422094841063054
effect_chain_order,Effect Chain Order,Indexed,0.0,362879.0,242355.0,,1,0.0001039717196922437,1,0.00010422094841063054
effect_chain_order,Effect Chain Order,Indexed,0.0,362879.0,242362.0,,1,0.0001039717196922437,1,0.00010422094841063054
effect_chain_order,Effect Chain Order,Indexed,0.0,362879.0,242412.0,,1,0.0001039717196922437,1,0.00010422094841063054
effect_chain_order,Effect Chain Order,Indexed,0.0,362879.0,242618.0,,1,0.0001039717196922437,1,0.00010422094841063054
effect_chain_order,Effect Chain Order,Indexed,0.0,362879.0,242721.0,,5,0.0005198585984612185,5,0.0005211047420531526
effect_chain_order,Effect Chain Order,Indexed,0.0,362879.0,242722.0,,1,0.0001039717196922437,1,0.00010422094841063054
effect_chain_order,Effect Chain Order,Indexed,0.0,362879.0,24273.0,,1,0.0001039717196922437,1,0.00010422094841063054
effect_chain_order,Effect Chain Order,Indexed,0.0,362879.0,242794.0,,1,0.0001039717196922437,1,0.00010422094841063054
effect_chain_order,Effect Chain Order,Indexed,0.0,362879.0,242814.0,,2,0.0002079434393844874,2,0.00020844189682126107
effect_chain_order,Effect Chain Order,Indexed,0.0,362879.0,242866.0,,2,0.0002079434393844874,2,0.00020844189682126107
effect_chain_order,Effect Chain Order,Indexed,0.0,362879.0,243245.0,,1,0.0001039717196922437,1,0.00010422094841063054
effect_chain_order,Effect Chain Order,Indexed,0.0,362879.0,243308.0,,1,0.0001039717196922437,1,0.00010422094841063054
effect_chain_order,Effect Chain Order,Indexed,0.0,362879.0,24336.0,,2,0.0002079434393844874,2,0.00020844189682126107
effect_chain_order,Effect Chain Order,Indexed,0.0,362879.0,243432.0,,27,0.0028072364316905803,27,0.0028139656070870246
effect_chain_order,Effect Chain Order,Indexed,0.0,362879.0,243435.0,,1,0.0001039717196922437,1,0.00010422094841063054
effect_chain_order,Effect Chain Order,Indexed,0.0,362879.0,243442.0,,4,0.0004158868787689748,4,0.00041688379364252214
effect_chain_order,Effect Chain Order,Indexed,0.0,362879.0,24346.0,,1,0.0001039717196922437,1,0.00010422094841063054
effect_chain_order,Effect Chain Order,Indexed,0.0,362879.0,243514.0,,3,0.00031191515907673113,3,0.0003126628452318916
effect_chain_order,Effect Chain Order,Indexed,0.0,362879.0,243515.0,,1,0.0001039717196922437,1,0.00010422094841063054
effect_chain_order,Effect Chain Order,Indexed,0.0,362879.0,24355.0,,1,0.0001039717196922437,1,0.00010422094841063054
effect_chain_order,Effect Chain Order,Indexed,0.0,362879.0,243668.0,,1,0.0001039717196922437,1,0.00010422094841063054
effect_chain_order,Effect Chain Order,Indexed,0.0,362879.0,243675.0,,1,0.0001039717196922437,1,0.00010422094841063054
effect_chain_order,Effect Chain Order,Indexed,0.0,362879.0,243987.0,,1,0.0001039717196922437,1,0.00010422094841063054
effect_chain_order,Effect Chain Order,Indexed,0.0,362879.0,244018.0,,1,0.0001039717196922437,1,0.00010422094841063054
effect_chain_order,Effect Chain Order,Indexed,0.0,362879.0,24408.0,,2,0.0002079434393844874,2,0.00020844189682126107
effect_chain_order,Effect Chain Order,Indexed,0.0,362879.0,244090.0,,1,0.0001039717196922437,1,0.00010422094841063054
effect_chain_order,Effect Chain Order,Indexed,0.0,362879.0,244251.0,,1,0.0001039717196922437,1,0.00010422094841063054
effect_chain_order,Effect Chain Order,Indexed,0.0,362879.0,244262.0,,1,0.0001039717196922437,1,0.00010422094841063054
effect_chain_order,Effect Chain Order,Indexed,0.0,362879.0,244440.0,,2,0.0002079434393844874,2,0.00020844189682126107
effect_chain_order,Effect Chain Order,Indexed,0.0,362879.0,244450.0,,1,0.0001039717196922437,1,0.00010422094841063054
effect_chain_order,Effect Chain Order,Indexed,0.0,362879.0,244522.0,,2,0.0002079434393844874,2,0.00020844189682126107
effect_chain_order,Effect Chain Order,Indexed,0.0,362879.0,244594.0,,1,0.0001039717196922437,1,0.00010422094841063054
effect_chain_order,Effect Chain Order,Indexed,0.0,362879.0,24465.0,,1,0.0001039717196922437,1,0.00010422094841063054
effect_chain_order,Effect Chain Order,Indexed,0.0,362879.0,244737.0,,1,0.0001039717196922437,1,0.00010422094841063054
effect_chain_order,Effect Chain Order,Indexed,0.0,362879.0,2448.0,,1,0.0001039717196922437,1,0.00010422094841063054
effect_chain_order,Effect Chain Order,Indexed,0.0,362879.0,244954.0,,1,0.0001039717196922437,1,0.00010422094841063054
effect_chain_order,Effect Chain Order,Indexed,0.0,362879.0,245007.0,,1,0.0001039717196922437,1,0.00010422094841063054
effect_chain_order,Effect Chain Order,Indexed,0.0,362879.0,245241.0,,1,0.0001039717196922437,1,0.00010422094841063054
effect_chain_order,Effect Chain Order,Indexed,0.0,362879.0,245252.0,,1,0.0001039717196922437,1,0.00010422094841063054
effect_chain_order,Effect Chain Order,Indexed,0.0,362879.0,245376.0,,1,0.0001039717196922437,1,0.00010422094841063054
effect_chain_order,Effect Chain Order,Indexed,0.0,362879.0,245530.0,,1,0.0001039717196922437,1,0.00010422094841063054
effect_chain_order,Effect Chain Order,Indexed,0.0,362879.0,245622.0,,1,0.0001039717196922437,1,0.00010422094841063054
effect_chain_order,Effect Chain Order,Indexed,0.0,362879.0,24571.0,,1,0.0001039717196922437,1,0.00010422094841063054
effect_chain_order,Effect Chain Order,Indexed,0.0,362879.0,245745.0,,2,0.0002079434393844874,2,0.00020844189682126107
effect_chain_order,Effect Chain Order,Indexed,0.0,362879.0,245746.0,,2,0.0002079434393844874,2,0.00020844189682126107
effect_chain_order,Effect Chain Order,Indexed,0.0,362879.0,245747.0,,1,0.0001039717196922437,1,0.00010422094841063054
effect_chain_order,Effect Chain Order,Indexed,0.0,362879.0,245818.0,,2,0.0002079434393844874,2,0.00020844189682126107
effect_chain_order,Effect Chain Order,Indexed,0.0,362879.0,245890.0,,2,0.0002079434393844874,2,0.00020844189682126107
effect_chain_order,Effect Chain Order,Indexed,0.0,362879.0,246.0,,1,0.0001039717196922437,1,0.00010422094841063054
effect_chain_order,Effect Chain Order,Indexed,0.0,362879.0,246161.0,,1,0.0001039717196922437,1,0.00010422094841063054
effect_chain_order,Effect Chain Order,Indexed,0.0,362879.0,246250.0,,1,0.0001039717196922437,1,0.00010422094841063054
effect_chain_order,Effect Chain Order,Indexed,0.0,362879.0,246322.0,,1,0.0001039717196922437,1,0.00010422094841063054
effect_chain_order,Effect Chain Order,Indexed,0.0,362879.0,246456.0,,1,0.0001039717196922437,1,0.00010422094841063054
effect_chain_order,Effect Chain Order,Indexed,0.0,362879.0,246466.0,,1,0.0001039717196922437,1,0.00010422094841063054
effect_chain_order,Effect Chain Order,Indexed,0.0,362879.0,2466.0,,1,0.0001039717196922437,1,0.00010422094841063054
effect_chain_order,Effect Chain Order,Indexed,0.0,362879.0,246826.0,,1,0.0001039717196922437,1,0.00010422094841063054
effect_chain_order,Effect Chain Order,Indexed,0.0,362879.0,24696.0,,5,0.0005198585984612185,5,0.0005211047420531526
effect_chain_order,Effect Chain Order,Indexed,0.0,362879.0,247042.0,,1,0.0001039717196922437,1,0.00010422094841063054
effect_chain_order,Effect Chain Order,Indexed,0.0,362879.0,247286.0,,1,0.0001039717196922437,1,0.00010422094841063054
effect_chain_order,Effect Chain Order,Indexed,0.0,362879.0,247510.0,,1,0.0001039717196922437,1,0.00010422094841063054
effect_chain_order,Effect Chain Order,Indexed,0.0,362879.0,247618.0,,1,0.0001039717196922437,1,0.00010422094841063054
effect_chain_order,Effect Chain Order,Indexed,0.0,362879.0,24768.0,,1,0.0001039717196922437,1,0.00010422094841063054
effect_chain_order,Effect Chain Order,Indexed,0.0,362879.0,247690.0,,1,0.0001039717196922437,1,0.00010422094841063054
effect_chain_order,Effect Chain Order,Indexed,0.0,362879.0,24778.0,,5,0.0005198585984612185,5,0.0005211047420531526
effect_chain_order,Effect Chain Order,Indexed,0.0,362879.0,247968.0,,17,0.001767519234768143,17,0.0017717561229807191
effect_chain_order,Effect Chain Order,Indexed,0.0,362879.0,247971.0,,1,0.0001039717196922437,1,0.00010422094841063054
effect_chain_order,Effect Chain Order,Indexed,0.0,362879.0,247978.0,,3,0.00031191515907673113,3,0.0003126628452318916
effect_chain_order,Effect Chain Order,Indexed,0.0,362879.0,24800.0,,1,0.0001039717196922437,1,0.00010422094841063054
effect_chain_order,Effect Chain Order,Indexed,0.0,362879.0,248004.0,,1,0.0001039717196922437,1,0.00010422094841063054
effect_chain_order,Effect Chain Order,Indexed,0.0,362879.0,248049.0,,1,0.0001039717196922437,1,0.00010422094841063054
effect_chain_order,Effect Chain Order,Indexed,0.0,362879.0,248050.0,,16,0.0016635475150758993,16,0.0016675351745700886
effect_chain_order,Effect Chain Order,Indexed,0.0,362879.0,248132.0,,1,0.0001039717196922437,1,0.00010422094841063054
effect_chain_order,Effect Chain Order,Indexed,0.0,362879.0,24815.0,,1,0.0001039717196922437,1,0.00010422094841063054
effect_chain_order,Effect Chain Order,Indexed,0.0,362879.0,248472.0,,3,0.00031191515907673113,3,0.0003126628452318916
effect_chain_order,Effect Chain Order,Indexed,0.0,362879.0,24850.0,,1,0.0001039717196922437,1,0.00010422094841063054
effect_chain_order,Effect Chain Order,Indexed,0.0,362879.0,248544.0,,1,0.0001039717196922437,1,0.00010422094841063054
effect_chain_order,Effect Chain Order,Indexed,0.0,362879.0,248554.0,,7,0.000727802037845706,7,0.0007295466388744137
effect_chain_order,Effect Chain Order,Indexed,0.0,362879.0,248619.0,,1,0.0001039717196922437,1,0.00010422094841063054
effect_chain_order,Effect Chain Order,Indexed,0.0,362879.0,248626.0,,2,0.0002079434393844874,2,0.00020844189682126107
effect_chain_order,Effect Chain Order,Indexed,0.0,362879.0,248842.0,,1,0.0001039717196922437,1,0.00010422094841063054
effect_chain_order,Effect Chain Order,Indexed,0.0,362879.0,248914.0,,1,0.0001039717196922437,1,0.00010422094841063054
effect_chain_order,Effect Chain Order,Indexed,0.0,362879.0,248996.0,,1,0.0001039717196922437,1,0.00010422094841063054
effect_chain_order,Effect Chain Order,Indexed,0.0,362879.0,249058.0,,2,0.0002079434393844874,2,0.00020844189682126107
effect_chain_order,Effect Chain Order,Indexed,0.0,362879.0,249097.0,,1,0.0001039717196922437,1,0.00010422094841063054
effect_chain_order,Effect Chain Order,Indexed,0.0,362879.0,249129.0,,1,0.0001039717196922437,1,0.00010422094841063054
effect_chain_order,Effect Chain Order,Indexed,0.0,362879.0,249140.0,,1,0.0001039717196922437,1,0.00010422094841063054
effect_chain_order,Effect Chain Order,Indexed,0.0,362879.0,24922.0,,1,0.0001039717196922437,1,0.00010422094841063054
effect_chain_order,Effect Chain Order,Indexed,0.0,362879.0,249320.0,,1,0.0001039717196922437,1,0.00010422094841063054
effect_chain_order,Effect Chain Order,Indexed,0.0,362879.0,249336.0,,1,0.0001039717196922437,1,0.00010422094841063054
effect_chain_order,Effect Chain Order,Indexed,0.0,362879.0,249480.0,,1,0.0001039717196922437,1,0.00010422094841063054
effect_chain_order,Effect Chain Order,Indexed,0.0,362879.0,249858.0,,1,0.0001039717196922437,1,0.00010422094841063054
effect_chain_order,Effect Chain Order,Indexed,0.0,362879.0,250066.0,,3,0.00031191515907673113,3,0.0003126628452318916
effect_chain_order,Effect Chain Order,Indexed,0.0,362879.0,250202.0,,1,0.0001039717196922437,1,0.00010422094841063054
effect_chain_order,Effect Chain Order,Indexed,0.0,362879.0,250291.0,,1,0.0001039717196922437,1,0.00010422094841063054
effect_chain_order,Effect Chain Order,Indexed,0.0,362879.0,250642.0,,1,0.0001039717196922437,1,0.00010422094841063054
effect_chain_order,Effect Chain Order,Indexed,0.0,362879.0,250714.0,,1,0.0001039717196922437,1,0.00010422094841063054
effect_chain_order,Effect Chain Order,Indexed,0.0,362879.0,250806.0,,1,0.0001039717196922437,1,0.00010422094841063054
effect_chain_order,Effect Chain Order,Indexed,0.0,362879.0,251074.0,,1,0.0001039717196922437,1,0.00010422094841063054
effect_chain_order,Effect Chain Order,Indexed,0.0,362879.0,251156.0,,2,0.0002079434393844874,2,0.00020844189682126107
effect_chain_order,Effect Chain Order,Indexed,0.0,362879.0,251496.0,,1,0.0001039717196922437,1,0.00010422094841063054
effect_chain_order,Effect Chain Order,Indexed,0.0,362879.0,251577.0,,1,0.0001039717196922437,1,0.00010422094841063054
effect_chain_order,Effect Chain Order,Indexed,0.0,362879.0,251578.0,,2,0.0002079434393844874,2,0.00020844189682126107
effect_chain_order,Effect Chain Order,Indexed,0.0,362879.0,251587.0,,5,0.0005198585984612185,5,0.0005211047420531526
effect_chain_order,Effect Chain Order,Indexed,0.0,362879.0,251613.0,,1,0.0001039717196922437,1,0.00010422094841063054
effect_chain_order,Effect Chain Order,Indexed,0.0,362879.0,251660.0,,1,0.0001039717196922437,1,0.00010422094841063054
effect_chain_order,Effect Chain Order,Indexed,0.0,362879.0,252.0,,1,0.0001039717196922437,1,0.00010422094841063054
effect_chain_order,Effect Chain Order,Indexed,0.0,362879.0,2520.0,,3,0.00031191515907673113,3,0.0003126628452318916
effect_chain_order,Effect Chain Order,Indexed,0.0,362879.0,252082.0,,6,0.0006238303181534623,6,0.0006253256904637832
effect_chain_order,Effect Chain Order,Indexed,0.0,362879.0,252163.0,,1,0.0001039717196922437,1,0.00010422094841063054
effect_chain_order,Effect Chain Order,Indexed,0.0,362879.0,252519.0,,1,0.0001039717196922437,1,0.00010422094841063054
effect_chain_order,Effect Chain Order,Indexed,0.0,362879.0,252659.0,,1,0.0001039717196922437,1,0.00010422094841063054
effect_chain_order,Effect Chain Order,Indexed,0.0,362879.0,25282.0,,10,0.001039717196922437,10,0.0010422094841063053
effect_chain_order,Effect Chain Order,Indexed,0.0,362879.0,2530.0,,1,0.0001039717196922437,1,0.00010422094841063054
effect_chain_order,Effect Chain Order,Indexed,0.0,362879.0,253522.0,,2,0.0002079434393844874,2,0.00020844189682126107
effect_chain_order,Effect Chain Order,Indexed,0.0,362879.0,253595.0,,1,0.0001039717196922437,1,0.00010422094841063054
effect_chain_order,Effect Chain Order,Indexed,0.0,362879.0,253810.0,,1,0.0001039717196922437,1,0.00010422094841063054
effect_chain_order,Effect Chain Order,Indexed,0.0,362879.0,253820.0,,1,0.0001039717196922437,1,0.00010422094841063054
effect_chain_order,Effect Chain Order,Indexed,0.0,362879.0,254016.0,,3,0.00031191515907673113,3,0.0003126628452318916
effect_chain_order,Effect Chain Order,Indexed,0.0,362879.0,254520.0,,1,0.0001039717196922437,1,0.00010422094841063054
effect_chain_order,Effect Chain Order,Indexed,0.0,362879.0,254602.0,,4,0.0004158868787689748,4,0.00041688379364252214
effect_chain_order,Effect Chain Order,Indexed,0.0,362879.0,254745.0,,1,0.0001039717196922437,1,0.00010422094841063054
effect_chain_order,Effect Chain Order,Indexed,0.0,362879.0,254756.0,,1,0.0001039717196922437,1,0.00010422094841063054
effect_chain_order,Effect Chain Order,Indexed,0.0,362879.0,254808.0,,1,0.0001039717196922437,1,0.00010422094841063054
effect_chain_order,Effect Chain Order,Indexed,0.0,362879.0,254818.0,,1,0.0001039717196922437,1,0.00010422094841063054
effect_chain_order,Effect Chain Order,Indexed,0.0,362879.0,25482.0,,1,0.0001039717196922437,1,0.00010422094841063054
effect_chain_order,Effect Chain Order,Indexed,0.0,362879.0,255106.0,,3,0.00031191515907673113,3,0.0003126628452318916
effect_chain_order,Effect Chain Order,Indexed,0.0,362879.0,255107.0,,1,0.0001039717196922437,1,0.00010422094841063054
effect_chain_order,Effect Chain Order,Indexed,0.0,362879.0,255538.0,,1,0.0001039717196922437,1,0.00010422094841063054
effect_chain_order,Effect Chain Order,Indexed,0.0,362879.0,255610.0,,1,0.0001039717196922437,1,0.00010422094841063054
effect_chain_order,Effect Chain Order,Indexed,0.0,362879.0,255754.0,,1,0.0001039717196922437,1,0.00010422094841063054
effect_chain_order,Effect Chain Order,Indexed,0.0,362879.0,256114.0,,1,0.0001039717196922437,1,0.00010422094841063054
effect_chain_order,Effect Chain Order,Indexed,0.0,362879.0,256194.0,,1,0.0001039717196922437,1,0.00010422094841063054
effect_chain_order,Effect Chain Order,Indexed,0.0,362879.0,2565.0,,1,0.0001039717196922437,1,0.00010422094841063054
effect_chain_order,Effect Chain Order,Indexed,0.0,362879.0,256834.0,,1,0.0001039717196922437,1,0.00010422094841063054
effect_chain_order,Effect Chain Order,Indexed,0.0,362879.0,25704.0,,5,0.0005198585984612185,5,0.0005211047420531526
effect_chain_order,Effect Chain Order,Indexed,0.0,362879.0,257040.0,,115,0.011956747764608026,115,0.011985409067222511
effect_chain_order,Effect Chain Order,Indexed,0.0,362879.0,257043.0,,2,0.0002079434393844874,2,0.00020844189682126107
effect_chain_order,Effect Chain Order,Indexed,0.0,362879.0,257044.0,,2,0.0002079434393844874,2,0.00020844189682126107
effect_chain_order,Effect Chain Order,Indexed,0.0,362879.0,257046.0,,1,0.0001039717196922437,1,0.00010422094841063054
effect_chain_order,Effect Chain Order,Indexed,0.0,362879.0,257050.0,,3,0.00031191515907673113,3,0.0003126628452318916
effect_chain_order,Effect Chain Order,Indexed,0.0,362879.0,257058.0,,1,0.0001039717196922437,1,0.00010422094841063054
effect_chain_order,Effect Chain Order,Indexed,0.0,362879.0,257085.0,,1,0.0001039717196922437,1,0.00010422094841063054
effect_chain_order,Effect Chain Order,Indexed,0.0,362879.0,257121.0,,2,0.0002079434393844874,2,0.00020844189682126107
effect_chain_order,Effect Chain Order,Indexed,0.0,362879.0,257122.0,,3,0.00031191515907673113,3,0.0003126628452318916
effect_chain_order,Effect Chain Order,Indexed,0.0,362879.0,257123.0,,1,0.0001039717196922437,1,0.00010422094841063054
effect_chain_order,Effect Chain Order,Indexed,0.0,362879.0,25714.0,,2,0.0002079434393844874,2,0.00020844189682126107
effect_chain_order,Effect Chain Order,Indexed,0.0,362879.0,257238.0,,1,0.0001039717196922437,1,0.00010422094841063054
effect_chain_order,Effect Chain Order,Indexed,0.0,362879.0,257262.0,,1,0.0001039717196922437,1,0.00010422094841063054
effect_chain_order,Effect Chain Order,Indexed,0.0,362879.0,257328.0,,1,0.0001039717196922437,1,0.00010422094841063054
effect_chain_order,Effect Chain Order,Indexed,0.0,362879.0,257338.0,,3,0.00031191515907673113,3,0.0003126628452318916
effect_chain_order,Effect Chain Order,Indexed,0.0,362879.0,257454.0,,1,0.0001039717196922437,1,0.00010422094841063054
effect_chain_order,Effect Chain Order,Indexed,0.0,362879.0,257472.0,,1,0.0001039717196922437,1,0.00010422094841063054
effect_chain_order,Effect Chain Order,Indexed,0.0,362879.0,257517.0,,3,0.00031191515907673113,3,0.0003126628452318916
effect_chain_order,Effect Chain Order,Indexed,0.0,362879.0,257544.0,,3,0.00031191515907673113,3,0.0003126628452318916
effect_chain_order,Effect Chain Order,Indexed,0.0,362879.0,257616.0,,1,0.0001039717196922437,1,0.00010422094841063054
effect_chain_order,Effect Chain Order,Indexed,0.0,362879.0,257625.0,,10,0.001039717196922437,10,0.0010422094841063053
effect_chain_order,Effect Chain Order,Indexed,0.0,362879.0,257626.0,,3,0.00031191515907673113,3,0.0003126628452318916
effect_chain_order,Effect Chain Order,Indexed,0.0,362879.0,257627.0,,1,0.0001039717196922437,1,0.00010422094841063054
effect_chain_order,Effect Chain Order,Indexed,0.0,362879.0,257698.0,,1,0.0001039717196922437,1,0.00010422094841063054
effect_chain_order,Effect Chain Order,Indexed,0.0,362879.0,25776.0,,1,0.0001039717196922437,1,0.00010422094841063054
effect_chain_order,Effect Chain Order,Indexed,0.0,362879.0,25786.0,,3,0.00031191515907673113,3,0.0003126628452318916
effect_chain_order,Effect Chain Order,Indexed,0.0,362879.0,257986.0,,1,0.0001039717196922437,1,0.00010422094841063054
effect_chain_order,Effect Chain Order,Indexed,0.0,362879.0,258048.0,,2,0.0002079434393844874,2,0.00020844189682126107
effect_chain_order,Effect Chain Order,Indexed,0.0,362879.0,258140.0,,1,0.0001039717196922437,1,0.00010422094841063054
effect_chain_order,Effect Chain Order,Indexed,0.0,362879.0,258201.0,,1,0.0001039717196922437,1,0.00010422094841063054
effect_chain_order,Effect Chain Order,Indexed,0.0,362879.0,258202.0,,1,0.0001039717196922437,1,0.00010422094841063054
effect_chain_order,Effect Chain Order,Indexed,0.0,362879.0,258211.0,,1,0.0001039717196922437,1,0.00010422094841063054
effect_chain_order,Effect Chain Order,Indexed,0.0,362879.0,258293.0,,1,0.0001039717196922437,1,0.00010422094841063054
effect_chain_order,Effect Chain Order,Indexed,0.0,362879.0,258552.0,,1,0.0001039717196922437,1,0.00010422094841063054
effect_chain_order,Effect Chain Order,Indexed,0.0,362879.0,258706.0,,2,0.0002079434393844874,2,0.00020844189682126107
effect_chain_order,Effect Chain Order,Indexed,0.0,362879.0,2592.0,,1,0.0001039717196922437,1,0.00010422094841063054
effect_chain_order,Effect Chain Order,Indexed,0.0,362879.0,25930.0,,2,0.0002079434393844874,2,0.00020844189682126107
effect_chain_order,Effect Chain Order,Indexed,0.0,362879.0,25938.0,,1,0.0001039717196922437,1,0.00010422094841063054
effect_chain_order,Effect Chain Order,Indexed,0.0,362879.0,259713.0,,1,0.0001039717196922437,1,0.00010422094841063054
effect_chain_order,Effect Chain Order,Indexed,0.0,362879.0,259858.0,,1,0.0001039717196922437,1,0.00010422094841063054
effect_chain_order,Effect Chain Order,Indexed,0.0,362879.0,259868.0,,2,0.0002079434393844874,2,0.00020844189682126107
effect_chain_order,Effect Chain Order,Indexed,0.0,362879.0,26002.0,,1,0.0001039717196922437,1,0.00010422094841063054
effect_chain_order,Effect Chain Order,Indexed,0.0,362879.0,260064.0,,25,0.0025992929923060928,25,0.0026055237102657635
effect_chain_order,Effect Chain Order,Indexed,0.0,362879.0,260070.0,,6,0.0006238303181534623,6,0.0006253256904637832
effect_chain_order,Effect Chain Order,Indexed,0.0,362879.0,260071.0,,1,0.0001039717196922437,1,0.00010422094841063054
effect_chain_order,Effect Chain Order,Indexed,0.0,362879.0,260072.0,,1,0.0001039717196922437,1,0.00010422094841063054
effect_chain_order,Effect Chain Order,Indexed,0.0,362879.0,260093.0,,1,0.0001039717196922437,1,0.00010422094841063054
effect_chain_order,Effect Chain Order,Indexed,0.0,362879.0,260109.0,,3,0.00031191515907673113,3,0.0003126628452318916
effect_chain_order,Effect Chain Order,Indexed,0.0,362879.0,260118.0,,1,0.0001039717196922437,1,0.00010422094841063054
effect_chain_order,Effect Chain Order,Indexed,0.0,362879.0,260127.0,,1,0.0001039717196922437,1,0.00010422094841063054
effect_chain_order,Effect Chain Order,Indexed,0.0,362879.0,26019.0,,1,0.0001039717196922437,1,0.00010422094841063054
effect_chain_order,Effect Chain Order,Indexed,0.0,362879.0,2602.0,,2,0.0002079434393844874,2,0.00020844189682126107
effect_chain_order,Effect Chain Order,Indexed,0.0,362879.0,260227.0,,3,0.00031191515907673113,3,0.0003126628452318916
effect_chain_order,Effect Chain Order,Indexed,0.0,362879.0,260228.0,,1,0.0001039717196922437,1,0.00010422094841063054
effect_chain_order,Effect Chain Order,Indexed,0.0,362879.0,260237.0,,1,0.0001039717196922437,1,0.00010422094841063054
effect_chain_order,Effect Chain Order,Indexed,0.0,362879.0,260246.0,,1,0.0001039717196922437,1,0.00010422094841063054
effect_chain_order,Effect Chain Order,Indexed,0.0,362879.0,260253.0,,1,0.0001039717196922437,1,0.00010422094841063054
effect_chain_order,Effect Chain Order,Indexed,0.0,362879.0,260352.0,,1,0.0001039717196922437,1,0.00010422094841063054
effect_chain_order,Effect Chain Order,Indexed,0.0,362879.0,260372.0,,1,0.0001039717196922437,1,0.00010422094841063054
effect_chain_order,Effect Chain Order,Indexed,0.0,362879.0,260430.0,,2,0.0002079434393844874,2,0.00020844189682126107
effect_chain_order,Effect Chain Order,Indexed,0.0,362879.0,260480.0,,1,0.0001039717196922437,1,0.00010422094841063054
effect_chain_order,Effect Chain Order,Indexed,0.0,362879.0,260541.0,,1,0.0001039717196922437,1,0.00010422094841063054
effect_chain_order,Effect Chain Order,Indexed,0.0,362879.0,260568.0,,22,0.0022873778332293615,22,0.0022928608650338717
effect_chain_order,Effect Chain Order,Indexed,0.0,362879.0,260572.0,,1,0.0001039717196922437,1,0.00010422094841063054
effect_chain_order,Effect Chain Order,Indexed,0.0,362879.0,260574.0,,1,0.0001039717196922437,1,0.00010422094841063054
effect_chain_order,Effect Chain Order,Indexed,0.0,362879.0,260577.0,,1,0.0001039717196922437,1,0.00010422094841063054
effect_chain_order,Effect Chain Order,Indexed,0.0,362879.0,260578.0,,1,0.0001039717196922437,1,0.00010422094841063054
effect_chain_order,Effect Chain Order,Indexed,0.0,362879.0,260586.0,,1,0.0001039717196922437,1,0.00010422094841063054
effect_chain_order,Effect Chain Order,Indexed,0.0,362879.0,260588.0,,2,0.0002079434393844874,2,0.00020844189682126107
effect_chain_order,Effect Chain Order,Indexed,0.0,362879.0,260607.0,,1,0.0001039717196922437,1,0.00010422094841063054
effect_chain_order,Effect Chain Order,Indexed,0.0,362879.0,260640.0,,6,0.0006238303181534623,6,0.0006253256904637832
effect_chain_order,Effect Chain Order,Indexed,0.0,362879.0,260644.0,,1,0.0001039717196922437,1,0.00010422094841063054
effect_chain_order,Effect Chain Order,Indexed,0.0,362879.0,260649.0,,10,0.001039717196922437,10,0.0010422094841063053
effect_chain_order,Effect Chain Order,Indexed,0.0,362879.0,260650.0,,28,0.002911208151382824,28,0.002918186555497655
effect_chain_order,Effect Chain Order,Indexed,0.0,362879.0,260656.0,,1,0.0001039717196922437,1,0.00010422094841063054
effect_chain_order,Effect Chain Order,Indexed,0.0,362879.0,260698.0,,1,0.0001039717196922437,1,0.00010422094841063054
effect_chain_order,Effect Chain Order,Indexed,0.0,362879.0,260712.0,,1,0.0001039717196922437,1,0.00010422094841063054
effect_chain_order,Effect Chain Order,Indexed,0.0,362879.0,260928.0,,1,0.0001039717196922437,1,0.00010422094841063054
effect_chain_order,Effect Chain Order,Indexed,0.0,362879.0,261.0,,1,0.0001039717196922437,1,0.00010422094841063054
effect_chain_order,Effect Chain Order,Indexed,0.0,362879.0,261020.0,,1,0.0001039717196922437,1,0.00010422094841063054
effect_chain_order,Effect Chain Order,Indexed,0.0,362879.0,261045.0,,1,0.0001039717196922437,1,0.00010422094841063054
effect_chain_order,Effect Chain Order,Indexed,0.0,362879.0,261072.0,,1,0.0001039717196922437,1,0.00010422094841063054
effect_chain_order,Effect Chain Order,Indexed,0.0,362879.0,261109.0,,1,0.0001039717196922437,1,0.00010422094841063054
effect_chain_order,Effect Chain Order,Indexed,0.0,362879.0,261153.0,,1,0.0001039717196922437,1,0.00010422094841063054
effect_chain_order,Effect Chain Order,Indexed,0.0,362879.0,261154.0,,2,0.0002079434393844874,2,0.00020844189682126107
effect_chain_order,Effect Chain Order,Indexed,0.0,362879.0,261236.0,,1,0.0001039717196922437,1,0.00010422094841063054
effect_chain_order,Effect Chain Order,Indexed,0.0,362879.0,261369.0,,2,0.0002079434393844874,2,0.00020844189682126107
effect_chain_order,Effect Chain Order,Indexed,0.0,362879.0,261576.0,,3,0.00031191515907673113,3,0.0003126628452318916
effect_chain_order,Effect Chain Order,Indexed,0.0,362879.0,261585.0,,1,0.0001039717196922437,1,0.00010422094841063054
effect_chain_order,Effect Chain Order,Indexed,0.0,362879.0,261596.0,,3,0.00031191515907673113,3,0.0003126628452318916
effect_chain_order,Effect Chain Order,Indexed,0.0,362879.0,261606.0,,1,0.0001039717196922437,1,0.00010422094841063054
effect_chain_order,Effect Chain Order,Indexed,0.0,362879.0,261657.0,,1,0.0001039717196922437,1,0.00010422094841063054
effect_chain_order,Effect Chain Order,Indexed,0.0,362879.0,261658.0,,1,0.0001039717196922437,1,0.00010422094841063054
effect_chain_order,Effect Chain Order,Indexed,0.0,362879.0,261867.0,,1,0.0001039717196922437,1,0.00010422094841063054
effect_chain_order,Effect Chain Order,Indexed,0.0,362879.0,262080.0,,4,0.0004158868787689748,4,0.00041688379364252214
effect_chain_order,Effect Chain Order,Indexed,0.0,362879.0,26215.0,,1,0.0001039717196922437,1,0.00010422094841063054
effect_chain_order,Effect Chain Order,Indexed,0.0,362879.0,262152.0,,1,0.0001039717196922437,1,0.00010422094841063054
effect_chain_order,Effect Chain Order,Indexed,0.0,362879.0,262325.0,,1,0.0001039717196922437,1,0.00010422094841063054
effect_chain_order,Effect Chain Order,Indexed,0.0,362879.0,262341.0,,1,0.0001039717196922437,1,0.00010422094841063054
effect_chain_order,Effect Chain Order,Indexed,0.0,362879.0,262388.0,,1,0.0001039717196922437,1,0.00010422094841063054
effect_chain_order,Effect Chain Order,Indexed,0.0,362879.0,262584.0,,3,0.00031191515907673113,3,0.0003126628452318916
effect_chain_order,Effect Chain Order,Indexed,0.0,362879.0,262655.0,,1,0.0001039717196922437,1,0.00010422094841063054
effect_chain_order,Effect Chain Order,Indexed,0.0,362879.0,262666.0,,3,0.00031191515907673113,3,0.0003126628452318916
effect_chain_order,Effect Chain Order,Indexed,0.0,362879.0,262810.0,,1,0.0001039717196922437,1,0.00010422094841063054
effect_chain_order,Effect Chain Order,Indexed,0.0,362879.0,262872.0,,1,0.0001039717196922437,1,0.00010422094841063054
effect_chain_order,Effect Chain Order,Indexed,0.0,362879.0,263088.0,,2,0.0002079434393844874,2,0.00020844189682126107
effect_chain_order,Effect Chain Order,Indexed,0.0,362879.0,263170.0,,1,0.0001039717196922437,1,0.00010422094841063054
effect_chain_order,Effect Chain Order,Indexed,0.0,362879.0,263261.0,,1,0.0001039717196922437,1,0.00010422094841063054
effect_chain_order,Effect Chain Order,Indexed,0.0,362879.0,263280.0,,2,0.0002079434393844874,2,0.00020844189682126107
effect_chain_order,Effect Chain Order,Indexed,0.0,362879.0,263385.0,,1,0.0001039717196922437,1,0.00010422094841063054
effect_chain_order,Effect Chain Order,Indexed,0.0,362879.0,263386.0,,2,0.0002079434393844874,2,0.00020844189682126107
effect_chain_order,Effect Chain Order,Indexed,0.0,362879.0,26352.0,,1,0.0001039717196922437,1,0.00010422094841063054
effect_chain_order,Effect Chain Order,Indexed,0.0,362879.0,263592.0,,4,0.0004158868787689748,4,0.00041688379364252214
effect_chain_order,Effect Chain Order,Indexed,0.0,362879.0,263593.0,,1,0.0001039717196922437,1,0.00010422094841063054
effect_chain_order,Effect Chain Order,Indexed,0.0,362879.0,26362.0,,1,0.0001039717196922437,1,0.00010422094841063054
effect_chain_order,Effect Chain Order,Indexed,0.0,362879.0,263673.0,,8,0.0008317737575379496,8,0.0008337675872850443
effect_chain_order,Effect Chain Order,Indexed,0.0,362879.0,263754.0,,1,0.0001039717196922437,1,0.00010422094841063054
effect_chain_order,Effect Chain Order,Indexed,0.0,362879.0,263972.0,,1,0.0001039717196922437,1,0.00010422094841063054
effect_chain_order,Effect Chain Order,Indexed,0.0,362879.0,264096.0,,3,0.00031191515907673113,3,0.0003126628452318916
effect_chain_order,Effect Chain Order,Indexed,0.0,362879.0,264178.0,,2,0.0002079434393844874,2,0.00020844189682126107
effect_chain_order,Effect Chain Order,Indexed,0.0,362879.0,264249.0,,1,0.0001039717196922437,1,0.00010422094841063054
effect_chain_order,Effect Chain Order,Indexed,0.0,362879.0,264502.0,,1,0.0001039717196922437,1,0.00010422094841063054
effect_chain_order,Effect Chain Order,Indexed,0.0,362879.0,26506.0,,1,0.0001039717196922437,1,0.00010422094841063054
effect_chain_order,Effect Chain Order,Indexed,0.0,362879.0,265114.0,,1,0.0001039717196922437,1,0.00010422094841063054
effect_chain_order,Effect Chain Order,Indexed,0.0,362879.0,265185.0,,3,0.00031191515907673113,3,0.0003126628452318916
effect_chain_order,Effect Chain Order,Indexed,0.0,362879.0,265294.0,,2,0.0002079434393844874,2,0.00020844189682126107
effect_chain_order,Effect Chain Order,Indexed,0.0,362879.0,266112.0,,3,0.00031191515907673113,3,0.0003126628452318916
effect_chain_order,Effect Chain Order,Indexed,0.0,362879.0,266266.0,,1,0.0001039717196922437,1,0.00010422094841063054
effect_chain_order,Effect Chain Order,Indexed,0.0,362879.0,266410.0,,1,0.0001039717196922437,1,0.00010422094841063054
effect_chain_order,Effect Chain Order,Indexed,0.0,362879.0,266564.0,,1,0.0001039717196922437,1,0.00010422094841063054
effect_chain_order,Effect Chain Order,Indexed,0.0,362879.0,266616.0,,3,0.00031191515907673113,3,0.0003126628452318916
effect_chain_order,Effect Chain Order,Indexed,0.0,362879.0,266698.0,,1,0.0001039717196922437,1,0.00010422094841063054
effect_chain_order,Effect Chain Order,Indexed,0.0,362879.0,266842.0,,1,0.0001039717196922437,1,0.00010422094841063054
effect_chain_order,Effect Chain Order,Indexed,0.0,362879.0,267201.0,,1,0.0001039717196922437,1,0.00010422094841063054
effect_chain_order,Effect Chain Order,Indexed,0.0,362879.0,267417.0,,1,0.0001039717196922437,1,0.00010422094841063054
effect_chain_order,Effect Chain Order,Indexed,0.0,362879.0,267624.0,,1,0.0001039717196922437,1,0.00010422094841063054
effect_chain_order,Effect Chain Order,Indexed,0.0,362879.0,267644.0,,1,0.0001039717196922437,1,0.00010422094841063054
effect_chain_order,Effect Chain Order,Indexed,0.0,362879.0,267777.0,,1,0.0001039717196922437,1,0.00010422094841063054
effect_chain_order,Effect Chain Order,Indexed,0.0,362879.0,26794.0,,3,0.00031191515907673113,3,0.0003126628452318916
effect_chain_order,Effect Chain Order,Indexed,0.0,362879.0,268.0,,2,0.0002079434393844874,2,0.00020844189682126107
effect_chain_order,Effect Chain Order,Indexed,0.0,362879.0,268015.0,,1,0.0001039717196922437,1,0.00010422094841063054
effect_chain_order,Effect Chain Order,Indexed,0.0,362879.0,268029.0,,1,0.0001039717196922437,1,0.00010422094841063054
effect_chain_order,Effect Chain Order,Indexed,0.0,362879.0,268713.0,,1,0.0001039717196922437,1,0.00010422094841063054
effect_chain_order,Effect Chain Order,Indexed,0.0,362879.0,268714.0,,3,0.00031191515907673113,3,0.0003126628452318916
effect_chain_order,Effect Chain Order,Indexed,0.0,362879.0,269424.0,,1,0.0001039717196922437,1,0.00010422094841063054
effect_chain_order,Effect Chain Order,Indexed,0.0,362879.0,269435.0,,2,0.0002079434393844874,2,0.00020844189682126107
effect_chain_order,Effect Chain Order,Indexed,0.0,362879.0,269721.0,,1,0.0001039717196922437,1,0.00010422094841063054
effect_chain_order,Effect Chain Order,Indexed,0.0,362879.0,269722.0,,2,0.0002079434393844874,2,0.00020844189682126107
effect_chain_order,Effect Chain Order,Indexed,0.0,362879.0,27.0,,6,0.0006238303181534623,6,0.0006253256904637832
effect_chain_order,Effect Chain Order,Indexed,0.0,362879.0,270.0,,1,0.0001039717196922437,1,0.00010422094841063054
effect_chain_order,Effect Chain Order,Indexed,0.0,362879.0,27010.0,,1,0.0001039717196922437,1,0.00010422094841063054
effect_chain_order,Effect Chain Order,Indexed,0.0,362879.0,270226.0,,1,0.0001039717196922437,1,0.00010422094841063054
effect_chain_order,Effect Chain Order,Indexed,0.0,362879.0,270648.0,,1,0.0001039717196922437,1,0.00010422094841063054
effect_chain_order,Effect Chain Order,Indexed,0.0,362879.0,270650.0,,1,0.0001039717196922437,1,0.00010422094841063054
effect_chain_order,Effect Chain Order,Indexed,0.0,362879.0,270668.0,,1,0.0001039717196922437,1,0.00010422094841063054
effect_chain_order,Effect Chain Order,Indexed,0.0,362879.0,270720.0,,1,0.0001039717196922437,1,0.00010422094841063054
effect_chain_order,Effect Chain Order,Indexed,0.0,362879.0,270730.0,,1,0.0001039717196922437,1,0.00010422094841063054
effect_chain_order,Effect Chain Order,Indexed,0.0,362879.0,270731.0,,1,0.0001039717196922437,1,0.00010422094841063054
effect_chain_order,Effect Chain Order,Indexed,0.0,362879.0,271234.0,,1,0.0001039717196922437,1,0.00010422094841063054
effect_chain_order,Effect Chain Order,Indexed,0.0,362879.0,271388.0,,1,0.0001039717196922437,1,0.00010422094841063054
effect_chain_order,Effect Chain Order,Indexed,0.0,362879.0,271467.0,,1,0.0001039717196922437,1,0.00010422094841063054
effect_chain_order,Effect Chain Order,Indexed,0.0,362879.0,27216.0,,2,0.0002079434393844874,2,0.00020844189682126107
effect_chain_order,Effect Chain Order,Indexed,0.0,362879.0,272160.0,,4,0.0004158868787689748,4,0.00041688379364252214
effect_chain_order,Effect Chain Order,Indexed,0.0,362879.0,272164.0,,1,0.0001039717196922437,1,0.00010422094841063054
effect_chain_order,Effect Chain Order,Indexed,0.0,362879.0,272314.0,,1,0.0001039717196922437,1,0.00010422094841063054
effect_chain_order,Effect Chain Order,Indexed,0.0,362879.0,272412.0,,1,0.0001039717196922437,1,0.00010422094841063054
effect_chain_order,Effect Chain Order,Indexed,0.0,362879.0,272565.0,,1,0.0001039717196922437,1,0.00010422094841063054
effect_chain_order,Effect Chain Order,Indexed,0.0,362879.0,272674.0,,1,0.0001039717196922437,1,0.00010422094841063054
effect_chain_order,Effect Chain Order,Indexed,0.0,362879.0,273250.0,,2,0.0002079434393844874,2,0.00020844189682126107
effect_chain_order,Effect Chain Order,Indexed,0.0,362879.0,273682.0,,1,0.0001039717196922437,1,0.00010422094841063054
effect_chain_order,Effect Chain Order,Indexed,0.0,362879.0,273757.0,,15,0.0015595757953836558,15,0.001563314226159458
effect_chain_order,Effect Chain Order,Indexed,0.0,362879.0,273836.0,,1,0.0001039717196922437,1,0.00010422094841063054
effect_chain_order,Effect Chain Order,Indexed,0.0,362879.0,274114.0,,1,0.0001039717196922437,1,0.00010422094841063054
effect_chain_order,Effect Chain Order,Indexed,0.0,362879.0,274278.0,,1,0.0001039717196922437,1,0.00010422094841063054
effect_chain_order,Effect Chain Order,Indexed,0.0,362879.0,274412.0,,1,0.0001039717196922437,1,0.00010422094841063054
effect_chain_order,Effect Chain Order,Indexed,0.0,362879.0,274915.0,,1,0.0001039717196922437,1,0.00010422094841063054
effect_chain_order,Effect Chain Order,Indexed,0.0,362879.0,27514.0,,2,0.0002079434393844874,2,0.00020844189682126107
effect_chain_order,Effect Chain Order,Indexed,0.0,362879.0,275184.0,,3,0.00031191515907673113,3,0.0003126628452318916
effect_chain_order,Effect Chain Order,Indexed,0.0,362879.0,275194.0,,1,0.0001039717196922437,1,0.00010422094841063054
effect_chain_order,Effect Chain Order,Indexed,0.0,362879.0,275482.0,,2,0.0002079434393844874,2,0.00020844189682126107
effect_chain_order,Effect Chain Order,Indexed,0.0,362879.0,275491.0,,1,0.0001039717196922437,1,0.00010422094841063054
effect_chain_order,Effect Chain Order,Indexed,0.0,362879.0,275688.0,,2,0.0002079434393844874,2,0.00020844189682126107
effect_chain_order,Effect Chain Order,Indexed,0.0,362879.0,275787.0,,2,0.0002079434393844874,2,0.00020844189682126107
effect_chain_order,Effect Chain Order,Indexed,0.0,362879.0,275877.0,,1,0.0001039717196922437,1,0.00010422094841063054
effect_chain_order,Effect Chain Order,Indexed,0.0,362879.0,275904.0,,1,0.0001039717196922437,1,0.00010422094841063054
effect_chain_order,Effect Chain Order,Indexed,0.0,362879.0,276.0,,1,0.0001039717196922437,1,0.00010422094841063054
effect_chain_order,Effect Chain Order,Indexed,0.0,362879.0,276480.0,,3,0.00031191515907673113,3,0.0003126628452318916
effect_chain_order,Effect Chain Order,Indexed,0.0,362879.0,276482.0,,1,0.0001039717196922437,1,0.00010422094841063054
effect_chain_order,Effect Chain Order,Indexed,0.0,362879.0,276696.0,,1,0.0001039717196922437,1,0.00010422094841063054
effect_chain_order,Effect Chain Order,Indexed,0.0,362879.0,276716.0,,1,0.0001039717196922437,1,0.00010422094841063054
effect_chain_order,Effect Chain Order,Indexed,0.0,362879.0,276777.0,,2,0.0002079434393844874,2,0.00020844189682126107
effect_chain_order,Effect Chain Order,Indexed,0.0,362879.0,276778.0,,1,0.0001039717196922437,1,0.00010422094841063054
effect_chain_order,Effect Chain Order,Indexed,0.0,362879.0,277200.0,,1,0.0001039717196922437,1,0.00010422094841063054
effect_chain_order,Effect Chain Order,Indexed,0.0,362879.0,277282.0,,2,0.0002079434393844874,2,0.00020844189682126107
effect_chain_order,Effect Chain Order,Indexed,0.0,362879.0,27794.0,,1,0.0001039717196922437,1,0.00010422094841063054
effect_chain_order,Effect Chain Order,Indexed,0.0,362879.0,278208.0,,3,0.00031191515907673113,3,0.0003126628452318916
effect_chain_order,Effect Chain Order,Indexed,0.0,362879.0,278228.0,,2,0.0002079434393844874,2,0.00020844189682126107
effect_chain_order,Effect Chain Order,Indexed,0.0,362879.0,278290.0,,1,0.0001039717196922437,1,0.00010422094841063054
effect_chain_order,Effect Chain Order,Indexed,0.0,362879.0,278293.0,,1,0.0001039717196922437,1,0.00010422094841063054
effect_chain_order,Effect Chain Order,Indexed,0.0,362879.0,278446.0,,1,0.0001039717196922437,1,0.00010422094841063054
effect_chain_order,Effect Chain Order,Indexed,0.0,362879.0,278505.0,,1,0.0001039717196922437,1,0.00010422094841063054
effect_chain_order,Effect Chain Order,Indexed,0.0,362879.0,278712.0,,5,0.0005198585984612185,5,0.0005211047420531526
effect_chain_order,Effect Chain Order,Indexed,0.0,362879.0,278715.0,,1,0.0001039717196922437,1,0.00010422094841063054
effect_chain_order,Effect Chain Order,Indexed,0.0,362879.0,278784.0,,3,0.00031191515907673113,3,0.0003126628452318916
effect_chain_order,Effect Chain Order,Indexed,0.0,362879.0,278793.0,,2,0.0002079434393844874,2,0.00020844189682126107
effect_chain_order,Effect Chain Order,Indexed,0.0,362879.0,278794.0,,2,0.0002079434393844874,2,0.00020844189682126107
effect_chain_order,Effect Chain Order,Indexed,0.0,362879.0,279000.0,,1,0.0001039717196922437,1,0.00010422094841063054
effect_chain_order,Effect Chain Order,Indexed,0.0,362879.0,279216.0,,2,0.0002079434393844874,2,0.00020844189682126107
effect_chain_order,Effect Chain Order,Indexed,0.0,362879.0,279298.0,,1,0.0001039717196922437,1,0.00010422094841063054
effect_chain_order,Effect Chain Order,Indexed,0.0,362879.0,279363.0,,1,0.0001039717196922437,1,0.00010422094841063054
effect_chain_order,Effect Chain Order,Indexed,0.0,362879.0,279370.0,,1,0.0001039717196922437,1,0.00010422094841063054
effect_chain_order,Effect Chain Order,Indexed,0.0,362879.0,279378.0,,1,0.0001039717196922437,1,0.00010422094841063054
effect_chain_order,Effect Chain Order,Indexed,0.0,362879.0,279379.0,,1,0.0001039717196922437,1,0.00010422094841063054
effect_chain_order,Effect Chain Order,Indexed,0.0,362879.0,279720.0,,3,0.00031191515907673113,3,0.0003126628452318916
effect_chain_order,Effect Chain Order,Indexed,0.0,362879.0,279801.0,,1,0.0001039717196922437,1,0.00010422094841063054
effect_chain_order,Effect Chain Order,Indexed,0.0,362879.0,279873.0,,1,0.0001039717196922437,1,0.00010422094841063054
effect_chain_order,Effect Chain Order,Indexed,0.0,362879.0,279874.0,,1,0.0001039717196922437,1,0.00010422094841063054
effect_chain_order,Effect Chain Order,Indexed,0.0,362879.0,279945.0,,2,0.0002079434393844874,2,0.00020844189682126107
effect_chain_order,Effect Chain Order,Indexed,0.0,362879.0,28.0,,1,0.0001039717196922437,1,0.00010422094841063054
effect_chain_order,Effect Chain Order,Indexed,0.0,362879.0,280656.0,,1,0.0001039717196922437,1,0.00010422094841063054
effect_chain_order,Effect Chain Order,Indexed,0.0,362879.0,2808.0,,1,0.0001039717196922437,1,0.00010422094841063054
effect_chain_order,Effect Chain Order,Indexed,0.0,362879.0,281386.0,,1,0.0001039717196922437,1,0.00010422094841063054
effect_chain_order,Effect Chain Order,Indexed,0.0,362879.0,2815.0,,1,0.0001039717196922437,1,0.00010422094841063054
effect_chain_order,Effect Chain Order,Indexed,0.0,362879.0,28152.0,,2,0.0002079434393844874,2,0.00020844189682126107
effect_chain_order,Effect Chain Order,Indexed,0.0,362879.0,281540.0,,1,0.0001039717196922437,1,0.00010422094841063054
effect_chain_order,Effect Chain Order,Indexed,0.0,362879.0,281674.0,,2,0.0002079434393844874,2,0.00020844189682126107
effect_chain_order,Effect Chain Order,Indexed,0.0,362879.0,281736.0,,2,0.0002079434393844874,2,0.00020844189682126107
effect_chain_order,Effect Chain Order,Indexed,0.0,362879.0,2818.0,,1,0.0001039717196922437,1,0.00010422094841063054
effect_chain_order,Effect Chain Order,Indexed,0.0,362879.0,281808.0,,1,0.0001039717196922437,1,0.00010422094841063054
effect_chain_order,Effect Chain Order,Indexed,0.0,362879.0,281817.0,,1,0.0001039717196922437,1,0.00010422094841063054
effect_chain_order,Effect Chain Order,Indexed,0.0,362879.0,282033.0,,1,0.0001039717196922437,1,0.00010422094841063054
effect_chain_order,Effect Chain Order,Indexed,0.0,362879.0,282322.0,,1,0.0001039717196922437,1,0.00010422094841063054
effect_chain_order,Effect Chain Order,Indexed,0.0,362879.0,282393.0,,1,0.0001039717196922437,1,0.00010422094841063054
effect_chain_order,Effect Chain Order,Indexed,0.0,362879.0,2826.0,,1,0.0001039717196922437,1,0.00010422094841063054
effect_chain_order,Effect Chain Order,Indexed,0.0,362879.0,2827.0,,1,0.0001039717196922437,1,0.00010422094841063054
effect_chain_order,Effect Chain Order,Indexed,0.0,362879.0,282722.0,,1,0.0001039717196922437,1,0.00010422094841063054
effect_chain_order,Effect Chain Order,Indexed,0.0,362879.0,282744.0,,1,0.0001039717196922437,1,0.00010422094841063054
effect_chain_order,Effect Chain Order,Indexed,0.0,362879.0,282826.0,,1,0.0001039717196922437,1,0.00010422094841063054
effect_chain_order,Effect Chain Order,Indexed,0.0,362879.0,282897.0,,14,0.001455604075691412,14,0.0014590932777488275
effect_chain_order,Effect Chain Order,Indexed,0.0,362879.0,283005.0,,1,0.0001039717196922437,1,0.00010422094841063054
effect_chain_order,Effect Chain Order,Indexed,0.0,362879.0,28306.0,,4,0.0004158868787689748,4,0.00041688379364252214
effect_chain_order,Effect Chain Order,Indexed,0.0,362879.0,28307.0,,1,0.0001039717196922437,1,0.00010422094841063054
effect_chain_order,Effect Chain Order,Indexed,0.0,362879.0,283110.0,,1,0.0001039717196922437,1,0.00010422094841063054
effect_chain_order,Effect Chain Order,Indexed,0.0,362879.0,2836.0,,1,0.0001039717196922437,1,0.00010422094841063054
effect_chain_order,Effect Chain Order,Indexed,0.0,362879.0,28378.0,,1,0.0001039717196922437,1,0.00010422094841063054
effect_chain_order,Effect Chain Order,Indexed,0.0,362879.0,284256.0,,2,0.0002079434393844874,2,0.00020844189682126107
effect_chain_order,Effect Chain Order,Indexed,0.0,362879.0,284760.0,,1,0.0001039717196922437,1,0.00010422094841063054
effect_chain_order,Effect Chain Order,Indexed,0.0,362879.0,284832.0,,1,0.0001039717196922437,1,0.00010422094841063054
effect_chain_order,Effect Chain Order,Indexed,0.0,362879.0,285058.0,,1,0.0001039717196922437,1,0.00010422094841063054
effect_chain_order,Effect Chain Order,Indexed,0.0,362879.0,285777.0,,1,0.0001039717196922437,1,0.00010422094841063054
effect_chain_order,Effect Chain Order,Indexed,0.0,362879.0,285850.0,,3,0.00031191515907673113,3,0.0003126628452318916
effect_chain_order,Effect Chain Order,Indexed,0.0,362879.0,285994.0,,1,0.0001039717196922437,1,0.00010422094841063054
effect_chain_order,Effect Chain Order,Indexed,0.0,362879.0,287019.0,,1,0.0001039717196922437,1,0.00010422094841063054
effect_chain_order,Effect Chain Order,Indexed,0.0,362879.0,28728.0,,5,0.0005198585984612185,5,0.0005211047420531526
effect_chain_order,Effect Chain Order,Indexed,0.0,362879.0,287280.0,,7,0.000727802037845706,7,0.0007295466388744137
effect_chain_order,Effect Chain Order,Indexed,0.0,362879.0,287362.0,,1,0.0001039717196922437,1,0.00010422094841063054
effect_chain_order,Effect Chain Order,Indexed,0.0,362879.0,287808.0,,1,0.0001039717196922437,1,0.00010422094841063054
effect_chain_order,Effect Chain Order,Indexed,0.0,362879.0,287865.0,,1,0.0001039717196922437,1,0.00010422094841063054
effect_chain_order,Effect Chain Order,Indexed,0.0,362879.0,287866.0,,2,0.0002079434393844874,2,0.00020844189682126107
effect_chain_order,Effect Chain Order,Indexed,0.0,362879.0,287868.0,,1,0.0001039717196922437,1,0.00010422094841063054
effect_chain_order,Effect Chain Order,Indexed,0.0,362879.0,288.0,,29,0.0030151798710750678,29,0.0030224075039082857
effect_chain_order,Effect Chain Order,Indexed,0.0,362879.0,28800.0,,1,0.0001039717196922437,1,0.00010422094841063054
effect_chain_order,Effect Chain Order,Indexed,0.0,362879.0,28802.0,,1,0.0001039717196922437,1,0.00010422094841063054
effect_chain_order,Effect Chain Order,Indexed,0.0,362879.0,28810.0,,5,0.0005198585984612185,5,0.0005211047420531526
effect_chain_order,Effect Chain Order,Indexed,0.0,362879.0,288370.0,,2,0.0002079434393844874,2,0.00020844189682126107
effect_chain_order,Effect Chain Order,Indexed,0.0,362879.0,288514.0,,1,0.0001039717196922437,1,0.00010422094841063054
effect_chain_order,Effect Chain Order,Indexed,0.0,362879.0,288576.0,,1,0.0001039717196922437,1,0.00010422094841063054
effect_chain_order,Effect Chain Order,Indexed,0.0,362879.0,288599.0,,1,0.0001039717196922437,1,0.00010422094841063054
effect_chain_order,Effect Chain Order,Indexed,0.0,362879.0,2887.0,,1,0.0001039717196922437,1,0.00010422094841063054
effect_chain_order,Effect Chain Order,Indexed,0.0,362879.0,288768.0,,1,0.0001039717196922437,1,0.00010422094841063054
effect_chain_order,Effect Chain Order,Indexed,0.0,362879.0,288792.0,,1,0.0001039717196922437,1,0.00010422094841063054
effect_chain_order,Effect Chain Order,Indexed,0.0,362879.0,28882.0,,2,0.0002079434393844874,2,0.00020844189682126107
effect_chain_order,Effect Chain Order,Indexed,0.0,362879.0,288946.0,,1,0.0001039717196922437,1,0.00010422094841063054
effect_chain_order,Effect Chain Order,Indexed,0.0,362879.0,289.0,,2,0.0002079434393844874,2,0.00020844189682126107
effect_chain_order,Effect Chain Order,Indexed,0.0,362879.0,289018.0,,1,0.0001039717196922437,1,0.00010422094841063054
effect_chain_order,Effect Chain Order,Indexed,0.0,362879.0,290026.0,,1,0.0001039717196922437,1,0.00010422094841063054
effect_chain_order,Effect Chain Order,Indexed,0.0,362879.0,290097.0,,1,0.0001039717196922437,1,0.00010422094841063054
effect_chain_order,Effect Chain Order,Indexed,0.0,362879.0,29057.0,,1,0.0001039717196922437,1,0.00010422094841063054
effect_chain_order,Effect Chain Order,Indexed,0.0,362879.0,290808.0,,1,0.0001039717196922437,1,0.00010422094841063054
effect_chain_order,Effect Chain Order,Indexed,0.0,362879.0,290880.0,,1,0.0001039717196922437,1,0.00010422094841063054
effect_chain_order,Effect Chain Order,Indexed,0.0,362879.0,290890.0,,2,0.0002079434393844874,2,0.00020844189682126107
effect_chain_order,Effect Chain Order,Indexed,0.0,362879.0,29096.0,,1,0.0001039717196922437,1,0.00010422094841063054
effect_chain_order,Effect Chain Order,Indexed,0.0,362879.0,291.0,,1,0.0001039717196922437,1,0.00010422094841063054
effect_chain_order,Effect Chain Order,Indexed,0.0,362879.0,291117.0,,1,0.0001039717196922437,1,0.00010422094841063054
effect_chain_order,Effect Chain Order,Indexed,0.0,362879.0,291249.0,,1,0.0001039717196922437,1,0.00010422094841063054
effect_chain_order,Effect Chain Order,Indexed,0.0,362879.0,291299.0,,1,0.0001039717196922437,1,0.00010422094841063054
effect_chain_order,Effect Chain Order,Indexed,0.0,362879.0,291816.0,,1,0.0001039717196922437,1,0.00010422094841063054
effect_chain_order,Effect Chain Order,Indexed,0.0,362879.0,291826.0,,1,0.0001039717196922437,1,0.00010422094841063054
effect_chain_order,Effect Chain Order,Indexed,0.0,362879.0,291898.0,,2,0.0002079434393844874,2,0.00020844189682126107
effect_chain_order,Effect Chain Order,Indexed,0.0,362879.0,292.0,,1,0.0001039717196922437,1,0.00010422094841063054
effect_chain_order,Effect Chain Order,Indexed,0.0,362879.0,292824.0,,1,0.0001039717196922437,1,0.00010422094841063054
effect_chain_order,Effect Chain Order,Indexed,0.0,362879.0,292941.0,,1,0.0001039717196922437,1,0.00010422094841063054
effect_chain_order,Effect Chain Order,Indexed,0.0,362879.0,292978.0,,1,0.0001039717196922437,1,0.00010422094841063054
effect_chain_order,Effect Chain Order,Indexed,0.0,362879.0,293328.0,,4,0.0004158868787689748,4,0.00041688379364252214
effect_chain_order,Effect Chain Order,Indexed,0.0,362879.0,293332.0,,1,0.0001039717196922437,1,0.00010422094841063054
effect_chain_order,Effect Chain Order,Indexed,0.0,362879.0,293410.0,,1,0.0001039717196922437,1,0.00010422094841063054
effect_chain_order,Effect Chain Order,Indexed,0.0,362879.0,293563.0,,1,0.0001039717196922437,1,0.00010422094841063054
effect_chain_order,Effect Chain Order,Indexed,0.0,362879.0,293564.0,,1,0.0001039717196922437,1,0.00010422094841063054
effect_chain_order,Effect Chain Order,Indexed,0.0,362879.0,293832.0,,7,0.000727802037845706,7,0.0007295466388744137
effect_chain_order,Effect Chain Order,Indexed,0.0,362879.0,293904.0,,1,0.0001039717196922437,1,0.00010422094841063054
effect_chain_order,Effect Chain Order,Indexed,0.0,362879.0,293914.0,,3,0.00031191515907673113,3,0.0003126628452318916
effect_chain_order,Effect Chain Order,Indexed,0.0,362879.0,293967.0,,1,0.0001039717196922437,1,0.00010422094841063054
effect_chain_order,Effect Chain Order,Indexed,0.0,362879.0,294418.0,,2,0.0002079434393844874,2,0.00020844189682126107
effect_chain_order,Effect Chain Order,Indexed,0.0,362879.0,294490.0,,1,0.0001039717196922437,1,0.00010422094841063054
effect_chain_order,Effect Chain Order,Indexed,0.0,362879.0,294500.0,,1,0.0001039717196922437,1,0.00010422094841063054
effect_chain_order,Effect Chain Order,Indexed,0.0,362879.0,294921.0,,1,0.0001039717196922437,1,0.00010422094841063054
effect_chain_order,Effect Chain Order,Indexed,0.0,362879.0,295742.0,,1,0.0001039717196922437,1,0.00010422094841063054
effect_chain_order,Effect Chain Order,Indexed,0.0,362879.0,295848.0,,1,0.0001039717196922437,1,0.00010422094841063054
effect_chain_order,Effect Chain Order,Indexed,0.0,362879.0,295895.0,,1,0.0001039717196922437,1,0.00010422094841063054
effect_chain_order,Effect Chain Order,Indexed,0.0,362879.0,296352.0,,1,0.0001039717196922437,1,0.00010422094841063054
effect_chain_order,Effect Chain Order,Indexed,0.0,362879.0,296561.0,,3,0.00031191515907673113,3,0.0003126628452318916
effect_chain_order,Effect Chain Order,Indexed,0.0,362879.0,296856.0,,1,0.0001039717196922437,1,0.00010422094841063054
effect_chain_order,Effect Chain Order,Indexed,0.0,362879.0,297442.0,,1,0.0001039717196922437,1,0.00010422094841063054
effect_chain_order,Effect Chain Order,Indexed,0.0,362879.0,297657.0,,1,0.0001039717196922437,1,0.00010422094841063054
effect_chain_order,Effect Chain Order,Indexed,0.0,362879.0,297740.0,,1,0.0001039717196922437,1,0.00010422094841063054
effect_chain_order,Effect Chain Order,Indexed,0.0,362879.0,297946.0,,1,0.0001039717196922437,1,0.00010422094841063054
effect_chain_order,Effect Chain Order,Indexed,0.0,362879.0,298.0,,2,0.0002079434393844874,2,0.00020844189682126107
effect_chain_order,Effect Chain Order,Indexed,0.0,362879.0,298090.0,,1,0.0001039717196922437,1,0.00010422094841063054
effect_chain_order,Effect Chain Order,Indexed,0.0,362879.0,298614.0,,1,0.0001039717196922437,1,0.00010422094841063054
effect_chain_order,Effect Chain Order,Indexed,0.0,362879.0,298954.0,,1,0.0001039717196922437,1,0.00010422094841063054
effect_chain_order,Effect Chain Order,Indexed,0.0,362879.0,299.0,,1,0.0001039717196922437,1,0.00010422094841063054
effect_chain_order,Effect Chain Order,Indexed,0.0,362879.0,299169.0,,1,0.0001039717196922437,1,0.00010422094841063054
effect_chain_order,Effect Chain Order,Indexed,0.0,362879.0,299785.0,,1,0.0001039717196922437,1,0.00010422094841063054
effect_chain_order,Effect Chain Order,Indexed,0.0,362879.0,299880.0,,1,0.0001039717196922437,1,0.00010422094841063054
effect_chain_order,Effect Chain Order,Indexed,0.0,362879.0,299952.0,,1,0.0001039717196922437,1,0.00010422094841063054
effect_chain_order,Effect Chain Order,Indexed,0.0,362879.0,299962.0,,1,0.0001039717196922437,1,0.00010422094841063054
effect_chain_order,Effect Chain Order,Indexed,0.0,362879.0,3.0,,15,0.0015595757953836558,15,0.001563314226159458
effect_chain_order,Effect Chain Order,Indexed,0.0,362879.0,30.0,,4,0.0004158868787689748,4,0.00041688379364252214
effect_chain_order,Effect Chain Order,Indexed,0.0,362879.0,300195.0,,1,0.0001039717196922437,1,0.00010422094841063054
effect_chain_order,Effect Chain Order,Indexed,0.0,362879.0,300888.0,,2,0.0002079434393844874,2,0.00020844189682126107
effect_chain_order,Effect Chain Order,Indexed,0.0,362879.0,300898.0,,1,0.0001039717196922437,1,0.00010422094841063054
effect_chain_order,Effect Chain Order,Indexed,0.0,362879.0,300907.0,,1,0.0001039717196922437,1,0.00010422094841063054
effect_chain_order,Effect Chain Order,Indexed,0.0,362879.0,300970.0,,1,0.0001039717196922437,1,0.00010422094841063054
effect_chain_order,Effect Chain Order,Indexed,0.0,362879.0,301555.0,,1,0.0001039717196922437,1,0.00010422094841063054
effect_chain_order,Effect Chain Order,Indexed,0.0,362879.0,3024.0,,67,0.006966105219380328,67,0.006982803543512246
effect_chain_order,Effect Chain Order,Indexed,0.0,362879.0,30240.0,,81,0.00842170929507174,80,0.008337675872850442
effect_chain_order,Effect Chain Order,Indexed,0.0,362879.0,302400.0,,2,0.0002079434393844874,2,0.00020844189682126107
effect_chain_order,Effect Chain Order,Indexed,0.0,362879.0,302408.0,,1,0.0001039717196922437,1,0.00010422094841063054
effect_chain_order,Effect Chain Order,Indexed,0.0,362879.0,30243.0,,1,0.0001039717196922437,1,0.00010422094841063054
effect_chain_order,Effect Chain Order,Indexed,0.0,362879.0,30244.0,,2,0.0002079434393844874,2,0.00020844189682126107
effect_chain_order,Effect Chain Order,Indexed,0.0,362879.0,30246.0,,3,0.00031191515907673113,3,0.0003126628452318916
effect_chain_order,Effect Chain Order,Indexed,0.0,362879.0,30248.0,,1,0.0001039717196922437,1,0.00010422094841063054
effect_chain_order,Effect Chain Order,Indexed,0.0,362879.0,30258.0,,1,0.0001039717196922437,1,0.00010422094841063054
effect_chain_order,Effect Chain Order,Indexed,0.0,362879.0,30260.0,,1,0.0001039717196922437,1,0.00010422094841063054
effect_chain_order,Effect Chain Order,Indexed,0.0,362879.0,30267.0,,2,0.0002079434393844874,2,0.00020844189682126107
effect_chain_order,Effect Chain Order,Indexed,0.0,362879.0,302688.0,,1,0.0001039717196922437,1,0.00010422094841063054
effect_chain_order,Effect Chain Order,Indexed,0.0,362879.0,30269.0,,1,0.0001039717196922437,1,0.00010422094841063054
effect_chain_order,Effect Chain Order,Indexed,0.0,362879.0,302691.0,,1,0.0001039717196922437,1,0.00010422094841063054
effect_chain_order,Effect Chain Order,Indexed,0.0,362879.0,302698.0,,1,0.0001039717196922437,1,0.00010422094841063054
effect_chain_order,Effect Chain Order,Indexed,0.0,362879.0,3027.0,,1,0.0001039717196922437,1,0.00010422094841063054
effect_chain_order,Effect Chain Order,Indexed,0.0,362879.0,302707.0,,1,0.0001039717196922437,1,0.00010422094841063054
effect_chain_order,Effect Chain Order,Indexed,0.0,362879.0,3028.0,,1,0.0001039717196922437,1,0.00010422094841063054
effect_chain_order,Effect Chain Order,Indexed,0.0,362879.0,302842.0,,1,0.0001039717196922437,1,0.00010422094841063054
effect_chain_order,Effect Chain Order,Indexed,0.0,362879.0,30285.0,,4,0.0004158868787689748,4,0.00041688379364252214
effect_chain_order,Effect Chain Order,Indexed,0.0,362879.0,302986.0,,1,0.0001039717196922437,1,0.00010422094841063054
effect_chain_order,Effect Chain Order,Indexed,0.0,362879.0,3030.0,,1,0.0001039717196922437,1,0.00010422094841063054
effect_chain_order,Effect Chain Order,Indexed,0.0,362879.0,30305.0,,1,0.0001039717196922437,1,0.00010422094841063054
effect_chain_order,Effect Chain Order,Indexed,0.0,362879.0,30307.0,,1,0.0001039717196922437,1,0.00010422094841063054
effect_chain_order,Effect Chain Order,Indexed,0.0,362879.0,3031.0,,4,0.0004158868787689748,4,0.00041688379364252214
effect_chain_order,Effect Chain Order,Indexed,0.0,362879.0,303130.0,,1,0.0001039717196922437,1,0.00010422094841063054
effect_chain_order,Effect Chain Order,Indexed,0.0,362879.0,303202.0,,1,0.0001039717196922437,1,0.00010422094841063054
effect_chain_order,Effect Chain Order,Indexed,0.0,362879.0,30322.0,,1,0.0001039717196922437,1,0.00010422094841063054
effect_chain_order,Effect Chain Order,Indexed,0.0,362879.0,303631.0,,1,0.0001039717196922437,1,0.00010422094841063054
effect_chain_order,Effect Chain Order,Indexed,0.0,362879.0,303696.0,,1,0.0001039717196922437,1,0.00010422094841063054
effect_chain_order,Effect Chain Order,Indexed,0.0,362879.0,303716.0,,1,0.0001039717196922437,1,0.00010422094841063054
effect_chain_order,Effect Chain Order,Indexed,0.0,362879.0,30384.0,,1,0.0001039717196922437,1,0.00010422094841063054
effect_chain_order,Effect Chain Order,Indexed,0.0,362879.0,303912.0,,5,0.0005198585984612185,5,0.0005211047420531526
effect_chain_order,Effect Chain Order,Indexed,0.0,362879.0,303922.0,,3,0.00031191515907673113,3,0.0003126628452318916
effect_chain_order,Effect Chain Order,Indexed,0.0,362879.0,303932.0,,1,0.0001039717196922437,1,0.00010422094841063054
effect_chain_order,Effect Chain Order,Indexed,0.0,362879.0,303986.0,,1,0.0001039717196922437,1,0.00010422094841063054
effect_chain_order,Effect Chain Order,Indexed,0.0,362879.0,303994.0,,1,0.0001039717196922437,1,0.00010422094841063054
effect_chain_order,Effect Chain Order,Indexed,0.0,362879.0,304031.0,,1,0.0001039717196922437,1,0.00010422094841063054
effect_chain_order,Effect Chain Order,Indexed,0.0,362879.0,304066.0,,1,0.0001039717196922437,1,0.00010422094841063054
effect_chain_order,Effect Chain Order,Indexed,0.0,362879.0,30417.0,,1,0.0001039717196922437,1,0.00010422094841063054
effect_chain_order,Effect Chain Order,Indexed,0.0,362879.0,304723.0,,1,0.0001039717196922437,1,0.00010422094841063054
effect_chain_order,Effect Chain Order,Indexed,0.0,362879.0,304965.0,,1,0.0001039717196922437,1,0.00010422094841063054
effect_chain_order,Effect Chain Order,Indexed,0.0,362879.0,30528.0,,4,0.0004158868787689748,4,0.00041688379364252214
effect_chain_order,Effect Chain Order,Indexed,0.0,362879.0,30537.0,,1,0.0001039717196922437,1,0.00010422094841063054
effect_chain_order,Effect Chain Order,Indexed,0.0,362879.0,305541.0,,1,0.0001039717196922437,1,0.00010422094841063054
effect_chain_order,Effect Chain Order,Indexed,0.0,362879.0,30557.0,,1,0.0001039717196922437,1,0.00010422094841063054
effect_chain_order,Effect Chain Order,Indexed,0.0,362879.0,305722.0,,2,0.0002079434393844874,2,0.00020844189682126107
effect_chain_order,Effect Chain Order,Indexed,0.0,362879.0,305808.0,,1,0.0001039717196922437,1,0.00010422094841063054
effect_chain_order,Effect Chain Order,Indexed,0.0,362879.0,30608.0,,1,0.0001039717196922437,1,0.00010422094841063054
effect_chain_order,Effect Chain Order,Indexed,0.0,362879.0,306226.0,,1,0.0001039717196922437,1,0.00010422094841063054
effect_chain_order,Effect Chain Order,Indexed,0.0,362879.0,306483.0,,1,0.0001039717196922437,1,0.00010422094841063054
effect_chain_order,Effect Chain Order,Indexed,0.0,362879.0,306514.0,,1,0.0001039717196922437,1,0.00010422094841063054
effect_chain_order,Effect Chain Order,Indexed,0.0,362879.0,306623.0,,1,0.0001039717196922437,1,0.00010422094841063054
effect_chain_order,Effect Chain Order,Indexed,0.0,362879.0,306717.0,,1,0.0001039717196922437,1,0.00010422094841063054
effect_chain_order,Effect Chain Order,Indexed,0.0,362879.0,3069.0,,1,0.0001039717196922437,1,0.00010422094841063054
effect_chain_order,Effect Chain Order,Indexed,0.0,362879.0,306936.0,,1,0.0001039717196922437,1,0.00010422094841063054
effect_chain_order,Effect Chain Order,Indexed,0.0,362879.0,3070.0,,1,0.0001039717196922437,1,0.00010422094841063054
effect_chain_order,Effect Chain Order,Indexed,0.0,362879.0,307234.0,,1,0.0001039717196922437,1,0.00010422094841063054
effect_chain_order,Effect Chain Order,Indexed,0.0,362879.0,30744.0,,5,0.0005198585984612185,5,0.0005211047420531526
effect_chain_order,Effect Chain Order,Indexed,0.0,362879.0,307485.0,,1,0.0001039717196922437,1,0.00010422094841063054
effect_chain_order,Effect Chain Order,Indexed,0.0,362879.0,30774.0,,3,0.00031191515907673113,3,0.0003126628452318916
effect_chain_order,Effect Chain Order,Indexed,0.0,362879.0,308026.0,,1,0.0001039717196922437,1,0.00010422094841063054
effect_chain_order,Effect Chain Order,Indexed,0.0,362879.0,30826.0,,4,0.0004158868787689748,4,0.00041688379364252214
effect_chain_order,Effect Chain Order,Indexed,0.0,362879.0,308448.0,,7,0.000727802037845706,7,0.0007295466388744137
effect_chain_order,Effect Chain Order,Indexed,0.0,362879.0,308530.0,,3,0.00031191515907673113,3,0.0003126628452318916
effect_chain_order,Effect Chain Order,Indexed,0.0,362879.0,308540.0,,1,0.0001039717196922437,1,0.00010422094841063054
effect_chain_order,Effect Chain Order,Indexed,0.0,362879.0,30861.0,,1,0.0001039717196922437,1,0.00010422094841063054
effect_chain_order,Effect Chain Order,Indexed,0.0,362879.0,308738.0,,1,0.0001039717196922437,1,0.00010422094841063054
effect_chain_order,Effect Chain Order,Indexed,0.0,362879.0,308952.0,,3,0.00031191515907673113,3,0.0003126628452318916
effect_chain_order,Effect Chain Order,Indexed,0.0,362879.0,309024.0,,2,0.0002079434393844874,2,0.00020844189682126107
effect_chain_order,Effect Chain Order,Indexed,0.0,362879.0,309033.0,,1,0.0001039717196922437,1,0.00010422094841063054
effect_chain_order,Effect Chain Order,Indexed,0.0,362879.0,309034.0,,3,0.00031191515907673113,3,0.0003126628452318916
effect_chain_order,Effect Chain Order,Indexed,0.0,362879.0,309128.0,,1,0.0001039717196922437,1,0.00010422094841063054
effect_chain_order,Effect Chain Order,Indexed,0.0,362879.0,309456.0,,3,0.00031191515907673113,3,0.0003126628452318916
effect_chain_order,Effect Chain Order,Indexed,0.0,362879.0,309537.0,,1,0.0001039717196922437,1,0.00010422094841063054
effect_chain_order,Effect Chain Order,Indexed,0.0,362879.0,309538.0,,1,0.0001039717196922437,1,0.00010422094841063054
effect_chain_order,Effect Chain Order,Indexed,0.0,362879.0,309540.0,,1,0.0001039717196922437,1,0.00010422094841063054
effect_chain_order,Effect Chain Order,Indexed,0.0,362879.0,309692.0,,1,0.0001039717196922437,1,0.00010422094841063054
effect_chain_order,Effect Chain Order,Indexed,0.0,362879.0,309811.0,,1,0.0001039717196922437,1,0.00010422094841063054
effect_chain_order,Effect Chain Order,Indexed,0.0,362879.0,309960.0,,1,0.0001039717196922437,1,0.00010422094841063054
effect_chain_order,Effect Chain Order,Indexed,0.0,362879.0,31.0,,1,0.0001039717196922437,1,0.00010422094841063054
effect_chain_order,Effect Chain Order,Indexed,0.0,362879.0,310021.0,,1,0.0001039717196922437,1,0.00010422094841063054
effect_chain_order,Effect Chain Order,Indexed,0.0,362879.0,310186.0,,1,0.0001039717196922437,1,0.00010422094841063054
effect_chain_order,Effect Chain Order,Indexed,0.0,362879.0,310258.0,,2,0.0002079434393844874,2,0.00020844189682126107
effect_chain_order,Effect Chain Order,Indexed,0.0,362879.0,31034.0,,1,0.0001039717196922437,1,0.00010422094841063054
effect_chain_order,Effect Chain Order,Indexed,0.0,362879.0,31041.0,,1,0.0001039717196922437,1,0.00010422094841063054
effect_chain_order,Effect Chain Order,Indexed,0.0,362879.0,31042.0,,1,0.0001039717196922437,1,0.00010422094841063054
effect_chain_order,Effect Chain Order,Indexed,0.0,362879.0,3105.0,,2,0.0002079434393844874,2,0.00020844189682126107
effect_chain_order,Effect Chain Order,Indexed,0.0,362879.0,31052.0,,1,0.0001039717196922437,1,0.00010422094841063054
effect_chain_order,Effect Chain Order,Indexed,0.0,362879.0,3106.0,,2,0.0002079434393844874,2,0.00020844189682126107
effect_chain_order,Effect Chain Order,Indexed,0.0,362879.0,310618.0,,1,0.0001039717196922437,1,0.00010422094841063054
effect_chain_order,Effect Chain Order,Indexed,0.0,362879.0,310762.0,,1,0.0001039717196922437,1,0.00010422094841063054
effect_chain_order,Effect Chain Order,Indexed,0.0,362879.0,310968.0,,1,0.0001039717196922437,1,0.00010422094841063054
effect_chain_order,Effect Chain Order,Indexed,0.0,362879.0,31114.0,,2,0.0002079434393844874,2,0.00020844189682126107
effect_chain_order,Effect Chain Order,Indexed,0.0,362879.0,311266.0,,1,0.0001039717196922437,1,0.00010422094841063054
effect_chain_order,Effect Chain Order,Indexed,0.0,362879.0,311554.0,,1,0.0001039717196922437,1,0.00010422094841063054
effect_chain_order,Effect Chain Order,Indexed,0.0,362879.0,31186.0,,2,0.0002079434393844874,2,0.00020844189682126107
effect_chain_order,Effect Chain Order,Indexed,0.0,362879.0,31195.0,,1,0.0001039717196922437,1,0.00010422094841063054
effect_chain_order,Effect Chain Order,Indexed,0.0,362879.0,312021.0,,1,0.0001039717196922437,1,0.00010422094841063054
effect_chain_order,Effect Chain Order,Indexed,0.0,362879.0,312082.0,,1,0.0001039717196922437,1,0.00010422094841063054
effect_chain_order,Effect Chain Order,Indexed,0.0,362879.0,312130.0,,2,0.0002079434393844874,2,0.00020844189682126107
effect_chain_order,Effect Chain Order,Indexed,0.0,362879.0,312427.0,,1,0.0001039717196922437,1,0.00010422094841063054
effect_chain_order,Effect Chain Order,Indexed,0.0,362879.0,312480.0,,2,0.0002079434393844874,2,0.00020844189682126107
effect_chain_order,Effect Chain Order,Indexed,0.0,362879.0,312922.0,,1,0.0001039717196922437,1,0.00010422094841063054
effect_chain_order,Effect Chain Order,Indexed,0.0,362879.0,313065.0,,1,0.0001039717196922437,1,0.00010422094841063054
effect_chain_order,Effect Chain Order,Indexed,0.0,362879.0,313066.0,,2,0.0002079434393844874,2,0.00020844189682126107
effect_chain_order,Effect Chain Order,Indexed,0.0,362879.0,313220.0,,1,0.0001039717196922437,1,0.00010422094841063054
effect_chain_order,Effect Chain Order,Indexed,0.0,362879.0,31330.0,,4,0.0004158868787689748,4,0.00041688379364252214
effect_chain_order,Effect Chain Order,Indexed,0.0,362879.0,313442.0,,1,0.0001039717196922437,1,0.00010422094841063054
effect_chain_order,Effect Chain Order,Indexed,0.0,362879.0,313570.0,,1,0.0001039717196922437,1,0.00010422094841063054
effect_chain_order,Effect Chain Order,Indexed,0.0,362879.0,313714.0,,1,0.0001039717196922437,1,0.00010422094841063054
effect_chain_order,Effect Chain Order,Indexed,0.0,362879.0,314083.0,,1,0.0001039717196922437,1,0.00010422094841063054
effect_chain_order,Effect Chain Order,Indexed,0.0,362879.0,314219.0,,1,0.0001039717196922437,1,0.00010422094841063054
effect_chain_order,Effect Chain Order,Indexed,0.0,362879.0,314371.0,,1,0.0001039717196922437,1,0.00010422094841063054
effect_chain_order,Effect Chain Order,Indexed,0.0,362879.0,315.0,,1,0.0001039717196922437,1,0.00010422094841063054
effect_chain_order,Effect Chain Order,Indexed,0.0,362879.0,315082.0,,1,0.0001039717196922437,1,0.00010422094841063054
effect_chain_order,Effect Chain Order,Indexed,0.0,362879.0,315307.0,,1,0.0001039717196922437,1,0.00010422094841063054
effect_chain_order,Effect Chain Order,Indexed,0.0,362879.0,315586.0,,2,0.0002079434393844874,2,0.00020844189682126107
effect_chain_order,Effect Chain Order,Indexed,0.0,362879.0,31574.0,,1,0.0001039717196922437,1,0.00010422094841063054
effect_chain_order,Effect Chain Order,Indexed,0.0,362879.0,316162.0,,2,0.0002079434393844874,2,0.00020844189682126107
effect_chain_order,Effect Chain Order,Indexed,0.0,362879.0,31638.0,,1,0.0001039717196922437,1,0.00010422094841063054
effect_chain_order,Effect Chain Order,Indexed,0.0,362879.0,316459.0,,1,0.0001039717196922437,1,0.00010422094841063054
effect_chain_order,Effect Chain Order,Indexed,0.0,362879.0,316676.0,,1,0.0001039717196922437,1,0.00010422094841063054
effect_chain_order,Effect Chain Order,Indexed,0.0,362879.0,316739.0,,1,0.0001039717196922437,1,0.00010422094841063054
effect_chain_order,Effect Chain Order,Indexed,0.0,362879.0,31690.0,,1,0.0001039717196922437,1,0.00010422094841063054
effect_chain_order,Effect Chain Order,Indexed,0.0,362879.0,31707.0,,1,0.0001039717196922437,1,0.00010422094841063054
effect_chain_order,Effect Chain Order,Indexed,0.0,362879.0,31752.0,,7,0.000727802037845706,7,0.0007295466388744137
effect_chain_order,Effect Chain Order,Indexed,0.0,362879.0,317520.0,,37,0.0038469536286130173,37,0.0038561750911933297
effect_chain_order,Effect Chain Order,Indexed,0.0,362879.0,317523.0,,1,0.0001039717196922437,1,0.00010422094841063054
effect_chain_order,Effect Chain Order,Indexed,0.0,362879.0,317524.0,,1,0.0001039717196922437,1,0.00010422094841063054
effect_chain_order,Effect Chain Order,Indexed,0.0,362879.0,317526.0,,2,0.0002079434393844874,2,0.00020844189682126107
effect_chain_order,Effect Chain Order,Indexed,0.0,362879.0,317538.0,,1,0.0001039717196922437,1,0.00010422094841063054
effect_chain_order,Effect Chain Order,Indexed,0.0,362879.0,317547.0,,2,0.0002079434393844874,2,0.00020844189682126107
effect_chain_order,Effect Chain Order,Indexed,0.0,362879.0,317565.0,,1,0.0001039717196922437,1,0.00010422094841063054
effect_chain_order,Effect Chain Order,Indexed,0.0,362879.0,317602.0,,3,0.00031191515907673113,3,0.0003126628452318916
effect_chain_order,Effect Chain Order,Indexed,0.0,362879.0,31772.0,,1,0.0001039717196922437,1,0.00010422094841063054
effect_chain_order,Effect Chain Order,Indexed,0.0,362879.0,31790.0,,2,0.0002079434393844874,2,0.00020844189682126107
effect_chain_order,Effect Chain Order,Indexed,0.0,362879.0,317997.0,,1,0.0001039717196922437,1,0.00010422094841063054
effect_chain_order,Effect Chain Order,Indexed,0.0,362879.0,318.0,,1,0.0001039717196922437,1,0.00010422094841063054
effect_chain_order,Effect Chain Order,Indexed,0.0,362879.0,318024.0,,1,0.0001039717196922437,1,0.00010422094841063054
effect_chain_order,Effect Chain Order,Indexed,0.0,362879.0,318105.0,,1,0.0001039717196922437,1,0.00010422094841063054
effect_chain_order,Effect Chain Order,Indexed,0.0,362879.0,318106.0,,4,0.0004158868787689748,4,0.00041688379364252214
effect_chain_order,Effect Chain Order,Indexed,0.0,362879.0,318133.0,,1,0.0001039717196922437,1,0.00010422094841063054
effect_chain_order,Effect Chain Order,Indexed,0.0,362879.0,31817.0,,1,0.0001039717196922437,1,0.00010422094841063054
effect_chain_order,Effect Chain Order,Indexed,0.0,362879.0,318179.0,,1,0.0001039717196922437,1,0.00010422094841063054
effect_chain_order,Effect Chain Order,Indexed,0.0,362879.0,318250.0,,1,0.0001039717196922437,1,0.00010422094841063054
effect_chain_order,Effect Chain Order,Indexed,0.0,362879.0,31834.0,,4,0.0004158868787689748,4,0.00041688379364252214
effect_chain_order,Effect Chain Order,Indexed,0.0,362879.0,318421.0,,1,0.0001039717196922437,1,0.00010422094841063054
effect_chain_order,Effect Chain Order,Indexed,0.0,362879.0,31843.0,,1,0.0001039717196922437,1,0.00010422094841063054
effect_chain_order,Effect Chain Order,Indexed,0.0,362879.0,318492.0,,1,0.0001039717196922437,1,0.00010422094841063054
effect_chain_order,Effect Chain Order,Indexed,0.0,362879.0,31852.0,,1,0.0001039717196922437,1,0.00010422094841063054
effect_chain_order,Effect Chain Order,Indexed,0.0,362879.0,318610.0,,2,0.0002079434393844874,2,0.00020844189682126107
effect_chain_order,Effect Chain Order,Indexed,0.0,362879.0,318672.0,,1,0.0001039717196922437,1,0.00010422094841063054
effect_chain_order,Effect Chain Order,Indexed,0.0,362879.0,318700.0,,1,0.0001039717196922437,1,0.00010422094841063054
effect_chain_order,Effect Chain Order,Indexed,0.0,362879.0,318826.0,,1,0.0001039717196922437,1,0.00010422094841063054
effect_chain_order,Effect Chain Order,Indexed,0.0,362879.0,318836.0,,6,0.0006238303181534623,6,0.0006253256904637832
effect_chain_order,Effect Chain Order,Indexed,0.0,362879.0,31906.0,,1,0.0001039717196922437,1,0.00010422094841063054
effect_chain_order,Effect Chain Order,Indexed,0.0,362879.0,319114.0,,1,0.0001039717196922437,1,0.00010422094841063054
effect_chain_order,Effect Chain Order,Indexed,0.0,362879.0,319194.0,,1,0.0001039717196922437,1,0.00010422094841063054
effect_chain_order,Effect Chain Order,Indexed,0.0,362879.0,319258.0,,1,0.0001039717196922437,1,0.00010422094841063054
effect_chain_order,Effect Chain Order,Indexed,0.0,362879.0,319474.0,,1,0.0001039717196922437,1,0.00010422094841063054
effect_chain_order,Effect Chain Order,Indexed,0.0,362879.0,319601.0,,1,0.0001039717196922437,1,0.00010422094841063054
effect_chain_order,Effect Chain Order,Indexed,0.0,362879.0,31968.0,,1,0.0001039717196922437,1,0.00010422094841063054
effect_chain_order,Effect Chain Order,Indexed,0.0,362879.0,319706.0,,1,0.0001039717196922437,1,0.00010422094841063054
effect_chain_order,Effect Chain Order,Indexed,0.0,362879.0,31978.0,,2,0.0002079434393844874,2,0.00020844189682126107
effect_chain_order,Effect Chain Order,Indexed,0.0,362879.0,32013.0,,1,0.0001039717196922437,1,0.00010422094841063054
effect_chain_order,Effect Chain Order,Indexed,0.0,362879.0,32020.0,,1,0.0001039717196922437,1,0.00010422094841063054
effect_chain_order,Effect Chain Order,Indexed,0.0,362879.0,32050.0,,1,0.0001039717196922437,1,0.00010422094841063054
effect_chain_order,Effect Chain Order,Indexed,0.0,362879.0,320544.0,,9,0.0009357454772301934,9,0.0009379885356956748
effect_chain_order,Effect Chain Order,Indexed,0.0,362879.0,320842.0,,1,0.0001039717196922437,1,0.00010422094841063054
effect_chain_order,Effect Chain Order,Indexed,0.0,362879.0,321048.0,,3,0.00031191515907673113,3,0.0003126628452318916
effect_chain_order,Effect Chain Order,Indexed,0.0,362879.0,321120.0,,5,0.0005198585984612185,5,0.0005211047420531526
effect_chain_order,Effect Chain Order,Indexed,0.0,362879.0,321130.0,,5,0.0005198585984612185,5,0.0005211047420531526
effect_chain_order,Effect Chain Order,Indexed,0.0,362879.0,321135.0,,1,0.0001039717196922437,1,0.00010422094841063054
effect_chain_order,Effect Chain Order,Indexed,0.0,362879.0,321171.0,,1,0.0001039717196922437,1,0.00010422094841063054
effect_chain_order,Effect Chain Order,Indexed,0.0,362879.0,321202.0,,2,0.0002079434393844874,2,0.00020844189682126107
effect_chain_order,Effect Chain Order,Indexed,0.0,362879.0,321552.0,,1,0.0001039717196922437,1,0.00010422094841063054
effect_chain_order,Effect Chain Order,Indexed,0.0,362879.0,321715.0,,1,0.0001039717196922437,1,0.00010422094841063054
effect_chain_order,Effect Chain Order,Indexed,0.0,362879.0,32194.0,,1,0.0001039717196922437,1,0.00010422094841063054
effect_chain_order,Effect Chain Order,Indexed,0.0,362879.0,322.0,,1,0.0001039717196922437,1,0.00010422094841063054
effect_chain_order,Effect Chain Order,Indexed,0.0,362879.0,322029.0,,1,0.0001039717196922437,1,0.00010422094841063054
effect_chain_order,Effect Chain Order,Indexed,0.0,362879.0,322065.0,,1,0.0001039717196922437,1,0.00010422094841063054
effect_chain_order,Effect Chain Order,Indexed,0.0,362879.0,322137.0,,1,0.0001039717196922437,1,0.00010422094841063054
effect_chain_order,Effect Chain Order,Indexed,0.0,362879.0,322354.0,,2,0.0002079434393844874,2,0.00020844189682126107
effect_chain_order,Effect Chain Order,Indexed,0.0,362879.0,32256.0,,1,0.0001039717196922437,1,0.00010422094841063054
effect_chain_order,Effect Chain Order,Indexed,0.0,362879.0,322648.0,,1,0.0001039717196922437,1,0.00010422094841063054
effect_chain_order,Effect Chain Order,Indexed,0.0,362879.0,323142.0,,2,0.0002079434393844874,2,0.00020844189682126107
effect_chain_order,Effect Chain Order,Indexed,0.0,362879.0,323362.0,,2,0.0002079434393844874,2,0.00020844189682126107
effect_chain_order,Effect Chain Order,Indexed,0.0,362879.0,32338.0,,4,0.0004158868787689748,4,0.00041688379364252214
effect_chain_order,Effect Chain Order,Indexed,0.0,362879.0,323568.0,,3,0.00031191515907673113,3,0.0003126628452318916
effect_chain_order,Effect Chain Order,Indexed,0.0,362879.0,323650.0,,4,0.0004158868787689748,4,0.00041688379364252214
effect_chain_order,Effect Chain Order,Indexed,0.0,362879.0,323722.0,,1,0.0001039717196922437,1,0.00010422094841063054
effect_chain_order,Effect Chain Order,Indexed,0.0,362879.0,323794.0,,1,0.0001039717196922437,1,0.00010422094841063054
effect_chain_order,Effect Chain Order,Indexed,0.0,362879.0,324047.0,,1,0.0001039717196922437,1,0.00010422094841063054
effect_chain_order,Effect Chain Order,Indexed,0.0,362879.0,324072.0,,2,0.0002079434393844874,2,0.00020844189682126107
effect_chain_order,Effect Chain Order,Indexed,0.0,362879.0,324081.0,,1,0.0001039717196922437,1,0.00010422094841063054
effect_chain_order,Effect Chain Order,Indexed,0.0,362879.0,324092.0,,1,0.0001039717196922437,1,0.00010422094841063054
effect_chain_order,Effect Chain Order,Indexed,0.0,362879.0,324288.0,,1,0.0001039717196922437,1,0.00010422094841063054
effect_chain_order,Effect Chain Order,Indexed,0.0,362879.0,324708.0,,1,0.0001039717196922437,1,0.00010422094841063054
effect_chain_order,Effect Chain Order,Indexed,0.0,362879.0,324739.0,,1,0.0001039717196922437,1,0.00010422094841063054
effect_chain_order,Effect Chain Order,Indexed,0.0,362879.0,32491.0,,1,0.0001039717196922437,1,0.00010422094841063054
effect_chain_order,Effect Chain Order,Indexed,0.0,362879.0,32502.0,,1,0.0001039717196922437,1,0.00010422094841063054
effect_chain_order,Effect Chain Order,Indexed,0.0,362879.0,325161.0,,1,0.0001039717196922437,1,0.00010422094841063054
effect_chain_order,Effect Chain Order,Indexed,0.0,362879.0,326.0,,2,0.0002079434393844874,2,0.00020844189682126107
effect_chain_order,Effect Chain Order,Indexed,0.0,362879.0,326592.0,,1,0.0001039717196922437,1,0.00010422094841063054
effect_chain_order,Effect Chain Order,Indexed,0.0,362879.0,32661.0,,1,0.0001039717196922437,1,0.00010422094841063054
effect_chain_order,Effect Chain Order,Indexed,0.0,362879.0,326890.0,,1,0.0001039717196922437,1,0.00010422094841063054
effect_chain_order,Effect Chain Order,Indexed,0.0,362879.0,32698.0,,1,0.0001039717196922437,1,0.00010422094841063054
effect_chain_order,Effect Chain Order,Indexed,0.0,362879.0,327034.0,,2,0.0002079434393844874,2,0.00020844189682126107
effect_chain_order,Effect Chain Order,Indexed,0.0,362879.0,327178.0,,1,0.0001039717196922437,1,0.00010422094841063054
effect_chain_order,Effect Chain Order,Indexed,0.0,362879.0,32760.0,,1,0.0001039717196922437,1,0.00010422094841063054
effect_chain_order,Effect Chain Order,Indexed,0.0,362879.0,328104.0,,1,0.0001039717196922437,1,0.00010422094841063054
effect_chain_order,Effect Chain Order,Indexed,0.0,362879.0,328124.0,,1,0.0001039717196922437,1,0.00010422094841063054
effect_chain_order,Effect Chain Order,Indexed,0.0,362879.0,32842.0,,4,0.0004158868787689748,4,0.00041688379364252214
effect_chain_order,Effect Chain Order,Indexed,0.0,362879.0,32851.0,,1,0.0001039717196922437,1,0.00010422094841063054
effect_chain_order,Effect Chain Order,Indexed,0.0,362879.0,328672.0,,1,0.0001039717196922437,1,0.00010422094841063054
effect_chain_order,Effect Chain Order,Indexed,0.0,362879.0,329112.0,,1,0.0001039717196922437,1,0.00010422094841063054
effect_chain_order,Effect Chain Order,Indexed,0.0,362879.0,32986.0,,1,0.0001039717196922437,1,0.00010422094841063054
effect_chain_order,Effect Chain Order,Indexed,0.0,362879.0,330120.0,,1,0.0001039717196922437,1,0.00010422094841063054
effect_chain_order,Effect Chain Order,Indexed,0.0,362879.0,330194.0,,1,0.0001039717196922437,1,0.00010422094841063054
effect_chain_order,Effect Chain Order,Indexed,0.0,362879.0,331128.0,,2,0.0002079434393844874,2,0.00020844189682126107
effect_chain_order,Effect Chain Order,Indexed,0.0,362879.0,331138.0,,2,0.0002079434393844874,2,0.00020844189682126107
effect_chain_order,Effect Chain Order,Indexed,0.0,362879.0,3312.0,,1,0.0001039717196922437,1,0.00010422094841063054
effect_chain_order,Effect Chain Order,Indexed,0.0,362879.0,331282.0,,1,0.0001039717196922437,1,0.00010422094841063054
effect_chain_order,Effect Chain Order,Indexed,0.0,362879.0,331632.0,,1,0.0001039717196922437,1,0.00010422094841063054
effect_chain_order,Effect Chain Order,Indexed,0.0,362879.0,3321.0,,2,0.0002079434393844874,2,0.00020844189682126107
effect_chain_order,Effect Chain Order,Indexed,0.0,362879.0,3322.0,,4,0.0004158868787689748,4,0.00041688379364252214
effect_chain_order,Effect Chain Order,Indexed,0.0,362879.0,33264.0,,9,0.0009357454772301934,8,0.0008337675872850443
effect_chain_order,Effect Chain Order,Indexed,0.0,362879.0,332640.0,,3,0.00031191515907673113,3,0.0003126628452318916
effect_chain_order,Effect Chain Order,Indexed,0.0,362879.0,332643.0,,1,0.0001039717196922437,1,0.00010422094841063054
effect_chain_order,Effect Chain Order,Indexed,0.0,362879.0,33284.0,,1,0.0001039717196922437,1,0.00010422094841063054
effect_chain_order,Effect Chain Order,Indexed,0.0,362879.0,33309.0,,1,0.0001039717196922437,1,0.00010422094841063054
effect_chain_order,Effect Chain Order,Indexed,0.0,362879.0,33318.0,,1,0.0001039717196922437,1,0.00010422094841063054
effect_chain_order,Effect Chain Order,Indexed,0.0,362879.0,333226.0,,2,0.0002079434393844874,2,0.00020844189682126107
effect_chain_order,Effect Chain Order,Indexed,0.0,362879.0,333407.0,,1,0.0001039717196922437,1,0.00010422094841063054
effect_chain_order,Effect Chain Order,Indexed,0.0,362879.0,3339.0,,1,0.0001039717196922437,1,0.00010422094841063054
effect_chain_order,Effect Chain Order,Indexed,0.0,362879.0,334152.0,,1,0.0001039717196922437,1,0.00010422094841063054
effect_chain_order,Effect Chain Order,Indexed,0.0,362879.0,33418.0,,1,0.0001039717196922437,1,0.00010422094841063054
effect_chain_order,Effect Chain Order,Indexed,0.0,362879.0,334279.0,,1,0.0001039717196922437,1,0.00010422094841063054
effect_chain_order,Effect Chain Order,Indexed,0.0,362879.0,334469.0,,1,0.0001039717196922437,1,0.00010422094841063054
effect_chain_order,Effect Chain Order,Indexed,0.0,362879.0,334738.0,,1,0.0001039717196922437,1,0.00010422094841063054
effect_chain_order,Effect Chain Order,Indexed,0.0,362879.0,334820.0,,1,0.0001039717196922437,1,0.00010422094841063054
effect_chain_order,Effect Chain Order,Indexed,0.0,362879.0,334837.0,,1,0.0001039717196922437,1,0.00010422094841063054
effect_chain_order,Effect Chain Order,Indexed,0.0,362879.0,335055.0,,1,0.0001039717196922437,1,0.00010422094841063054
effect_chain_order,Effect Chain Order,Indexed,0.0,362879.0,33517.0,,5,0.0005198585984612185,5,0.0005211047420531526
effect_chain_order,Effect Chain Order,Indexed,0.0,362879.0,33552.0,,1,0.0001039717196922437,1,0.00010422094841063054
effect_chain_order,Effect Chain Order,Indexed,0.0,362879.0,33561.0,,1,0.0001039717196922437,1,0.00010422094841063054
effect_chain_order,Effect Chain Order,Indexed,0.0,362879.0,335664.0,,1,0.0001039717196922437,1,0.00010422094841063054
effect_chain_order,Effect Chain Order,Indexed,0.0,362879.0,335670.0,,1,0.0001039717196922437,1,0.00010422094841063054
effect_chain_order,Effect Chain Order,Indexed,0.0,362879.0,335713.0,,1,0.0001039717196922437,1,0.00010422094841063054
effect_chain_order,Effect Chain Order,Indexed,0.0,362879.0,335961.0,,1,0.0001039717196922437,1,0.00010422094841063054
effect_chain_order,Effect Chain Order,Indexed,0.0,362879.0,335971.0,,1,0.0001039717196922437,1,0.00010422094841063054
effect_chain_order,Effect Chain Order,Indexed,0.0,362879.0,336168.0,,1,0.0001039717196922437,1,0.00010422094841063054
effect_chain_order,Effect Chain Order,Indexed,0.0,362879.0,336174.0,,1,0.0001039717196922437,1,0.00010422094841063054
effect_chain_order,Effect Chain Order,Indexed,0.0,362879.0,336240.0,,1,0.0001039717196922437,1,0.00010422094841063054
effect_chain_order,Effect Chain Order,Indexed,0.0,362879.0,336250.0,,10,0.001039717196922437,10,0.0010422094841063053
effect_chain_order,Effect Chain Order,Indexed,0.0,362879.0,336251.0,,1,0.0001039717196922437,1,0.00010422094841063054
effect_chain_order,Effect Chain Order,Indexed,0.0,362879.0,336465.0,,1,0.0001039717196922437,1,0.00010422094841063054
effect_chain_order,Effect Chain Order,Indexed,0.0,362879.0,336969.0,,1,0.0001039717196922437,1,0.00010422094841063054
effect_chain_order,Effect Chain Order,Indexed,0.0,362879.0,337176.0,,4,0.0004158868787689748,4,0.00041688379364252214
effect_chain_order,Effect Chain Order,Indexed,0.0,362879.0,33735.0,,1,0.0001039717196922437,1,0.00010422094841063054
effect_chain_order,Effect Chain Order,Indexed,0.0,362879.0,33768.0,,2,0.0002079434393844874,2,0.00020844189682126107
effect_chain_order,Effect Chain Order,Indexed,0.0,362879.0,33813.0,,3,0.00031191515907673113,3,0.0003126628452318916
effect_chain_order,Effect Chain Order,Indexed,0.0,362879.0,33814.0,,1,0.0001039717196922437,1,0.00010422094841063054
effect_chain_order,Effect Chain Order,Indexed,0.0,362879.0,3384.0,,1,0.0001039717196922437,1,0.00010422094841063054
effect_chain_order,Effect Chain Order,Indexed,0.0,362879.0,33840.0,,1,0.0001039717196922437,1,0.00010422094841063054
effect_chain_order,Effect Chain Order,Indexed,0.0,362879.0,33843.0,,1,0.0001039717196922437,1,0.00010422094841063054
effect_chain_order,Effect Chain Order,Indexed,0.0,362879.0,33849.0,,1,0.0001039717196922437,1,0.00010422094841063054
effect_chain_order,Effect Chain Order,Indexed,0.0,362879.0,33850.0,,23,0.0023913495529216053,23,0.0023970818134445024
effect_chain_order,Effect Chain Order,Indexed,0.0,362879.0,338688.0,,8,0.0008317737575379496,8,0.0008337675872850443
effect_chain_order,Effect Chain Order,Indexed,0.0,362879.0,338743.0,,2,0.0002079434393844874,2,0.00020844189682126107
effect_chain_order,Effect Chain Order,Indexed,0.0,362879.0,338770.0,,1,0.0001039717196922437,1,0.00010422094841063054
effect_chain_order,Effect Chain Order,Indexed,0.0,362879.0,338771.0,,3,0.00031191515907673113,2,0.00020844189682126107
effect_chain_order,Effect Chain Order,Indexed,0.0,362879.0,338842.0,,1,0.0001039717196922437,1,0.00010422094841063054
effect_chain_order,Effect Chain Order,Indexed,0.0,362879.0,33885.0,,1,0.0001039717196922437,1,0.00010422094841063054
effect_chain_order,Effect Chain Order,Indexed,0.0,362879.0,338987.0,,1,0.0001039717196922437,1,0.00010422094841063054
effect_chain_order,Effect Chain Order,Indexed,0.0,362879.0,339192.0,,5,0.0005198585984612185,5,0.0005211047420531526
effect_chain_order,Effect Chain Order,Indexed,0.0,362879.0,339195.0,,1,0.0001039717196922437,1,0.00010422094841063054
effect_chain_order,Effect Chain Order,Indexed,0.0,362879.0,339198.0,,2,0.0002079434393844874,2,0.00020844189682126107
effect_chain_order,Effect Chain Order,Indexed,0.0,362879.0,339264.0,,3,0.00031191515907673113,3,0.0003126628452318916
effect_chain_order,Effect Chain Order,Indexed,0.0,362879.0,339273.0,,4,0.0004158868787689748,4,0.00041688379364252214
effect_chain_order,Effect Chain Order,Indexed,0.0,362879.0,339274.0,,4,0.0004158868787689748,4,0.00041688379364252214
effect_chain_order,Effect Chain Order,Indexed,0.0,362879.0,33930.0,,1,0.0001039717196922437,1,0.00010422094841063054
effect_chain_order,Effect Chain Order,Indexed,0.0,362879.0,339696.0,,2,0.0002079434393844874,2,0.00020844189682126107
effect_chain_order,Effect Chain Order,Indexed,0.0,362879.0,339717.0,,1,0.0001039717196922437,1,0.00010422094841063054
effect_chain_order,Effect Chain Order,Indexed,0.0,362879.0,339778.0,,4,0.0004158868787689748,4,0.00041688379364252214
effect_chain_order,Effect Chain Order,Indexed,0.0,362879.0,339860.0,,2,0.0002079434393844874,2,0.00020844189682126107
effect_chain_order,Effect Chain Order,Indexed,0.0,362879.0,339885.0,,2,0.0002079434393844874,2,0.00020844189682126107
effect_chain_order,Effect Chain Order,Indexed,0.0,362879.0,339887.0,,1,0.0001039717196922437,1,0.00010422094841063054
effect_chain_order,Effect Chain Order,Indexed,0.0,362879.0,339930.0,,1,0.0001039717196922437,1,0.00010422094841063054
effect_chain_order,Effect Chain Order,Indexed,0.0,362879.0,339987.0,,1,0.0001039717196922437,1,0.00010422094841063054
effect_chain_order,Effect Chain Order,Indexed,0.0,362879.0,34.0,,1,0.0001039717196922437,1,0.00010422094841063054
effect_chain_order,Effect Chain Order,Indexed,0.0,362879.0,340002.0,,1,0.0001039717196922437,1,0.00010422094841063054
effect_chain_order,Effect Chain Order,Indexed,0.0,362879.0,340011.0,,1,0.0001039717196922437,1,0.00010422094841063054
effect_chain_order,Effect Chain Order,Indexed,0.0,362879.0,340200.0,,6,0.0006238303181534623,6,0.0006253256904637832
effect_chain_order,Effect Chain Order,Indexed,0.0,362879.0,340209.0,,1,0.0001039717196922437,1,0.00010422094841063054
effect_chain_order,Effect Chain Order,Indexed,0.0,362879.0,340362.0,,1,0.0001039717196922437,1,0.00010422094841063054
effect_chain_order,Effect Chain Order,Indexed,0.0,362879.0,340652.0,,1,0.0001039717196922437,1,0.00010422094841063054
effect_chain_order,Effect Chain Order,Indexed,0.0,362879.0,34066.0,,1,0.0001039717196922437,1,0.00010422094841063054
effect_chain_order,Effect Chain Order,Indexed,0.0,362879.0,34084.0,,1,0.0001039717196922437,1,0.00010422094841063054
effect_chain_order,Effect Chain Order,Indexed,0.0,362879.0,341181.0,,1,0.0001039717196922437,1,0.00010422094841063054
effect_chain_order,Effect Chain Order,Indexed,0.0,362879.0,341208.0,,1,0.0001039717196922437,1,0.00010422094841063054
effect_chain_order,Effect Chain Order,Indexed,0.0,362879.0,3413.0,,1,0.0001039717196922437,1,0.00010422094841063054
effect_chain_order,Effect Chain Order,Indexed,0.0,362879.0,341712.0,,2,0.0002079434393844874,2,0.00020844189682126107
effect_chain_order,Effect Chain Order,Indexed,0.0,362879.0,342.0,,2,0.0002079434393844874,2,0.00020844189682126107
effect_chain_order,Effect Chain Order,Indexed,0.0,362879.0,342182.0,,1,0.0001039717196922437,1,0.00010422094841063054
effect_chain_order,Effect Chain Order,Indexed,0.0,362879.0,34272.0,,1,0.0001039717196922437,1,0.00010422094841063054
effect_chain_order,Effect Chain Order,Indexed,0.0,362879.0,343010.0,,1,0.0001039717196922437,1,0.00010422094841063054
effect_chain_order,Effect Chain Order,Indexed,0.0,362879.0,343012.0,,1,0.0001039717196922437,1,0.00010422094841063054
effect_chain_order,Effect Chain Order,Indexed,0.0,362879.0,34321.0,,2,0.0002079434393844874,2,0.00020844189682126107
effect_chain_order,Effect Chain Order,Indexed,0.0,362879.0,343306.0,,1,0.0001039717196922437,1,0.00010422094841063054
effect_chain_order,Effect Chain Order,Indexed,0.0,362879.0,343386.0,,1,0.0001039717196922437,1,0.00010422094841063054
effect_chain_order,Effect Chain Order,Indexed,0.0,362879.0,34344.0,,1,0.0001039717196922437,1,0.00010422094841063054
effect_chain_order,Effect Chain Order,Indexed,0.0,362879.0,343458.0,,1,0.0001039717196922437,1,0.00010422094841063054
effect_chain_order,Effect Chain Order,Indexed,0.0,362879.0,34351.0,,1,0.0001039717196922437,1,0.00010422094841063054
effect_chain_order,Effect Chain Order,Indexed,0.0,362879.0,34354.0,,4,0.0004158868787689748,4,0.00041688379364252214
effect_chain_order,Effect Chain Order,Indexed,0.0,362879.0,343890.0,,1,0.0001039717196922437,1,0.00010422094841063054
effect_chain_order,Effect Chain Order,Indexed,0.0,362879.0,34443.0,,1,0.0001039717196922437,1,0.00010422094841063054
effect_chain_order,Effect Chain Order,Indexed,0.0,362879.0,344736.0,,2,0.0002079434393844874,2,0.00020844189682126107
effect_chain_order,Effect Chain Order,Indexed,0.0,362879.0,345033.0,,1,0.0001039717196922437,1,0.00010422094841063054
effect_chain_order,Effect Chain Order,Indexed,0.0,362879.0,345044.0,,1,0.0001039717196922437,1,0.00010422094841063054
effect_chain_order,Effect Chain Order,Indexed,0.0,362879.0,345258.0,,1,0.0001039717196922437,1,0.00010422094841063054
effect_chain_order,Effect Chain Order,Indexed,0.0,362879.0,3457.0,,1,0.0001039717196922437,1,0.00010422094841063054
effect_chain_order,Effect Chain Order,Indexed,0.0,362879.0,34570.0,,1,0.0001039717196922437,1,0.00010422094841063054
effect_chain_order,Effect Chain Order,Indexed,0.0,362879.0,345717.0,,1,0.0001039717196922437,1,0.00010422094841063054
effect_chain_order,Effect Chain Order,Indexed,0.0,362879.0,345825.0,,1,0.0001039717196922437,1,0.00010422094841063054
effect_chain_order,Effect Chain Order,Indexed,0.0,362879.0,346041.0,,1,0.0001039717196922437,1,0.00010422094841063054
effect_chain_order,Effect Chain Order,Indexed,0.0,362879.0,346248.0,,1,0.0001039717196922437,1,0.00010422094841063054
effect_chain_order,Effect Chain Order,Indexed,0.0,362879.0,346258.0,,1,0.0001039717196922437,1,0.00010422094841063054
effect_chain_order,Effect Chain Order,Indexed,0.0,362879.0,346402.0,,1,0.0001039717196922437,1,0.00010422094841063054
effect_chain_order,Effect Chain Order,Indexed,0.0,362879.0,346464.0,,1,0.0001039717196922437,1,0.00010422094841063054
effect_chain_order,Effect Chain Order,Indexed,0.0,362879.0,34776.0,,5,0.0005198585984612185,5,0.0005211047420531526
effect_chain_order,Effect Chain Order,Indexed,0.0,362879.0,347760.0,,2,0.0002079434393844874,2,0.00020844189682126107
effect_chain_order,Effect Chain Order,Indexed,0.0,362879.0,34786.0,,8,0.0008317737575379496,8,0.0008337675872850443
effect_chain_order,Effect Chain Order,Indexed,0.0,362879.0,348202.0,,1,0.0001039717196922437,1,0.00010422094841063054
effect_chain_order,Effect Chain Order,Indexed,0.0,362879.0,34858.0,,1,0.0001039717196922437,1,0.00010422094841063054
effect_chain_order,Effect Chain Order,Indexed,0.0,362879.0,349858.0,,1,0.0001039717196922437,1,0.00010422094841063054
effect_chain_order,Effect Chain Order,Indexed,0.0,362879.0,35002.0,,2,0.0002079434393844874,2,0.00020844189682126107
effect_chain_order,Effect Chain Order,Indexed,0.0,362879.0,35084.0,,1,0.0001039717196922437,1,0.00010422094841063054
effect_chain_order,Effect Chain Order,Indexed,0.0,362879.0,350904.0,,1,0.0001039717196922437,1,0.00010422094841063054
effect_chain_order,Effect Chain Order,Indexed,0.0,362879.0,351081.0,,1,0.0001039717196922437,1,0.00010422094841063054
effect_chain_order,Effect Chain Order,Indexed,0.0,362879.0,35109.0,,1,0.0001039717196922437,1,0.00010422094841063054
effect_chain_order,Effect Chain Order,Indexed,0.0,362879.0,351308.0,,1,0.0001039717196922437,1,0.00010422094841063054
effect_chain_order,Effect Chain Order,Indexed,0.0,362879.0,351510.0,,1,0.0001039717196922437,1,0.00010422094841063054
effect_chain_order,Effect Chain Order,Indexed,0.0,362879.0,351585.0,,1,0.0001039717196922437,1,0.00010422094841063054
effect_chain_order,Effect Chain Order,Indexed,0.0,362879.0,35218.0,,1,0.0001039717196922437,1,0.00010422094841063054
effect_chain_order,Effect Chain Order,Indexed,0.0,362879.0,352296.0,,1,0.0001039717196922437,1,0.00010422094841063054
effect_chain_order,Effect Chain Order,Indexed,0.0,362879.0,352377.0,,3,0.00031191515907673113,3,0.0003126628452318916
effect_chain_order,Effect Chain Order,Indexed,0.0,362879.0,3528.0,,27,0.0028072364316905803,27,0.0028139656070870246
effect_chain_order,Effect Chain Order,Indexed,0.0,362879.0,35282.0,,1,0.0001039717196922437,1,0.00010422094841063054
effect_chain_order,Effect Chain Order,Indexed,0.0,362879.0,35286.0,,1,0.0001039717196922437,1,0.00010422094841063054
effect_chain_order,Effect Chain Order,Indexed,0.0,362879.0,35287.0,,1,0.0001039717196922437,1,0.00010422094841063054
effect_chain_order,Effect Chain Order,Indexed,0.0,362879.0,3529.0,,1,0.0001039717196922437,1,0.00010422094841063054
effect_chain_order,Effect Chain Order,Indexed,0.0,362879.0,3532.0,,2,0.0002079434393844874,2,0.00020844189682126107
effect_chain_order,Effect Chain Order,Indexed,0.0,362879.0,35362.0,,1,0.0001039717196922437,1,0.00010422094841063054
effect_chain_order,Effect Chain Order,Indexed,0.0,362879.0,35380.0,,1,0.0001039717196922437,1,0.00010422094841063054
effect_chain_order,Effect Chain Order,Indexed,0.0,362879.0,353808.0,,7,0.000727802037845706,7,0.0007295466388744137
effect_chain_order,Effect Chain Order,Indexed,0.0,362879.0,353818.0,,1,0.0001039717196922437,1,0.00010422094841063054
effect_chain_order,Effect Chain Order,Indexed,0.0,362879.0,353962.0,,3,0.00031191515907673113,3,0.0003126628452318916
effect_chain_order,Effect Chain Order,Indexed,0.0,362879.0,353971.0,,1,0.0001039717196922437,1,0.00010422094841063054
effect_chain_order,Effect Chain Order,Indexed,0.0,362879.0,353972.0,,1,0.0001039717196922437,1,0.00010422094841063054
effect_chain_order,Effect Chain Order,Indexed,0.0,362879.0,354312.0,,9,0.0009357454772301934,9,0.0009379885356956748
effect_chain_order,Effect Chain Order,Indexed,0.0,362879.0,354321.0,,1,0.0001039717196922437,1,0.00010422094841063054
effect_chain_order,Effect Chain Order,Indexed,0.0,362879.0,354817.0,,1,0.0001039717196922437,1,0.00010422094841063054
effect_chain_order,Effect Chain Order,Indexed,0.0,362879.0,35496.0,,1,0.0001039717196922437,1,0.00010422094841063054
effect_chain_order,Effect Chain Order,Indexed,0.0,362879.0,354970.0,,2,0.0002079434393844874,2,0.00020844189682126107
effect_chain_order,Effect Chain Order,Indexed,0.0,362879.0,355350.0,,1,0.0001039717196922437,1,0.00010422094841063054
effect_chain_order,Effect Chain Order,Indexed,0.0,362879.0,355402.0,,1,0.0001039717196922437,1,0.00010422094841063054
effect_chain_order,Effect Chain Order,Indexed,0.0,362879.0,355728.0,,1,0.0001039717196922437,1,0.00010422094841063054
effect_chain_order,Effect Chain Order,Indexed,0.0,362879.0,355863.0,,1,0.0001039717196922437,1,0.00010422094841063054
effect_chain_order,Effect Chain Order,Indexed,0.0,362879.0,356636.0,,1,0.0001039717196922437,1,0.00010422094841063054
effect_chain_order,Effect Chain Order,Indexed,0.0,362879.0,357418.0,,1,0.0001039717196922437,1,0.00010422094841063054
effect_chain_order,Effect Chain Order,Indexed,0.0,362879.0,3575.0,,1,0.0001039717196922437,1,0.00010422094841063054
effect_chain_order,Effect Chain Order,Indexed,0.0,362879.0,357888.0,,1,0.0001039717196922437,1,0.00010422094841063054
effect_chain_order,Effect Chain Order,Indexed,0.0,362879.0,358344.0,,1,0.0001039717196922437,1,0.00010422094841063054
effect_chain_order,Effect Chain Order,Indexed,0.0,362879.0,358374.0,,1,0.0001039717196922437,1,0.00010422094841063054
effect_chain_order,Effect Chain Order,Indexed,0.0,362879.0,358391.0,,1,0.0001039717196922437,1,0.00010422094841063054
effect_chain_order,Effect Chain Order,Indexed,0.0,362879.0,358489.0,,1,0.0001039717196922437,1,0.00010422094841063054
effect_chain_order,Effect Chain Order,Indexed,0.0,362879.0,358497.0,,1,0.0001039717196922437,1,0.00010422094841063054
effect_chain_order,Effect Chain Order,Indexed,0.0,362879.0,358569.0,,1,0.0001039717196922437,1,0.00010422094841063054
effect_chain_order,Effect Chain Order,Indexed,0.0,362879.0,359289.0,,1,0.0001039717196922437,1,0.00010422094841063054
effect_chain_order,Effect Chain Order,Indexed,0.0,362879.0,359352.0,,1,0.0001039717196922437,1,0.00010422094841063054
effect_chain_order,Effect Chain Order,Indexed,0.0,362879.0,359568.0,,1,0.0001039717196922437,1,0.00010422094841063054
effect_chain_order,Effect Chain Order,Indexed,0.0,362879.0,359668.0,,1,0.0001039717196922437,1,0.00010422094841063054
effect_chain_order,Effect Chain Order,Indexed,0.0,362879.0,359742.0,,1,0.0001039717196922437,1,0.00010422094841063054
effect_chain_order,Effect Chain Order,Indexed,0.0,362879.0,36.0,,3,0.00031191515907673113,3,0.0003126628452318916
effect_chain_order,Effect Chain Order,Indexed,0.0,362879.0,360.0,,6,0.0006238303181534623,6,0.0006253256904637832
effect_chain_order,Effect Chain Order,Indexed,0.0,362879.0,360153.0,,1,0.0001039717196922437,1,0.00010422094841063054
effect_chain_order,Effect Chain Order,Indexed,0.0,362879.0,360154.0,,2,0.0002079434393844874,2,0.00020844189682126107
effect_chain_order,Effect Chain Order,Indexed,0.0,362879.0,360298.0,,1,0.0001039717196922437,1,0.00010422094841063054
effect_chain_order,Effect Chain Order,Indexed,0.0,362879.0,360393.0,,1,0.0001039717196922437,1,0.00010422094841063054
effect_chain_order,Effect Chain Order,Indexed,0.0,362879.0,360514.0,,2,0.0002079434393844874,2,0.00020844189682126107
effect_chain_order,Effect Chain Order,Indexed,0.0,362879.0,3609.0,,4,0.0004158868787689748,4,0.00041688379364252214
effect_chain_order,Effect Chain Order,Indexed,0.0,362879.0,3610.0,,21,0.002183406113537118,21,0.0021886399166232413
effect_chain_order,Effect Chain Order,Indexed,0.0,362879.0,36100.0,,1,0.0001039717196922437,1,0.00010422094841063054
effect_chain_order,Effect Chain Order,Indexed,0.0,362879.0,361053.0,,1,0.0001039717196922437,1,0.00010422094841063054
effect_chain_order,Effect Chain Order,Indexed,0.0,362879.0,361368.0,,1,0.0001039717196922437,1,0.00010422094841063054
effect_chain_order,Effect Chain Order,Indexed,0.0,362879.0,361397.0,,1,0.0001039717196922437,1,0.00010422094841063054
effect_chain_order,Effect Chain Order,Indexed,0.0,362879.0,3614.0,,1,0.0001039717196922437,1,0.00010422094841063054
effect_chain_order,Effect Chain Order,Indexed,0.0,362879.0,3615.0,,2,0.0002079434393844874,2,0.00020844189682126107
effect_chain_order,Effect Chain Order,Indexed,0.0,362879.0,3617.0,,1,0.0001039717196922437,1,0.00010422094841063054
effect_chain_order,Effect Chain Order,Indexed,0.0,362879.0,362160.0,,1,0.0001039717196922437,1,0.00010422094841063054
effect_chain_order,Effect Chain Order,Indexed,0.0,362879.0,36288.0,,13,0.0013516323559991683,13,0.001354872329338197
effect_chain_order,Effect Chain Order,Indexed,0.0,362879.0,36289.0,,2,0.0002079434393844874,2,0.00020844189682126107
effect_chain_order,Effect Chain Order,Indexed,0.0,362879.0,36370.0,,5,0.0005198585984612185,5,0.0005211047420531526
effect_chain_order,Effect Chain Order,Indexed,0.0,362879.0,36389.0,,1,0.0001039717196922437,1,0.00010422094841063054
effect_chain_order,Effect Chain Order,Indexed,0.0,362879.0,364.0,,1,0.0001039717196922437,1,0.00010422094841063054
effect_chain_order,Effect Chain Order,Indexed,0.0,362879.0,36442.0,,2,0.0002079434393844874,2,0.00020844189682126107
effect_chain_order,Effect Chain Order,Indexed,0.0,362879.0,365.0,,1,0.0001039717196922437,1,0.00010422094841063054
effect_chain_order,Effect Chain Order,Indexed,0.0,362879.0,36514.0,,1,0.0001039717196922437,1,0.00010422094841063054
effect_chain_order,Effect Chain Order,Indexed,0.0,362879.0,36534.0,,1,0.0001039717196922437,1,0.00010422094841063054
effect_chain_order,Effect Chain Order,Indexed,0.0,362879.0,366.0,,2,0.0002079434393844874,2,0.00020844189682126107
effect_chain_order,Effect Chain Order,Indexed,0.0,362879.0,367.0,,2,0.0002079434393844874,2,0.00020844189682126107
effect_chain_order,Effect Chain Order,Indexed,0.0,362879.0,3672.0,,1,0.0001039717196922437,1,0.00010422094841063054
effect_chain_order,Effect Chain Order,Indexed,0.0,362879.0,3676.0,,1,0.0001039717196922437,1,0.00010422094841063054
effect_chain_order,Effect Chain Order,Indexed,0.0,362879.0,36792.0,,10,0.001039717196922437,9,0.0009379885356956748
effect_chain_order,Effect Chain Order,Indexed,0.0,362879.0,36793.0,,1,0.0001039717196922437,1,0.00010422094841063054
effect_chain_order,Effect Chain Order,Indexed,0.0,362879.0,36802.0,,1,0.0001039717196922437,1,0.00010422094841063054
effect_chain_order,Effect Chain Order,Indexed,0.0,362879.0,3682.0,,2,0.0002079434393844874,2,0.00020844189682126107
effect_chain_order,Effect Chain Order,Indexed,0.0,362879.0,36864.0,,3,0.00031191515907673113,3,0.0003126628452318916
effect_chain_order,Effect Chain Order,Indexed,0.0,362879.0,36873.0,,2,0.0002079434393844874,2,0.00020844189682126107
effect_chain_order,Effect Chain Order,Indexed,0.0,362879.0,36874.0,,10,0.001039717196922437,10,0.0010422094841063053
effect_chain_order,Effect Chain Order,Indexed,0.0,362879.0,3690.0,,1,0.0001039717196922437,1,0.00010422094841063054
effect_chain_order,Effect Chain Order,Indexed,0.0,362879.0,36946.0,,1,0.0001039717196922437,1,0.00010422094841063054
effect_chain_order,Effect Chain Order,Indexed,0.0,362879.0,370.0,,2,0.0002079434393844874,2,0.00020844189682126107
effect_chain_order,Effect Chain Order,Indexed,0.0,362879.0,37296.0,,2,0.0002079434393844874,2,0.00020844189682126107
effect_chain_order,Effect Chain Order,Indexed,0.0,362879.0,37323.0,,1,0.0001039717196922437,1,0.00010422094841063054
effect_chain_order,Effect Chain Order,Indexed,0.0,362879.0,37343.0,,1,0.0001039717196922437,1,0.00010422094841063054
effect_chain_order,Effect Chain Order,Indexed,0.0,362879.0,37368.0,,1,0.0001039717196922437,1,0.00010422094841063054
effect_chain_order,Effect Chain Order,Indexed,0.0,362879.0,37378.0,,4,0.0004158868787689748,4,0.00041688379364252214
effect_chain_order,Effect Chain Order,Indexed,0.0,362879.0,37411.0,,1,0.0001039717196922437,1,0.00010422094841063054
effect_chain_order,Effect Chain Order,Indexed,0.0,362879.0,37413.0,,1,0.0001039717196922437,1,0.00010422094841063054
effect_chain_order,Effect Chain Order,Indexed,0.0,362879.0,37449.0,,3,0.00031191515907673113,3,0.0003126628452318916
effect_chain_order,Effect Chain Order,Indexed,0.0,362879.0,37450.0,,2,0.0002079434393844874,2,0.00020844189682126107
effect_chain_order,Effect Chain Order,Indexed,0.0,362879.0,37458.0,,3,0.00031191515907673113,3,0.0003126628452318916
effect_chain_order,Effect Chain Order,Indexed,0.0,362879.0,37459.0,,2,0.0002079434393844874,2,0.00020844189682126107
effect_chain_order,Effect Chain Order,Indexed,0.0,362879.0,37460.0,,1,0.0001039717196922437,1,0.00010422094841063054
effect_chain_order,Effect Chain Order,Indexed,0.0,362879.0,37467.0,,1,0.0001039717196922437,1,0.00010422094841063054
effect_chain_order,Effect Chain Order,Indexed,0.0,362879.0,37522.0,,1,0.0001039717196922437,1,0.00010422094841063054
effect_chain_order,Effect Chain Order,Indexed,0.0,362879.0,37530.0,,1,0.0001039717196922437,1,0.00010422094841063054
effect_chain_order,Effect Chain Order,Indexed,0.0,362879.0,3754.0,,3,0.00031191515907673113,3,0.0003126628452318916
effect_chain_order,Effect Chain Order,Indexed,0.0,362879.0,37593.0,,1,0.0001039717196922437,1,0.00010422094841063054
effect_chain_order,Effect Chain Order,Indexed,0.0,362879.0,37604.0,,1,0.0001039717196922437,1,0.00010422094841063054
effect_chain_order,Effect Chain Order,Indexed,0.0,362879.0,37800.0,,3,0.00031191515907673113,3,0.0003126628452318916
effect_chain_order,Effect Chain Order,Indexed,0.0,362879.0,37830.0,,1,0.0001039717196922437,1,0.00010422094841063054
effect_chain_order,Effect Chain Order,Indexed,0.0,362879.0,37838.0,,1,0.0001039717196922437,1,0.00010422094841063054
effect_chain_order,Effect Chain Order,Indexed,0.0,362879.0,37881.0,,2,0.0002079434393844874,2,0.00020844189682126107
effect_chain_order,Effect Chain Order,Indexed,0.0,362879.0,37882.0,,2,0.0002079434393844874,2,0.00020844189682126107
effect_chain_order,Effect Chain Order,Indexed,0.0,362879.0,3825.0,,1,0.0001039717196922437,1,0.00010422094841063054
effect_chain_order,Effect Chain Order,Indexed,0.0,362879.0,38314.0,,1,0.0001039717196922437,1,0.00010422094841063054
effect_chain_order,Effect Chain Order,Indexed,0.0,362879.0,3844.0,,1,0.0001039717196922437,1,0.00010422094841063054
effect_chain_order,Effect Chain Order,Indexed,0.0,362879.0,38493.0,,1,0.0001039717196922437,1,0.00010422094841063054
effect_chain_order,Effect Chain Order,Indexed,0.0,362879.0,38540.0,,2,0.0002079434393844874,2,0.00020844189682126107
effect_chain_order,Effect Chain Order,Indexed,0.0,362879.0,38556.0,,1,0.0001039717196922437,1,0.00010422094841063054
effect_chain_order,Effect Chain Order,Indexed,0.0,362879.0,38594.0,,1,0.0001039717196922437,1,0.00010422094841063054
effect_chain_order,Effect Chain Order,Indexed,0.0,362879.0,38637.0,,1,0.0001039717196922437,1,0.00010422094841063054
effect_chain_order,Effect Chain Order,Indexed,0.0,362879.0,38746.0,,1,0.0001039717196922437,1,0.00010422094841063054
effect_chain_order,Effect Chain Order,Indexed,0.0,362879.0,38890.0,,1,0.0001039717196922437,1,0.00010422094841063054
effect_chain_order,Effect Chain Order,Indexed,0.0,362879.0,39.0,,3,0.00031191515907673113,3,0.0003126628452318916
effect_chain_order,Effect Chain Order,Indexed,0.0,362879.0,390.0,,2,0.0002079434393844874,2,0.00020844189682126107
effect_chain_order,Effect Chain Order,Indexed,0.0,362879.0,39312.0,,3,0.00031191515907673113,3,0.0003126628452318916
effect_chain_order,Effect Chain Order,Indexed,0.0,362879.0,39316.0,,1,0.0001039717196922437,1,0.00010422094841063054
effect_chain_order,Effect Chain Order,Indexed,0.0,362879.0,39357.0,,1,0.0001039717196922437,1,0.00010422094841063054
effect_chain_order,Effect Chain Order,Indexed,0.0,362879.0,39394.0,,1,0.0001039717196922437,1,0.00010422094841063054
effect_chain_order,Effect Chain Order,Indexed,0.0,362879.0,39422.0,,2,0.0002079434393844874,2,0.00020844189682126107
effect_chain_order,Effect Chain Order,Indexed,0.0,362879.0,39610.0,,1,0.0001039717196922437,1,0.00010422094841063054
effect_chain_order,Effect Chain Order,Indexed,0.0,362879.0,39764.0,,1,0.0001039717196922437,1,0.00010422094841063054
effect_chain_order,Effect Chain Order,Indexed,0.0,362879.0,39816.0,,2,0.0002079434393844874,2,0.00020844189682126107
effect_chain_order,Effect Chain Order,Indexed,0.0,362879.0,39898.0,,2,0.0002079434393844874,2,0.00020844189682126107
effect_chain_order,Effect Chain Order,Indexed,0.0,362879.0,39900.0,,1,0.0001039717196922437,1,0.00010422094841063054
effect_chain_order,Effect Chain Order,Indexed,0.0,362879.0,39983.0,,1,0.0001039717196922437,1,0.00010422094841063054
effect_chain_order,Effect Chain Order,Indexed,0.0,362879.0,4.0,,25,0.0025992929923060928,25,0.0026055237102657635
effect_chain_order,Effect Chain Order,Indexed,0.0,362879.0,40.0,,2,0.0002079434393844874,2,0.00020844189682126107
effect_chain_order,Effect Chain Order,Indexed,0.0,362879.0,40062.0,,1,0.0001039717196922437,1,0.00010422094841063054
effect_chain_order,Effect Chain Order,Indexed,0.0,362879.0,40104.0,,1,0.0001039717196922437,1,0.00010422094841063054
effect_chain_order,Effect Chain Order,Indexed,0.0,362879.0,40114.0,,1,0.0001039717196922437,1,0.00010422094841063054
effect_chain_order,Effect Chain Order,Indexed,0.0,362879.0,402.0,,1,0.0001039717196922437,1,0.00010422094841063054
effect_chain_order,Effect Chain Order,Indexed,0.0,362879.0,40312.0,,1,0.0001039717196922437,1,0.00010422094841063054
effect_chain_order,Effect Chain Order,Indexed,0.0,362879.0,4032.0,,3,0.00031191515907673113,3,0.0003126628452318916
effect_chain_order,Effect Chain Order,Indexed,0.0,362879.0,40320.0,,1,0.0001039717196922437,1,0.00010422094841063054
effect_chain_order,Effect Chain Order,Indexed,0.0,362879.0,40401.0,,1,0.0001039717196922437,1,0.00010422094841063054
effect_chain_order,Effect Chain Order,Indexed,0.0,362879.0,40474.0,,4,0.0004158868787689748,4,0.00041688379364252214
effect_chain_order,Effect Chain Order,Indexed,0.0,362879.0,405.0,,8,0.0008317737575379496,8,0.0008337675872850443
effect_chain_order,Effect Chain Order,Indexed,0.0,362879.0,40509.0,,1,0.0001039717196922437,1,0.00010422094841063054
effect_chain_order,Effect Chain Order,Indexed,0.0,362879.0,40610.0,,1,0.0001039717196922437,1,0.00010422094841063054
effect_chain_order,Effect Chain Order,Indexed,0.0,362879.0,40618.0,,1,0.0001039717196922437,1,0.00010422094841063054
effect_chain_order,Effect Chain Order,Indexed,0.0,362879.0,40635.0,,1,0.0001039717196922437,1,0.00010422094841063054
effect_chain_order,Effect Chain Order,Indexed,0.0,362879.0,4080.0,,1,0.0001039717196922437,1,0.00010422094841063054
effect_chain_order,Effect Chain Order,Indexed,0.0,362879.0,40824.0,,1,0.0001039717196922437,1,0.00010422094841063054
effect_chain_order,Effect Chain Order,Indexed,0.0,362879.0,40986.0,,2,0.0002079434393844874,2,0.00020844189682126107
effect_chain_order,Effect Chain Order,Indexed,0.0,362879.0,41049.0,,1,0.0001039717196922437,1,0.00010422094841063054
effect_chain_order,Effect Chain Order,Indexed,0.0,362879.0,41079.0,,1,0.0001039717196922437,1,0.00010422094841063054
effect_chain_order,Effect Chain Order,Indexed,0.0,362879.0,41130.0,,1,0.0001039717196922437,1,0.00010422094841063054
effect_chain_order,Effect Chain Order,Indexed,0.0,362879.0,4114.0,,3,0.00031191515907673113,3,0.0003126628452318916
effect_chain_order,Effect Chain Order,Indexed,0.0,362879.0,4119.0,,1,0.0001039717196922437,1,0.00010422094841063054
effect_chain_order,Effect Chain Order,Indexed,0.0,362879.0,41371.0,,1,0.0001039717196922437,1,0.00010422094841063054
effect_chain_order,Effect Chain Order,Indexed,0.0,362879.0,414.0,,1,0.0001039717196922437,1,0.00010422094841063054
effect_chain_order,Effect Chain Order,Indexed,0.0,362879.0,41626.0,,1,0.0001039717196922437,1,0.00010422094841063054
effect_chain_order,Effect Chain Order,Indexed,0.0,362879.0,41643.0,,1,0.0001039717196922437,1,0.00010422094841063054
effect_chain_order,Effect Chain Order,Indexed,0.0,362879.0,41661.0,,1,0.0001039717196922437,1,0.00010422094841063054
effect_chain_order,Effect Chain Order,Indexed,0.0,362879.0,41688.0,,1,0.0001039717196922437,1,0.00010422094841063054
effect_chain_order,Effect Chain Order,Indexed,0.0,362879.0,41724.0,,1,0.0001039717196922437,1,0.00010422094841063054
effect_chain_order,Effect Chain Order,Indexed,0.0,362879.0,4181.0,,1,0.0001039717196922437,1,0.00010422094841063054
effect_chain_order,Effect Chain Order,Indexed,0.0,362879.0,4194.0,,1,0.0001039717196922437,1,0.00010422094841063054
effect_chain_order,Effect Chain Order,Indexed,0.0,362879.0,4195.0,,1,0.0001039717196922437,1,0.00010422094841063054
effect_chain_order,Effect Chain Order,Indexed,0.0,362879.0,420.0,,1,0.0001039717196922437,1,0.00010422094841063054
effect_chain_order,Effect Chain Order,Indexed,0.0,362879.0,4203.0,,2,0.0002079434393844874,2,0.00020844189682126107
effect_chain_order,Effect Chain Order,Indexed,0.0,362879.0,42336.0,,1,0.0001039717196922437,1,0.00010422094841063054
effect_chain_order,Effect Chain Order,Indexed,0.0,362879.0,42507.0,,1,0.0001039717196922437,1,0.00010422094841063054
effect_chain_order,Effect Chain Order,Indexed,0.0,362879.0,4257.0,,1,0.0001039717196922437,1,0.00010422094841063054
effect_chain_order,Effect Chain Order,Indexed,0.0,362879.0,4258.0,,1,0.0001039717196922437,1,0.00010422094841063054
effect_chain_order,Effect Chain Order,Indexed,0.0,362879.0,42730.0,,1,0.0001039717196922437,1,0.00010422094841063054
effect_chain_order,Effect Chain Order,Indexed,0.0,362879.0,42850.0,,2,0.0002079434393844874,2,0.00020844189682126107
effect_chain_order,Effect Chain Order,Indexed,0.0,362879.0,42922.0,,6,0.0006238303181534623,6,0.0006253256904637832
effect_chain_order,Effect Chain Order,Indexed,0.0,362879.0,42923.0,,1,0.0001039717196922437,1,0.00010422094841063054
effect_chain_order,Effect Chain Order,Indexed,0.0,362879.0,43.0,,3,0.00031191515907673113,3,0.0003126628452318916
effect_chain_order,Effect Chain Order,Indexed,0.0,362879.0,432.0,,6,0.0006238303181534623,6,0.0006253256904637832
effect_chain_order,Effect Chain Order,Indexed,0.0,362879.0,4330.0,,2,0.0002079434393844874,2,0.00020844189682126107
effect_chain_order,Effect Chain Order,Indexed,0.0,362879.0,43848.0,,4,0.0004158868787689748,4,0.00041688379364252214
effect_chain_order,Effect Chain Order,Indexed,0.0,362879.0,439.0,,1,0.0001039717196922437,1,0.00010422094841063054
effect_chain_order,Effect Chain Order,Indexed,0.0,362879.0,43929.0,,2,0.0002079434393844874,2,0.00020844189682126107
effect_chain_order,Effect Chain Order,Indexed,0.0,362879.0,43930.0,,3,0.00031191515907673113,3,0.0003126628452318916
effect_chain_order,Effect Chain Order,Indexed,0.0,362879.0,440.0,,1,0.0001039717196922437,1,0.00010422094841063054
effect_chain_order,Effect Chain Order,Indexed,0.0,362879.0,44074.0,,2,0.0002079434393844874,2,0.00020844189682126107
effect_chain_order,Effect Chain Order,Indexed,0.0,362879.0,44352.0,,1,0.0001039717196922437,1,0.00010422094841063054
effect_chain_order,Effect Chain Order,Indexed,0.0,362879.0,44434.0,,1,0.0001039717196922437,1,0.00010422094841063054
effect_chain_order,Effect Chain Order,Indexed,0.0,362879.0,44493.0,,1,0.0001039717196922437,1,0.00010422094841063054
effect_chain_order,Effect Chain Order,Indexed,0.0,362879.0,44650.0,,2,0.0002079434393844874,2,0.00020844189682126107
effect_chain_order,Effect Chain Order,Indexed,0.0,362879.0,45.0,,48,0.004990642545227698,48,0.0050026055237102655
effect_chain_order,Effect Chain Order,Indexed,0.0,362879.0,45018.0,,1,0.0001039717196922437,1,0.00010422094841063054
effect_chain_order,Effect Chain Order,Indexed,0.0,362879.0,45091.0,,1,0.0001039717196922437,1,0.00010422094841063054
effect_chain_order,Effect Chain Order,Indexed,0.0,362879.0,4536.0,,7,0.000727802037845706,7,0.0007295466388744137
effect_chain_order,Effect Chain Order,Indexed,0.0,362879.0,45360.0,,12,0.0012476606363069245,12,0.0012506513809275664
effect_chain_order,Effect Chain Order,Indexed,0.0,362879.0,45361.0,,1,0.0001039717196922437,1,0.00010422094841063054
effect_chain_order,Effect Chain Order,Indexed,0.0,362879.0,45364.0,,1,0.0001039717196922437,1,0.00010422094841063054
effect_chain_order,Effect Chain Order,Indexed,0.0,362879.0,4546.0,,2,0.0002079434393844874,2,0.00020844189682126107
effect_chain_order,Effect Chain Order,Indexed,0.0,362879.0,4555.0,,1,0.0001039717196922437,1,0.00010422094841063054
effect_chain_order,Effect Chain Order,Indexed,0.0,362879.0,45684.0,,1,0.0001039717196922437,1,0.00010422094841063054
effect_chain_order,Effect Chain Order,Indexed,0.0,362879.0,45864.0,,1,0.0001039717196922437,1,0.00010422094841063054
effect_chain_order,Effect Chain Order,Indexed,0.0,362879.0,45874.0,,1,0.0001039717196922437,1,0.00010422094841063054
effect_chain_order,Effect Chain Order,Indexed,0.0,362879.0,45945.0,,1,0.0001039717196922437,1,0.00010422094841063054
effect_chain_order,Effect Chain Order,Indexed,0.0,362879.0,45946.0,,1,0.0001039717196922437,1,0.00010422094841063054
effect_chain_order,Effect Chain Order,Indexed,0.0,362879.0,45947.0,,1,0.0001039717196922437,1,0.00010422094841063054
effect_chain_order,Effect Chain Order,Indexed,0.0,362879.0,4608.0,,2,0.0002079434393844874,2,0.00020844189682126107
effect_chain_order,Effect Chain Order,Indexed,0.0,362879.0,46162.0,,1,0.0001039717196922437,1,0.00010422094841063054
effect_chain_order,Effect Chain Order,Indexed,0.0,362879.0,46170.0,,3,0.00031191515907673113,3,0.0003126628452318916
effect_chain_order,Effect Chain Order,Indexed,0.0,362879.0,4618.0,,8,0.0008317737575379496,8,0.0008337675872850443
effect_chain_order,Effect Chain Order,Indexed,0.0,362879.0,46730.0,,1,0.0001039717196922437,1,0.00010422094841063054
effect_chain_order,Effect Chain Order,Indexed,0.0,362879.0,46892.0,,1,0.0001039717196922437,1,0.00010422094841063054
effect_chain_order,Effect Chain Order,Indexed,0.0,362879.0,4690.0,,1,0.0001039717196922437,1,0.00010422094841063054
effect_chain_order,Effect Chain Order,Indexed,0.0,362879.0,46944.0,,1,0.0001039717196922437,1,0.00010422094841063054
effect_chain_order,Effect Chain Order,Indexed,0.0,362879.0,46953.0,,1,0.0001039717196922437,1,0.00010422094841063054
effect_chain_order,Effect Chain Order,Indexed,0.0,362879.0,46954.0,,1,0.0001039717196922437,1,0.00010422094841063054
effect_chain_order,Effect Chain Order,Indexed,0.0,362879.0,4699.0,,1,0.0001039717196922437,1,0.00010422094841063054
effect_chain_order,Effect Chain Order,Indexed,0.0,362879.0,47025.0,,1,0.0001039717196922437,1,0.00010422094841063054
effect_chain_order,Effect Chain Order,Indexed,0.0,362879.0,4725.0,,2,0.0002079434393844874,2,0.00020844189682126107
effect_chain_order,Effect Chain Order,Indexed,0.0,362879.0,47313.0,,2,0.0002079434393844874,2,0.00020844189682126107
effect_chain_order,Effect Chain Order,Indexed,0.0,362879.0,4734.0,,1,0.0001039717196922437,1,0.00010422094841063054
effect_chain_order,Effect Chain Order,Indexed,0.0,362879.0,47386.0,,1,0.0001039717196922437,1,0.00010422094841063054
effect_chain_order,Effect Chain Order,Indexed,0.0,362879.0,47556.0,,1,0.0001039717196922437,1,0.00010422094841063054
effect_chain_order,Effect Chain Order,Indexed,0.0,362879.0,47602.0,,1,0.0001039717196922437,1,0.00010422094841063054
effect_chain_order,Effect Chain Order,Indexed,0.0,362879.0,4761.0,,1,0.0001039717196922437,1,0.00010422094841063054
effect_chain_order,Effect Chain Order,Indexed,0.0,362879.0,4772.0,,1,0.0001039717196922437,1,0.00010422094841063054
effect_chain_order,Effect Chain Order,Indexed,0.0,362879.0,478.0,,1,0.0001039717196922437,1,0.00010422094841063054
effect_chain_order,Effect Chain Order,Indexed,0.0,362879.0,47817.0,,1,0.0001039717196922437,1,0.00010422094841063054
effect_chain_order,Effect Chain Order,Indexed,0.0,362879.0,47880.0,,1,0.0001039717196922437,1,0.00010422094841063054
effect_chain_order,Effect Chain Order,Indexed,0.0,362879.0,48.0,,1,0.0001039717196922437,1,0.00010422094841063054
effect_chain_order,Effect Chain Order,Indexed,0.0,362879.0,48034.0,,1,0.0001039717196922437,1,0.00010422094841063054
effect_chain_order,Effect Chain Order,Indexed,0.0,362879.0,4834.0,,1,0.0001039717196922437,1,0.00010422094841063054
effect_chain_order,Effect Chain Order,Indexed,0.0,362879.0,48356.0,,1,0.0001039717196922437,1,0.00010422094841063054
effect_chain_order,Effect Chain Order,Indexed,0.0,362879.0,48385.0,,1,0.0001039717196922437,1,0.00010422094841063054
effect_chain_order,Effect Chain Order,Indexed,0.0,362879.0,48682.0,,2,0.0002079434393844874,2,0.00020844189682126107
effect_chain_order,Effect Chain Order,Indexed,0.0,362879.0,48970.0,,3,0.00031191515907673113,3,0.0003126628452318916
effect_chain_order,Effect Chain Order,Indexed,0.0,362879.0,49.0,,5,0.0005198585984612185,5,0.0005211047420531526
effect_chain_order,Effect Chain Order,Indexed,0.0,362879.0,49007.0,,3,0.00031191515907673113,3,0.0003126628452318916
effect_chain_order,Effect Chain Order,Indexed,0.0,362879.0,49032.0,,1,0.0001039717196922437,1,0.00010422094841063054
effect_chain_order,Effect Chain Order,Indexed,0.0,362879.0,49978.0,,2,0.0002079434393844874,2,0.00020844189682126107
effect_chain_order,Effect Chain Order,Indexed,0.0,362879.0,5.0,,10,0.001039717196922437,10,0.0010422094841063053
effect_chain_order,Effect Chain Order,Indexed,0.0,362879.0,50131.0,,1,0.0001039717196922437,1,0.00010422094841063054
effect_chain_order,Effect Chain Order,Indexed,0.0,362879.0,504.0,,38,0.003950925348305261,38,0.0039603960396039604
effect_chain_order,Effect Chain Order,Indexed,0.0,362879.0,5040.0,,3,0.00031191515907673113,3,0.0003126628452318916
effect_chain_order,Effect Chain Order,Indexed,0.0,362879.0,5050.0,,3,0.00031191515907673113,3,0.0003126628452318916
effect_chain_order,Effect Chain Order,Indexed,0.0,362879.0,506.0,,1,0.0001039717196922437,1,0.00010422094841063054
effect_chain_order,Effect Chain Order,Indexed,0.0,362879.0,50698.0,,1,0.0001039717196922437,1,0.00010422094841063054
effect_chain_order,Effect Chain Order,Indexed,0.0,362879.0,50770.0,,1,0.0001039717196922437,1,0.00010422094841063054
effect_chain_order,Effect Chain Order,Indexed,0.0,362879.0,50904.0,,1,0.0001039717196922437,1,0.00010422094841063054
effect_chain_order,Effect Chain Order,Indexed,0.0,362879.0,510.0,,1,0.0001039717196922437,1,0.00010422094841063054
effect_chain_order,Effect Chain Order,Indexed,0.0,362879.0,5121.0,,1,0.0001039717196922437,1,0.00010422094841063054
effect_chain_order,Effect Chain Order,Indexed,0.0,362879.0,5122.0,,1,0.0001039717196922437,1,0.00010422094841063054
effect_chain_order,Effect Chain Order,Indexed,0.0,362879.0,513.0,,1,0.0001039717196922437,1,0.00010422094841063054
effect_chain_order,Effect Chain Order,Indexed,0.0,362879.0,51408.0,,9,0.0009357454772301934,9,0.0009379885356956748
effect_chain_order,Effect Chain Order,Indexed,0.0,362879.0,51490.0,,4,0.0004158868787689748,4,0.00041688379364252214
effect_chain_order,Effect Chain Order,Indexed,0.0,362879.0,51571.0,,1,0.0001039717196922437,1,0.00010422094841063054
effect_chain_order,Effect Chain Order,Indexed,0.0,362879.0,51572.0,,1,0.0001039717196922437,1,0.00010422094841063054
effect_chain_order,Effect Chain Order,Indexed,0.0,362879.0,51912.0,,5,0.0005198585984612185,5,0.0005211047420531526
effect_chain_order,Effect Chain Order,Indexed,0.0,362879.0,51984.0,,1,0.0001039717196922437,1,0.00010422094841063054
effect_chain_order,Effect Chain Order,Indexed,0.0,362879.0,51994.0,,9,0.0009357454772301934,9,0.0009379885356956748
effect_chain_order,Effect Chain Order,Indexed,0.0,362879.0,5229.0,,1,0.0001039717196922437,1,0.00010422094841063054
effect_chain_order,Effect Chain Order,Indexed,0.0,362879.0,52426.0,,1,0.0001039717196922437,1,0.00010422094841063054
effect_chain_order,Effect Chain Order,Indexed,0.0,362879.0,52480.0,,1,0.0001039717196922437,1,0.00010422094841063054
effect_chain_order,Effect Chain Order,Indexed,0.0,362879.0,52498.0,,2,0.0002079434393844874,2,0.00020844189682126107
effect_chain_order,Effect Chain Order,Indexed,0.0,362879.0,52570.0,,1,0.0001039717196922437,1,0.00010422094841063054
effect_chain_order,Effect Chain Order,Indexed,0.0,362879.0,5266.0,,2,0.0002079434393844874,2,0.00020844189682126107
effect_chain_order,Effect Chain Order,Indexed,0.0,362879.0,5276.0,,1,0.0001039717196922437,1,0.00010422094841063054
effect_chain_order,Effect Chain Order,Indexed,0.0,362879.0,53002.0,,2,0.0002079434393844874,2,0.00020844189682126107
effect_chain_order,Effect Chain Order,Indexed,0.0,362879.0,531.0,,1,0.0001039717196922437,1,0.00010422094841063054
effect_chain_order,Effect Chain Order,Indexed,0.0,362879.0,53146.0,,2,0.0002079434393844874,2,0.00020844189682126107
effect_chain_order,Effect Chain Order,Indexed,0.0,362879.0,5341.0,,4,0.0004158868787689748,4,0.00041688379364252214
effect_chain_order,Effect Chain Order,Indexed,0.0,362879.0,53450.0,,1,0.0001039717196922437,1,0.00010422094841063054
effect_chain_order,Effect Chain Order,Indexed,0.0,362879.0,54.0,,26,0.0027032647119983365,26,0.002709744658676394
effect_chain_order,Effect Chain Order,Indexed,0.0,362879.0,54236.0,,1,0.0001039717196922437,1,0.00010422094841063054
effect_chain_order,Effect Chain Order,Indexed,0.0,362879.0,54318.0,,1,0.0001039717196922437,1,0.00010422094841063054
effect_chain_order,Effect Chain Order,Indexed,0.0,362879.0,54432.0,,1,0.0001039717196922437,1,0.00010422094841063054
effect_chain_order,Effect Chain Order,Indexed,0.0,362879.0,54822.0,,1,0.0001039717196922437,1,0.00010422094841063054
effect_chain_order,Effect Chain Order,Indexed,0.0,362879.0,54874.0,,1,0.0001039717196922437,1,0.00010422094841063054
effect_chain_order,Effect Chain Order,Indexed,0.0,362879.0,55.0,,2,0.0002079434393844874,2,0.00020844189682126107
effect_chain_order,Effect Chain Order,Indexed,0.0,362879.0,55018.0,,2,0.0002079434393844874,2,0.00020844189682126107
effect_chain_order,Effect Chain Order,Indexed,0.0,362879.0,55388.0,,1,0.0001039717196922437,1,0.00010422094841063054
effect_chain_order,Effect Chain Order,Indexed,0.0,362879.0,5544.0,,3,0.00031191515907673113,3,0.0003126628452318916
effect_chain_order,Effect Chain Order,Indexed,0.0,362879.0,55522.0,,2,0.0002079434393844874,2,0.00020844189682126107
effect_chain_order,Effect Chain Order,Indexed,0.0,362879.0,55603.0,,2,0.0002079434393844874,2,0.00020844189682126107
effect_chain_order,Effect Chain Order,Indexed,0.0,362879.0,55629.0,,1,0.0001039717196922437,1,0.00010422094841063054
effect_chain_order,Effect Chain Order,Indexed,0.0,362879.0,55944.0,,1,0.0001039717196922437,1,0.00010422094841063054
effect_chain_order,Effect Chain Order,Indexed,0.0,362879.0,55954.0,,1,0.0001039717196922437,1,0.00010422094841063054
effect_chain_order,Effect Chain Order,Indexed,0.0,362879.0,56016.0,,1,0.0001039717196922437,1,0.00010422094841063054
effect_chain_order,Effect Chain Order,Indexed,0.0,362879.0,56026.0,,6,0.0006238303181534623,6,0.0006253256904637832
effect_chain_order,Effect Chain Order,Indexed,0.0,362879.0,56098.0,,1,0.0001039717196922437,1,0.00010422094841063054
effect_chain_order,Effect Chain Order,Indexed,0.0,362879.0,56106.0,,1,0.0001039717196922437,1,0.00010422094841063054
effect_chain_order,Effect Chain Order,Indexed,0.0,362879.0,56196.0,,1,0.0001039717196922437,1,0.00010422094841063054
effect_chain_order,Effect Chain Order,Indexed,0.0,362879.0,5626.0,,1,0.0001039717196922437,1,0.00010422094841063054
effect_chain_order,Effect Chain Order,Indexed,0.0,362879.0,56472.0,,1,0.0001039717196922437,1,0.00010422094841063054
effect_chain_order,Effect Chain Order,Indexed,0.0,362879.0,56776.0,,1,0.0001039717196922437,1,0.00010422094841063054
effect_chain_order,Effect Chain Order,Indexed,0.0,362879.0,57.0,,1,0.0001039717196922437,1,0.00010422094841063054
effect_chain_order,Effect Chain Order,Indexed,0.0,362879.0,57250.0,,1,0.0001039717196922437,1,0.00010422094841063054
effect_chain_order,Effect Chain Order,Indexed,0.0,362879.0,57456.0,,1,0.0001039717196922437,1,0.00010422094841063054
effect_chain_order,Effect Chain Order,Indexed,0.0,362879.0,576.0,,5,0.0005198585984612185,5,0.0005211047420531526
effect_chain_order,Effect Chain Order,Indexed,0.0,362879.0,5770.0,,1,0.0001039717196922437,1,0.00010422094841063054
effect_chain_order,Effect Chain Order,Indexed,0.0,362879.0,57960.0,,2,0.0002079434393844874,2,0.00020844189682126107
effect_chain_order,Effect Chain Order,Indexed,0.0,362879.0,58.0,,4,0.0004158868787689748,4,0.00041688379364252214
effect_chain_order,Effect Chain Order,Indexed,0.0,362879.0,580.0,,1,0.0001039717196922437,1,0.00010422094841063054
effect_chain_order,Effect Chain Order,Indexed,0.0,362879.0,5842.0,,1,0.0001039717196922437,1,0.00010422094841063054
effect_chain_order,Effect Chain Order,Indexed,0.0,362879.0,585.0,,9,0.0009357454772301934,9,0.0009379885356956748
effect_chain_order,Effect Chain Order,Indexed,0.0,362879.0,586.0,,26,0.0027032647119983365,25,0.0026055237102657635
effect_chain_order,Effect Chain Order,Indexed,0.0,362879.0,58686.0,,1,0.0001039717196922437,1,0.00010422094841063054
effect_chain_order,Effect Chain Order,Indexed,0.0,362879.0,58968.0,,2,0.0002079434393844874,2,0.00020844189682126107
effect_chain_order,Effect Chain Order,Indexed,0.0,362879.0,58978.0,,1,0.0001039717196922437,1,0.00010422094841063054
effect_chain_order,Effect Chain Order,Indexed,0.0,362879.0,59.0,,2,0.0002079434393844874,2,0.00020844189682126107
effect_chain_order,Effect Chain Order,Indexed,0.0,362879.0,59122.0,,2,0.0002079434393844874,2,0.00020844189682126107
effect_chain_order,Effect Chain Order,Indexed,0.0,362879.0,594.0,,1,0.0001039717196922437,1,0.00010422094841063054
effect_chain_order,Effect Chain Order,Indexed,0.0,362879.0,59472.0,,1,0.0001039717196922437,1,0.00010422094841063054
effect_chain_order,Effect Chain Order,Indexed,0.0,362879.0,59554.0,,1,0.0001039717196922437,1,0.00010422094841063054
effect_chain_order,Effect Chain Order,Indexed,0.0,362879.0,59636.0,,1,0.0001039717196922437,1,0.00010422094841063054
effect_chain_order,Effect Chain Order,Indexed,0.0,362879.0,59799.0,,1,0.0001039717196922437,1,0.00010422094841063054
effect_chain_order,Effect Chain Order,Indexed,0.0,362879.0,6.0,,19,0.0019754626741526303,19,0.0019801980198019802
effect_chain_order,Effect Chain Order,Indexed,0.0,362879.0,60024.0,,1,0.0001039717196922437,1,0.00010422094841063054
effect_chain_order,Effect Chain Order,Indexed,0.0,362879.0,6048.0,,58,0.0060303597421501355,58,0.006044815007816571
effect_chain_order,Effect Chain Order,Indexed,0.0,362879.0,60480.0,,61,0.006342274901226866,60,0.006253256904637832
effect_chain_order,Effect Chain Order,Indexed,0.0,362879.0,60482.0,,1,0.0001039717196922437,1,0.00010422094841063054
effect_chain_order,Effect Chain Order,Indexed,0.0,362879.0,60484.0,,1,0.0001039717196922437,1,0.00010422094841063054
effect_chain_order,Effect Chain Order,Indexed,0.0,362879.0,60486.0,,4,0.0004158868787689748,4,0.00041688379364252214
effect_chain_order,Effect Chain Order,Indexed,0.0,362879.0,60487.0,,2,0.0002079434393844874,2,0.00020844189682126107
effect_chain_order,Effect Chain Order,Indexed,0.0,362879.0,60488.0,,1,0.0001039717196922437,1,0.00010422094841063054
effect_chain_order,Effect Chain Order,Indexed,0.0,362879.0,60489.0,,1,0.0001039717196922437,1,0.00010422094841063054
effect_chain_order,Effect Chain Order,Indexed,0.0,362879.0,6049.0,,1,0.0001039717196922437,1,0.00010422094841063054
effect_chain_order,Effect Chain Order,Indexed,0.0,362879.0,60493.0,,1,0.0001039717196922437,1,0.00010422094841063054
effect_chain_order,Effect Chain Order,Indexed,0.0,362879.0,6051.0,,1,0.0001039717196922437,1,0.00010422094841063054
effect_chain_order,Effect Chain Order,Indexed,0.0,362879.0,6052.0,,2,0.0002079434393844874,2,0.00020844189682126107
effect_chain_order,Effect Chain Order,Indexed,0.0,362879.0,60525.0,,10,0.001039717196922437,10,0.0010422094841063053
effect_chain_order,Effect Chain Order,Indexed,0.0,362879.0,60537.0,,1,0.0001039717196922437,1,0.00010422094841063054
effect_chain_order,Effect Chain Order,Indexed,0.0,362879.0,60543.0,,2,0.0002079434393844874,2,0.00020844189682126107
effect_chain_order,Effect Chain Order,Indexed,0.0,362879.0,60561.0,,1,0.0001039717196922437,1,0.00010422094841063054
effect_chain_order,Effect Chain Order,Indexed,0.0,362879.0,60562.0,,4,0.0004158868787689748,4,0.00041688379364252214
effect_chain_order,Effect Chain Order,Indexed,0.0,362879.0,6058.0,,1,0.0001039717196922437,1,0.00010422094841063054
effect_chain_order,Effect Chain Order,Indexed,0.0,362879.0,6059.0,,1,0.0001039717196922437,1,0.00010422094841063054
effect_chain_order,Effect Chain Order,Indexed,0.0,362879.0,60634.0,,3,0.00031191515907673113,3,0.0003126628452318916
effect_chain_order,Effect Chain Order,Indexed,0.0,362879.0,6066.0,,1,0.0001039717196922437,1,0.00010422094841063054
effect_chain_order,Effect Chain Order,Indexed,0.0,362879.0,60693.0,,1,0.0001039717196922437,1,0.00010422094841063054
effect_chain_order,Effect Chain Order,Indexed,0.0,362879.0,60768.0,,4,0.0004158868787689748,3,0.0003126628452318916
effect_chain_order,Effect Chain Order,Indexed,0.0,362879.0,60778.0,,4,0.0004158868787689748,4,0.00041688379364252214
effect_chain_order,Effect Chain Order,Indexed,0.0,362879.0,60787.0,,2,0.0002079434393844874,2,0.00020844189682126107
effect_chain_order,Effect Chain Order,Indexed,0.0,362879.0,60816.0,,1,0.0001039717196922437,1,0.00010422094841063054
effect_chain_order,Effect Chain Order,Indexed,0.0,362879.0,60847.0,,2,0.0002079434393844874,2,0.00020844189682126107
effect_chain_order,Effect Chain Order,Indexed,0.0,362879.0,60860.0,,1,0.0001039717196922437,1,0.00010422094841063054
effect_chain_order,Effect Chain Order,Indexed,0.0,362879.0,60894.0,,1,0.0001039717196922437,1,0.00010422094841063054
effect_chain_order,Effect Chain Order,Indexed,0.0,362879.0,60972.0,,1,0.0001039717196922437,1,0.00010422094841063054
effect_chain_order,Effect Chain Order,Indexed,0.0,362879.0,60984.0,,6,0.0006238303181534623,6,0.0006253256904637832
effect_chain_order,Effect Chain Order,Indexed,0.0,362879.0,60994.0,,1,0.0001039717196922437,1,0.00010422094841063054
effect_chain_order,Effect Chain Order,Indexed,0.0,362879.0,61.0,,1,0.0001039717196922437,1,0.00010422094841063054
effect_chain_order,Effect Chain Order,Indexed,0.0,362879.0,61038.0,,1,0.0001039717196922437,1,0.00010422094841063054
effect_chain_order,Effect Chain Order,Indexed,0.0,362879.0,6106.0,,1,0.0001039717196922437,1,0.00010422094841063054
effect_chain_order,Effect Chain Order,Indexed,0.0,362879.0,61066.0,,1,0.0001039717196922437,1,0.00010422094841063054
effect_chain_order,Effect Chain Order,Indexed,0.0,362879.0,61069.0,,1,0.0001039717196922437,1,0.00010422094841063054
effect_chain_order,Effect Chain Order,Indexed,0.0,362879.0,61080.0,,1,0.0001039717196922437,1,0.00010422094841063054
effect_chain_order,Effect Chain Order,Indexed,0.0,362879.0,6111.0,,1,0.0001039717196922437,1,0.00010422094841063054
effect_chain_order,Effect Chain Order,Indexed,0.0,362879.0,61121.0,,1,0.0001039717196922437,1,0.00010422094841063054
effect_chain_order,Effect Chain Order,Indexed,0.0,362879.0,6120.0,,2,0.0002079434393844874,2,0.00020844189682126107
effect_chain_order,Effect Chain Order,Indexed,0.0,362879.0,6123.0,,2,0.0002079434393844874,2,0.00020844189682126107
effect_chain_order,Effect Chain Order,Indexed,0.0,362879.0,61282.0,,1,0.0001039717196922437,1,0.00010422094841063054
effect_chain_order,Effect Chain Order,Indexed,0.0,362879.0,6130.0,,15,0.0015595757953836558,15,0.001563314226159458
effect_chain_order,Effect Chain Order,Indexed,0.0,362879.0,61416.0,,1,0.0001039717196922437,1,0.00010422094841063054
effect_chain_order,Effect Chain Order,Indexed,0.0,362879.0,61426.0,,1,0.0001039717196922437,1,0.00010422094841063054
effect_chain_order,Effect Chain Order,Indexed,0.0,362879.0,61488.0,,1,0.0001039717196922437,1,0.00010422094841063054
effect_chain_order,Effect Chain Order,Indexed,0.0,362879.0,61506.0,,1,0.0001039717196922437,1,0.00010422094841063054
effect_chain_order,Effect Chain Order,Indexed,0.0,362879.0,61533.0,,1,0.0001039717196922437,1,0.00010422094841063054
effect_chain_order,Effect Chain Order,Indexed,0.0,362879.0,61570.0,,1,0.0001039717196922437,1,0.00010422094841063054
effect_chain_order,Effect Chain Order,Indexed,0.0,362879.0,61610.0,,2,0.0002079434393844874,2,0.00020844189682126107
effect_chain_order,Effect Chain Order,Indexed,0.0,362879.0,61677.0,,1,0.0001039717196922437,1,0.00010422094841063054
effect_chain_order,Effect Chain Order,Indexed,0.0,362879.0,61786.0,,2,0.0002079434393844874,2,0.00020844189682126107
effect_chain_order,Effect Chain Order,Indexed,0.0,362879.0,6192.0,,1,0.0001039717196922437,1,0.00010422094841063054
effect_chain_order,Effect Chain Order,Indexed,0.0,362879.0,61992.0,,9,0.0009357454772301934,9,0.0009379885356956748
effect_chain_order,Effect Chain Order,Indexed,0.0,362879.0,61995.0,,4,0.0004158868787689748,4,0.00041688379364252214
effect_chain_order,Effect Chain Order,Indexed,0.0,362879.0,62002.0,,2,0.0002079434393844874,2,0.00020844189682126107
effect_chain_order,Effect Chain Order,Indexed,0.0,362879.0,62012.0,,1,0.0001039717196922437,1,0.00010422094841063054
effect_chain_order,Effect Chain Order,Indexed,0.0,362879.0,6202.0,,1,0.0001039717196922437,1,0.00010422094841063054
effect_chain_order,Effect Chain Order,Indexed,0.0,362879.0,62037.0,,1,0.0001039717196922437,1,0.00010422094841063054
effect_chain_order,Effect Chain Order,Indexed,0.0,362879.0,62074.0,,12,0.0012476606363069245,11,0.0011464304325169358
effect_chain_order,Effect Chain Order,Indexed,0.0,362879.0,62075.0,,2,0.0002079434393844874,2,0.00020844189682126107
effect_chain_order,Effect Chain Order,Indexed,0.0,362879.0,621.0,,1,0.0001039717196922437,1,0.00010422094841063054
effect_chain_order,Effect Chain Order,Indexed,0.0,362879.0,62146.0,,1,0.0001039717196922437,1,0.00010422094841063054
effect_chain_order,Effect Chain Order,Indexed,0.0,362879.0,62156.0,,2,0.0002079434393844874,2,0.00020844189682126107
effect_chain_order,Effect Chain Order,Indexed,0.0,362879.0,622.0,,1,0.0001039717196922437,1,0.00010422094841063054
effect_chain_order,Effect Chain Order,Indexed,0.0,362879.0,62289.0,,1,0.0001039717196922437,1,0.00010422094841063054
effect_chain_order,Effect Chain Order,Indexed,0.0,362879.0,62434.0,,1,0.0001039717196922437,1,0.00010422094841063054
effect_chain_order,Effect Chain Order,Indexed,0.0,362879.0,62557.0,,1,0.0001039717196922437,1,0.00010422094841063054
effect_chain_order,Effect Chain Order,Indexed,0.0,362879.0,62578.0,,2,0.0002079434393844874,2,0.00020844189682126107
effect_chain_order,Effect Chain Order,Indexed,0.0,362879.0,62584.0,,1,0.0001039717196922437,1,0.00010422094841063054
effect_chain_order,Effect Chain Order,Indexed,0.0,362879.0,62613.0,,1,0.0001039717196922437,1,0.00010422094841063054
effect_chain_order,Effect Chain Order,Indexed,0.0,362879.0,6274.0,,4,0.0004158868787689748,4,0.00041688379364252214
effect_chain_order,Effect Chain Order,Indexed,0.0,362879.0,62794.0,,2,0.0002079434393844874,2,0.00020844189682126107
effect_chain_order,Effect Chain Order,Indexed,0.0,362879.0,6285.0,,1,0.0001039717196922437,1,0.00010422094841063054
effect_chain_order,Effect Chain Order,Indexed,0.0,362879.0,62910.0,,1,0.0001039717196922437,1,0.00010422094841063054
effect_chain_order,Effect Chain Order,Indexed,0.0,362879.0,62938.0,,1,0.0001039717196922437,1,0.00010422094841063054
effect_chain_order,Effect Chain Order,Indexed,0.0,362879.0,63.0,,4,0.0004158868787689748,4,0.00041688379364252214
effect_chain_order,Effect Chain Order,Indexed,0.0,362879.0,63000.0,,2,0.0002079434393844874,2,0.00020844189682126107
effect_chain_order,Effect Chain Order,Indexed,0.0,362879.0,63082.0,,1,0.0001039717196922437,1,0.00010422094841063054
effect_chain_order,Effect Chain Order,Indexed,0.0,362879.0,63298.0,,2,0.0002079434393844874,2,0.00020844189682126107
effect_chain_order,Effect Chain Order,Indexed,0.0,362879.0,6336.0,,1,0.0001039717196922437,1,0.00010422094841063054
effect_chain_order,Effect Chain Order,Indexed,0.0,362879.0,6346.0,,1,0.0001039717196922437,1,0.00010422094841063054
effect_chain_order,Effect Chain Order,Indexed,0.0,362879.0,63477.0,,1,0.0001039717196922437,1,0.00010422094841063054
effect_chain_order,Effect Chain Order,Indexed,0.0,362879.0,63504.0,,7,0.000727802037845706,7,0.0007295466388744137
effect_chain_order,Effect Chain Order,Indexed,0.0,362879.0,63549.0,,2,0.0002079434393844874,2,0.00020844189682126107
effect_chain_order,Effect Chain Order,Indexed,0.0,362879.0,63796.0,,1,0.0001039717196922437,1,0.00010422094841063054
effect_chain_order,Effect Chain Order,Indexed,0.0,362879.0,63802.0,,2,0.0002079434393844874,2,0.00020844189682126107
effect_chain_order,Effect Chain Order,Indexed,0.0,362879.0,63820.0,,1,0.0001039717196922437,1,0.00010422094841063054
effect_chain_order,Effect Chain Order,Indexed,0.0,362879.0,64008.0,,3,0.00031191515907673113,3,0.0003126628452318916
effect_chain_order,Effect Chain Order,Indexed,0.0,362879.0,6408.0,,1,0.0001039717196922437,1,0.00010422094841063054
effect_chain_order,Effect Chain Order,Indexed,0.0,362879.0,64090.0,,4,0.0004158868787689748,4,0.00041688379364252214
effect_chain_order,Effect Chain Order,Indexed,0.0,362879.0,64100.0,,1,0.0001039717196922437,1,0.00010422094841063054
effect_chain_order,Effect Chain Order,Indexed,0.0,362879.0,64161.0,,1,0.0001039717196922437,1,0.00010422094841063054
effect_chain_order,Effect Chain Order,Indexed,0.0,362879.0,6417.0,,1,0.0001039717196922437,1,0.00010422094841063054
effect_chain_order,Effect Chain Order,Indexed,0.0,362879.0,64324.0,,1,0.0001039717196922437,1,0.00010422094841063054
effect_chain_order,Effect Chain Order,Indexed,0.0,362879.0,64459.0,,1,0.0001039717196922437,1,0.00010422094841063054
effect_chain_order,Effect Chain Order,Indexed,0.0,362879.0,64666.0,,1,0.0001039717196922437,1,0.00010422094841063054
effect_chain_order,Effect Chain Order,Indexed,0.0,362879.0,648.0,,1,0.0001039717196922437,1,0.00010422094841063054
effect_chain_order,Effect Chain Order,Indexed,0.0,362879.0,64803.0,,1,0.0001039717196922437,1,0.00010422094841063054
effect_chain_order,Effect Chain Order,Indexed,0.0,362879.0,65016.0,,7,0.000727802037845706,7,0.0007295466388744137
effect_chain_order,Effect Chain Order,Indexed,0.0,362879.0,65026.0,,1,0.0001039717196922437,1,0.00010422094841063054
effect_chain_order,Effect Chain Order,Indexed,0.0,362879.0,65098.0,,3,0.00031191515907673113,3,0.0003126628452318916
effect_chain_order,Effect Chain Order,Indexed,0.0,362879.0,65103.0,,1,0.0001039717196922437,1,0.00010422094841063054
effect_chain_order,Effect Chain Order,Indexed,0.0,362879.0,65170.0,,1,0.0001039717196922437,1,0.00010422094841063054
effect_chain_order,Effect Chain Order,Indexed,0.0,362879.0,65242.0,,2,0.0002079434393844874,2,0.00020844189682126107
effect_chain_order,Effect Chain Order,Indexed,0.0,362879.0,65477.0,,1,0.0001039717196922437,1,0.00010422094841063054
effect_chain_order,Effect Chain Order,Indexed,0.0,362879.0,6552.0,,17,0.001767519234768143,17,0.0017717561229807191
effect_chain_order,Effect Chain Order,Indexed,0.0,362879.0,65521.0,,1,0.0001039717196922437,1,0.00010422094841063054
effect_chain_order,Effect Chain Order,Indexed,0.0,362879.0,6556.0,,1,0.0001039717196922437,1,0.00010422094841063054
effect_chain_order,Effect Chain Order,Indexed,0.0,362879.0,6558.0,,2,0.0002079434393844874,2,0.00020844189682126107
effect_chain_order,Effect Chain Order,Indexed,0.0,362879.0,65602.0,,4,0.0004158868787689748,4,0.00041688379364252214
effect_chain_order,Effect Chain Order,Indexed,0.0,362879.0,65746.0,,1,0.0001039717196922437,1,0.00010422094841063054
effect_chain_order,Effect Chain Order,Indexed,0.0,362879.0,658.0,,1,0.0001039717196922437,1,0.00010422094841063054
effect_chain_order,Effect Chain Order,Indexed,0.0,362879.0,65808.0,,1,0.0001039717196922437,1,0.00010422094841063054
effect_chain_order,Effect Chain Order,Indexed,0.0,362879.0,65817.0,,1,0.0001039717196922437,1,0.00010422094841063054
effect_chain_order,Effect Chain Order,Indexed,0.0,362879.0,66.0,,1,0.0001039717196922437,1,0.00010422094841063054
effect_chain_order,Effect Chain Order,Indexed,0.0,362879.0,66106.0,,5,0.0005198585984612185,4,0.00041688379364252214
effect_chain_order,Effect Chain Order,Indexed,0.0,362879.0,66168.0,,3,0.00031191515907673113,3,0.0003126628452318916
effect_chain_order,Effect Chain Order,Indexed,0.0,362879.0,66178.0,,3,0.00031191515907673113,3,0.0003126628452318916
effect_chain_order,Effect Chain Order,Indexed,0.0,362879.0,6624.0,,3,0.00031191515907673113,3,0.0003126628452318916
effect_chain_order,Effect Chain Order,Indexed,0.0,362879.0,66250.0,,1,0.0001039717196922437,1,0.00010422094841063054
effect_chain_order,Effect Chain Order,Indexed,0.0,362879.0,6633.0,,2,0.0002079434393844874,2,0.00020844189682126107
effect_chain_order,Effect Chain Order,Indexed,0.0,362879.0,6634.0,,17,0.001767519234768143,17,0.0017717561229807191
effect_chain_order,Effect Chain Order,Indexed,0.0,362879.0,6637.0,,1,0.0001039717196922437,1,0.00010422094841063054
effect_chain_order,Effect Chain Order,Indexed,0.0,362879.0,6652.0,,1,0.0001039717196922437,1,0.00010422094841063054
effect_chain_order,Effect Chain Order,Indexed,0.0,362879.0,66528.0,,24,0.002495321272613849,24,0.0025013027618551328
effect_chain_order,Effect Chain Order,Indexed,0.0,362879.0,66532.0,,1,0.0001039717196922437,1,0.00010422094841063054
effect_chain_order,Effect Chain Order,Indexed,0.0,362879.0,66539.0,,1,0.0001039717196922437,1,0.00010422094841063054
effect_chain_order,Effect Chain Order,Indexed,0.0,362879.0,666.0,,1,0.0001039717196922437,1,0.00010422094841063054
effect_chain_order,Effect Chain Order,Indexed,0.0,362879.0,66610.0,,3,0.00031191515907673113,3,0.0003126628452318916
effect_chain_order,Effect Chain Order,Indexed,0.0,362879.0,66612.0,,1,0.0001039717196922437,1,0.00010422094841063054
effect_chain_order,Effect Chain Order,Indexed,0.0,362879.0,66620.0,,1,0.0001039717196922437,1,0.00010422094841063054
effect_chain_order,Effect Chain Order,Indexed,0.0,362879.0,66647.0,,1,0.0001039717196922437,1,0.00010422094841063054
effect_chain_order,Effect Chain Order,Indexed,0.0,362879.0,66678.0,,1,0.0001039717196922437,1,0.00010422094841063054
effect_chain_order,Effect Chain Order,Indexed,0.0,362879.0,66682.0,,1,0.0001039717196922437,1,0.00010422094841063054
effect_chain_order,Effect Chain Order,Indexed,0.0,362879.0,66692.0,,1,0.0001039717196922437,1,0.00010422094841063054
effect_chain_order,Effect Chain Order,Indexed,0.0,362879.0,667.0,,1,0.0001039717196922437,1,0.00010422094841063054
effect_chain_order,Effect Chain Order,Indexed,0.0,362879.0,66754.0,,1,0.0001039717196922437,1,0.00010422094841063054
effect_chain_order,Effect Chain Order,Indexed,0.0,362879.0,6699.0,,1,0.0001039717196922437,1,0.00010422094841063054
effect_chain_order,Effect Chain Order,Indexed,0.0,362879.0,67032.0,,3,0.00031191515907673113,3,0.0003126628452318916
effect_chain_order,Effect Chain Order,Indexed,0.0,362879.0,67113.0,,1,0.0001039717196922437,1,0.00010422094841063054
effect_chain_order,Effect Chain Order,Indexed,0.0,362879.0,67114.0,,5,0.0005198585984612185,5,0.0005211047420531526
effect_chain_order,Effect Chain Order,Indexed,0.0,362879.0,67115.0,,1,0.0001039717196922437,1,0.00010422094841063054
effect_chain_order,Effect Chain Order,Indexed,0.0,362879.0,6723.0,,1,0.0001039717196922437,1,0.00010422094841063054
effect_chain_order,Effect Chain Order,Indexed,0.0,362879.0,67618.0,,3,0.00031191515907673113,3,0.0003126628452318916
effect_chain_order,Effect Chain Order,Indexed,0.0,362879.0,67699.0,,1,0.0001039717196922437,1,0.00010422094841063054
effect_chain_order,Effect Chain Order,Indexed,0.0,362879.0,6788.0,,1,0.0001039717196922437,1,0.00010422094841063054
effect_chain_order,Effect Chain Order,Indexed,0.0,362879.0,67914.0,,1,0.0001039717196922437,1,0.00010422094841063054
effect_chain_order,Effect Chain Order,Indexed,0.0,362879.0,6797.0,,1,0.0001039717196922437,1,0.00010422094841063054
effect_chain_order,Effect Chain Order,Indexed,0.0,362879.0,68040.0,,2,0.0002079434393844874,2,0.00020844189682126107
effect_chain_order,Effect Chain Order,Indexed,0.0,362879.0,68078.0,,1,0.0001039717196922437,1,0.00010422094841063054
effect_chain_order,Effect Chain Order,Indexed,0.0,362879.0,68122.0,,5,0.0005198585984612185,5,0.0005211047420531526
effect_chain_order,Effect Chain Order,Indexed,0.0,362879.0,68194.0,,1,0.0001039717196922437,1,0.00010422094841063054
effect_chain_order,Effect Chain Order,Indexed,0.0,362879.0,68266.0,,1,0.0001039717196922437,1,0.00010422094841063054
effect_chain_order,Effect Chain Order,Indexed,0.0,362879.0,684.0,,1,0.0001039717196922437,1,0.00010422094841063054
effect_chain_order,Effect Chain Order,Indexed,0.0,362879.0,68419.0,,2,0.0002079434393844874,2,0.00020844189682126107
effect_chain_order,Effect Chain Order,Indexed,0.0,362879.0,6867.0,,1,0.0001039717196922437,1,0.00010422094841063054
effect_chain_order,Effect Chain Order,Indexed,0.0,362879.0,6868.0,,1,0.0001039717196922437,1,0.00010422094841063054
effect_chain_order,Effect Chain Order,Indexed,0.0,362879.0,68707.0,,1,0.0001039717196922437,1,0.00010422094841063054
effect_chain_order,Effect Chain Order,Indexed,0.0,362879.0,68805.0,,1,0.0001039717196922437,1,0.00010422094841063054
effect_chain_order,Effect Chain Order,Indexed,0.0,362879.0,68949.0,,1,0.0001039717196922437,1,0.00010422094841063054
effect_chain_order,Effect Chain Order,Indexed,0.0,362879.0,69202.0,,1,0.0001039717196922437,1,0.00010422094841063054
effect_chain_order,Effect Chain Order,Indexed,0.0,362879.0,69346.0,,1,0.0001039717196922437,1,0.00010422094841063054
effect_chain_order,Effect Chain Order,Indexed,0.0,362879.0,69552.0,,2,0.0002079434393844874,2,0.00020844189682126107
effect_chain_order,Effect Chain Order,Indexed,0.0,362879.0,69579.0,,1,0.0001039717196922437,1,0.00010422094841063054
effect_chain_order,Effect Chain Order,Indexed,0.0,362879.0,69597.0,,1,0.0001039717196922437,1,0.00010422094841063054
effect_chain_order,Effect Chain Order,Indexed,0.0,362879.0,696.0,,1,0.0001039717196922437,1,0.00010422094841063054
effect_chain_order,Effect Chain Order,Indexed,0.0,362879.0,69706.0,,1,0.0001039717196922437,1,0.00010422094841063054
effect_chain_order,Effect Chain Order,Indexed,0.0,362879.0,69840.0,,1,0.0001039717196922437,1,0.00010422094841063054
effect_chain_order,Effect Chain Order,Indexed,0.0,362879.0,69850.0,,1,0.0001039717196922437,1,0.00010422094841063054
effect_chain_order,Effect Chain Order,Indexed,0.0,362879.0,7.0,,42,0.004366812227074236,42,0.004377279833246483
effect_chain_order,Effect Chain Order,Indexed,0.0,362879.0,70056.0,,1,0.0001039717196922437,1,0.00010422094841063054
effect_chain_order,Effect Chain Order,Indexed,0.0,362879.0,70138.0,,5,0.0005198585984612185,5,0.0005211047420531526
effect_chain_order,Effect Chain Order,Indexed,0.0,362879.0,70282.0,,1,0.0001039717196922437,1,0.00010422094841063054
effect_chain_order,Effect Chain Order,Indexed,0.0,362879.0,7056.0,,1,0.0001039717196922437,1,0.00010422094841063054
effect_chain_order,Effect Chain Order,Indexed,0.0,362879.0,70642.0,,2,0.0002079434393844874,2,0.00020844189682126107
effect_chain_order,Effect Chain Order,Indexed,0.0,362879.0,70652.0,,1,0.0001039717196922437,1,0.00010422094841063054
effect_chain_order,Effect Chain Order,Indexed,0.0,362879.0,70724.0,,1,0.0001039717196922437,1,0.00010422094841063054
effect_chain_order,Effect Chain Order,Indexed,0.0,362879.0,70726.0,,1,0.0001039717196922437,1,0.00010422094841063054
effect_chain_order,Effect Chain Order,Indexed,0.0,362879.0,71064.0,,2,0.0002079434393844874,2,0.00020844189682126107
effect_chain_order,Effect Chain Order,Indexed,0.0,362879.0,71084.0,,1,0.0001039717196922437,1,0.00010422094841063054
effect_chain_order,Effect Chain Order,Indexed,0.0,362879.0,71094.0,,1,0.0001039717196922437,1,0.00010422094841063054
effect_chain_order,Effect Chain Order,Indexed,0.0,362879.0,71136.0,,1,0.0001039717196922437,1,0.00010422094841063054
effect_chain_order,Effect Chain Order,Indexed,0.0,362879.0,71181.0,,1,0.0001039717196922437,1,0.00010422094841063054
effect_chain_order,Effect Chain Order,Indexed,0.0,362879.0,71218.0,,1,0.0001039717196922437,1,0.00010422094841063054
effect_chain_order,Effect Chain Order,Indexed,0.0,362879.0,71226.0,,1,0.0001039717196922437,1,0.00010422094841063054
effect_chain_order,Effect Chain Order,Indexed,0.0,362879.0,71361.0,,2,0.0002079434393844874,2,0.00020844189682126107
effect_chain_order,Effect Chain Order,Indexed,0.0,362879.0,7138.0,,6,0.0006238303181534623,6,0.0006253256904637832
effect_chain_order,Effect Chain Order,Indexed,0.0,362879.0,71568.0,,2,0.0002079434393844874,2,0.00020844189682126107
effect_chain_order,Effect Chain Order,Indexed,0.0,362879.0,72.0,,10,0.001039717196922437,10,0.0010422094841063053
effect_chain_order,Effect Chain Order,Indexed,0.0,362879.0,7210.0,,7,0.000727802037845706,7,0.0007295466388744137
effect_chain_order,Effect Chain Order,Indexed,0.0,362879.0,7218.0,,1,0.0001039717196922437,1,0.00010422094841063054
effect_chain_order,Effect Chain Order,Indexed,0.0,362879.0,72576.0,,1,0.0001039717196922437,1,0.00010422094841063054
effect_chain_order,Effect Chain Order,Indexed,0.0,362879.0,72639.0,,1,0.0001039717196922437,1,0.00010422094841063054
effect_chain_order,Effect Chain Order,Indexed,0.0,362879.0,72874.0,,2,0.0002079434393844874,2,0.00020844189682126107
effect_chain_order,Effect Chain Order,Indexed,0.0,362879.0,73015.0,,1,0.0001039717196922437,1,0.00010422094841063054
effect_chain_order,Effect Chain Order,Indexed,0.0,362879.0,73053.0,,1,0.0001039717196922437,1,0.00010422094841063054
effect_chain_order,Effect Chain Order,Indexed,0.0,362879.0,73162.0,,3,0.00031191515907673113,3,0.0003126628452318916
effect_chain_order,Effect Chain Order,Indexed,0.0,362879.0,7344.0,,1,0.0001039717196922437,1,0.00010422094841063054
effect_chain_order,Effect Chain Order,Indexed,0.0,362879.0,73507.0,,1,0.0001039717196922437,1,0.00010422094841063054
effect_chain_order,Effect Chain Order,Indexed,0.0,362879.0,73666.0,,6,0.0006238303181534623,6,0.0006253256904637832
effect_chain_order,Effect Chain Order,Indexed,0.0,362879.0,7389.0,,1,0.0001039717196922437,1,0.00010422094841063054
effect_chain_order,Effect Chain Order,Indexed,0.0,362879.0,74160.0,,1,0.0001039717196922437,1,0.00010422094841063054
effect_chain_order,Effect Chain Order,Indexed,0.0,362879.0,74170.0,,2,0.0002079434393844874,2,0.00020844189682126107
effect_chain_order,Effect Chain Order,Indexed,0.0,362879.0,74232.0,,1,0.0001039717196922437,1,0.00010422094841063054
effect_chain_order,Effect Chain Order,Indexed,0.0,362879.0,74242.0,,1,0.0001039717196922437,1,0.00010422094841063054
effect_chain_order,Effect Chain Order,Indexed,0.0,362879.0,74314.0,,1,0.0001039717196922437,1,0.00010422094841063054
effect_chain_order,Effect Chain Order,Indexed,0.0,362879.0,7444.0,,1,0.0001039717196922437,1,0.00010422094841063054
effect_chain_order,Effect Chain Order,Indexed,0.0,362879.0,74679.0,,1,0.0001039717196922437,1,0.00010422094841063054
effect_chain_order,Effect Chain Order,Indexed,0.0,362879.0,747.0,,1,0.0001039717196922437,1,0.00010422094841063054
effect_chain_order,Effect Chain Order,Indexed,0.0,362879.0,74709.0,,1,0.0001039717196922437,1,0.00010422094841063054
effect_chain_order,Effect Chain Order,Indexed,0.0,362879.0,75177.0,,1,0.0001039717196922437,1,0.00010422094841063054
effect_chain_order,Effect Chain Order,Indexed,0.0,362879.0,7560.0,,9,0.0009357454772301934,9,0.0009379885356956748
effect_chain_order,Effect Chain Order,Indexed,0.0,362879.0,75600.0,,113,0.011748804325223539,112,0.01167274622199062
effect_chain_order,Effect Chain Order,Indexed,0.0,362879.0,75603.0,,3,0.00031191515907673113,3,0.0003126628452318916
effect_chain_order,Effect Chain Order,Indexed,0.0,362879.0,75604.0,,1,0.0001039717196922437,1,0.00010422094841063054
effect_chain_order,Effect Chain Order,Indexed,0.0,362879.0,75606.0,,1,0.0001039717196922437,1,0.00010422094841063054
effect_chain_order,Effect Chain Order,Indexed,0.0,362879.0,75618.0,,3,0.00031191515907673113,3,0.0003126628452318916
effect_chain_order,Effect Chain Order,Indexed,0.0,362879.0,75619.0,,2,0.0002079434393844874,1,0.00010422094841063054
effect_chain_order,Effect Chain Order,Indexed,0.0,362879.0,75631.0,,3,0.00031191515907673113,3,0.0003126628452318916
effect_chain_order,Effect Chain Order,Indexed,0.0,362879.0,75645.0,,2,0.0002079434393844874,2,0.00020844189682126107
effect_chain_order,Effect Chain Order,Indexed,0.0,362879.0,75650.0,,1,0.0001039717196922437,1,0.00010422094841063054
effect_chain_order,Effect Chain Order,Indexed,0.0,362879.0,75663.0,,1,0.0001039717196922437,1,0.00010422094841063054
effect_chain_order,Effect Chain Order,Indexed,0.0,362879.0,75672.0,,1,0.0001039717196922437,1,0.00010422094841063054
effect_chain_order,Effect Chain Order,Indexed,0.0,362879.0,75681.0,,1,0.0001039717196922437,1,0.00010422094841063054
effect_chain_order,Effect Chain Order,Indexed,0.0,362879.0,75682.0,,3,0.00031191515907673113,3,0.0003126628452318916
effect_chain_order,Effect Chain Order,Indexed,0.0,362879.0,7570.0,,2,0.0002079434393844874,2,0.00020844189682126107
effect_chain_order,Effect Chain Order,Indexed,0.0,362879.0,75747.0,,1,0.0001039717196922437,1,0.00010422094841063054
effect_chain_order,Effect Chain Order,Indexed,0.0,362879.0,75888.0,,1,0.0001039717196922437,1,0.00010422094841063054
effect_chain_order,Effect Chain Order,Indexed,0.0,362879.0,75926.0,,1,0.0001039717196922437,1,0.00010422094841063054
effect_chain_order,Effect Chain Order,Indexed,0.0,362879.0,76.0,,2,0.0002079434393844874,2,0.00020844189682126107
effect_chain_order,Effect Chain Order,Indexed,0.0,362879.0,76077.0,,1,0.0001039717196922437,1,0.00010422094841063054
effect_chain_order,Effect Chain Order,Indexed,0.0,362879.0,76104.0,,4,0.0004158868787689748,4,0.00041688379364252214
effect_chain_order,Effect Chain Order,Indexed,0.0,362879.0,76181.0,,1,0.0001039717196922437,1,0.00010422094841063054
effect_chain_order,Effect Chain Order,Indexed,0.0,362879.0,76185.0,,1,0.0001039717196922437,1,0.00010422094841063054
effect_chain_order,Effect Chain Order,Indexed,0.0,362879.0,76186.0,,8,0.0008317737575379496,8,0.0008337675872850443
effect_chain_order,Effect Chain Order,Indexed,0.0,362879.0,76196.0,,1,0.0001039717196922437,1,0.00010422094841063054
effect_chain_order,Effect Chain Order,Indexed,0.0,362879.0,76199.0,,1,0.0001039717196922437,1,0.00010422094841063054
effect_chain_order,Effect Chain Order,Indexed,0.0,362879.0,76214.0,,1,0.0001039717196922437,1,0.00010422094841063054
effect_chain_order,Effect Chain Order,Indexed,0.0,362879.0,76258.0,,1,0.0001039717196922437,1,0.00010422094841063054
effect_chain_order,Effect Chain Order,Indexed,0.0,362879.0,76271.0,,1,0.0001039717196922437,1,0.00010422094841063054
effect_chain_order,Effect Chain Order,Indexed,0.0,362879.0,76330.0,,3,0.00031191515907673113,3,0.0003126628452318916
effect_chain_order,Effect Chain Order,Indexed,0.0,362879.0,7641.0,,3,0.00031191515907673113,1,0.00010422094841063054
effect_chain_order,Effect Chain Order,Indexed,0.0,362879.0,7642.0,,4,0.0004158868787689748,4,0.00041688379364252214
effect_chain_order,Effect Chain Order,Indexed,0.0,362879.0,76474.0,,1,0.0001039717196922437,1,0.00010422094841063054
effect_chain_order,Effect Chain Order,Indexed,0.0,362879.0,76653.0,,1,0.0001039717196922437,1,0.00010422094841063054
effect_chain_order,Effect Chain Order,Indexed,0.0,362879.0,76690.0,,9,0.0009357454772301934,9,0.0009379885356956748
effect_chain_order,Effect Chain Order,Indexed,0.0,362879.0,76752.0,,1,0.0001039717196922437,1,0.00010422094841063054
effect_chain_order,Effect Chain Order,Indexed,0.0,362879.0,76762.0,,1,0.0001039717196922437,1,0.00010422094841063054
effect_chain_order,Effect Chain Order,Indexed,0.0,362879.0,76772.0,,4,0.0004158868787689748,4,0.00041688379364252214
effect_chain_order,Effect Chain Order,Indexed,0.0,362879.0,76907.0,,1,0.0001039717196922437,1,0.00010422094841063054
effect_chain_order,Effect Chain Order,Indexed,0.0,362879.0,76917.0,,1,0.0001039717196922437,1,0.00010422094841063054
effect_chain_order,Effect Chain Order,Indexed,0.0,362879.0,7696.0,,1,0.0001039717196922437,1,0.00010422094841063054
effect_chain_order,Effect Chain Order,Indexed,0.0,362879.0,77112.0,,2,0.0002079434393844874,2,0.00020844189682126107
effect_chain_order,Effect Chain Order,Indexed,0.0,362879.0,77132.0,,1,0.0001039717196922437,1,0.00010422094841063054
effect_chain_order,Effect Chain Order,Indexed,0.0,362879.0,77150.0,,1,0.0001039717196922437,1,0.00010422094841063054
effect_chain_order,Effect Chain Order,Indexed,0.0,362879.0,77266.0,,1,0.0001039717196922437,1,0.00010422094841063054
effect_chain_order,Effect Chain Order,Indexed,0.0,362879.0,77338.0,,1,0.0001039717196922437,1,0.00010422094841063054
effect_chain_order,Effect Chain Order,Indexed,0.0,362879.0,77482.0,,1,0.0001039717196922437,1,0.00010422094841063054
effect_chain_order,Effect Chain Order,Indexed,0.0,362879.0,78.0,,2,0.0002079434393844874,2,0.00020844189682126107
effect_chain_order,Effect Chain Order,Indexed,0.0,362879.0,78418.0,,1,0.0001039717196922437,1,0.00010422094841063054
effect_chain_order,Effect Chain Order,Indexed,0.0,362879.0,78624.0,,32,0.0033270950301517986,32,0.003335070349140177
effect_chain_order,Effect Chain Order,Indexed,0.0,362879.0,78625.0,,1,0.0001039717196922437,1,0.00010422094841063054
effect_chain_order,Effect Chain Order,Indexed,0.0,362879.0,78627.0,,1,0.0001039717196922437,1,0.00010422094841063054
effect_chain_order,Effect Chain Order,Indexed,0.0,362879.0,78631.0,,1,0.0001039717196922437,1,0.00010422094841063054
effect_chain_order,Effect Chain Order,Indexed,0.0,362879.0,78669.0,,4,0.0004158868787689748,4,0.00041688379364252214
effect_chain_order,Effect Chain Order,Indexed,0.0,362879.0,78788.0,,1,0.0001039717196922437,1,0.00010422094841063054
effect_chain_order,Effect Chain Order,Indexed,0.0,362879.0,78912.0,,2,0.0002079434393844874,2,0.00020844189682126107
effect_chain_order,Effect Chain Order,Indexed,0.0,362879.0,78921.0,,1,0.0001039717196922437,1,0.00010422094841063054
effect_chain_order,Effect Chain Order,Indexed,0.0,362879.0,78923.0,,1,0.0001039717196922437,1,0.00010422094841063054
effect_chain_order,Effect Chain Order,Indexed,0.0,362879.0,78931.0,,3,0.00031191515907673113,3,0.0003126628452318916
effect_chain_order,Effect Chain Order,Indexed,0.0,362879.0,79128.0,,21,0.002183406113537118,21,0.0021886399166232413
effect_chain_order,Effect Chain Order,Indexed,0.0,362879.0,79130.0,,2,0.0002079434393844874,2,0.00020844189682126107
effect_chain_order,Effect Chain Order,Indexed,0.0,362879.0,79132.0,,1,0.0001039717196922437,1,0.00010422094841063054
effect_chain_order,Effect Chain Order,Indexed,0.0,362879.0,79135.0,,1,0.0001039717196922437,1,0.00010422094841063054
effect_chain_order,Effect Chain Order,Indexed,0.0,362879.0,79159.0,,1,0.0001039717196922437,1,0.00010422094841063054
effect_chain_order,Effect Chain Order,Indexed,0.0,362879.0,79173.0,,1,0.0001039717196922437,1,0.00010422094841063054
effect_chain_order,Effect Chain Order,Indexed,0.0,362879.0,79175.0,,1,0.0001039717196922437,1,0.00010422094841063054
effect_chain_order,Effect Chain Order,Indexed,0.0,362879.0,79200.0,,12,0.0012476606363069245,12,0.0012506513809275664
effect_chain_order,Effect Chain Order,Indexed,0.0,362879.0,79204.0,,1,0.0001039717196922437,1,0.00010422094841063054
effect_chain_order,Effect Chain Order,Indexed,0.0,362879.0,79209.0,,8,0.0008317737575379496,8,0.0008337675872850443
effect_chain_order,Effect Chain Order,Indexed,0.0,362879.0,79210.0,,32,0.0033270950301517986,32,0.003335070349140177
effect_chain_order,Effect Chain Order,Indexed,0.0,362879.0,79219.0,,2,0.0002079434393844874,2,0.00020844189682126107
effect_chain_order,Effect Chain Order,Indexed,0.0,362879.0,79245.0,,1,0.0001039717196922437,1,0.00010422094841063054
effect_chain_order,Effect Chain Order,Indexed,0.0,362879.0,79278.0,,1,0.0001039717196922437,1,0.00010422094841063054
effect_chain_order,Effect Chain Order,Indexed,0.0,362879.0,79281.0,,1,0.0001039717196922437,1,0.00010422094841063054
effect_chain_order,Effect Chain Order,Indexed,0.0,362879.0,7930.0,,1,0.0001039717196922437,1,0.00010422094841063054
effect_chain_order,Effect Chain Order,Indexed,0.0,362879.0,79347.0,,1,0.0001039717196922437,1,0.00010422094841063054
effect_chain_order,Effect Chain Order,Indexed,0.0,362879.0,79354.0,,1,0.0001039717196922437,1,0.00010422094841063054
effect_chain_order,Effect Chain Order,Indexed,0.0,362879.0,79416.0,,1,0.0001039717196922437,1,0.00010422094841063054
effect_chain_order,Effect Chain Order,Indexed,0.0,362879.0,79426.0,,8,0.0008317737575379496,8,0.0008337675872850443
effect_chain_order,Effect Chain Order,Indexed,0.0,362879.0,79452.0,,1,0.0001039717196922437,1,0.00010422094841063054
effect_chain_order,Effect Chain Order,Indexed,0.0,362879.0,79556.0,,1,0.0001039717196922437,1,0.00010422094841063054
effect_chain_order,Effect Chain Order,Indexed,0.0,362879.0,7956.0,,1,0.0001039717196922437,1,0.00010422094841063054
effect_chain_order,Effect Chain Order,Indexed,0.0,362879.0,79713.0,,1,0.0001039717196922437,1,0.00010422094841063054
effect_chain_order,Effect Chain Order,Indexed,0.0,362879.0,79714.0,,2,0.0002079434393844874,2,0.00020844189682126107
effect_chain_order,Effect Chain Order,Indexed,0.0,362879.0,79786.0,,1,0.0001039717196922437,1,0.00010422094841063054
effect_chain_order,Effect Chain Order,Indexed,0.0,362879.0,79920.0,,1,0.0001039717196922437,1,0.00010422094841063054
effect_chain_order,Effect Chain Order,Indexed,0.0,362879.0,79999.0,,1,0.0001039717196922437,1,0.00010422094841063054
effect_chain_order,Effect Chain Order,Indexed,0.0,362879.0,8.0,,3,0.00031191515907673113,3,0.0003126628452318916
effect_chain_order,Effect Chain Order,Indexed,0.0,362879.0,80001.0,,1,0.0001039717196922437,1,0.00010422094841063054
effect_chain_order,Effect Chain Order,Indexed,0.0,362879.0,801.0,,4,0.0004158868787689748,4,0.00041688379364252214
effect_chain_order,Effect Chain Order,Indexed,0.0,362879.0,80136.0,,14,0.001455604075691412,14,0.0014590932777488275
effect_chain_order,Effect Chain Order,Indexed,0.0,362879.0,80164.0,,1,0.0001039717196922437,1,0.00010422094841063054
effect_chain_order,Effect Chain Order,Indexed,0.0,362879.0,80165.0,,2,0.0002079434393844874,2,0.00020844189682126107
effect_chain_order,Effect Chain Order,Indexed,0.0,362879.0,80184.0,,1,0.0001039717196922437,1,0.00010422094841063054
effect_chain_order,Effect Chain Order,Indexed,0.0,362879.0,802.0,,3,0.00031191515907673113,3,0.0003126628452318916
effect_chain_order,Effect Chain Order,Indexed,0.0,362879.0,80208.0,,1,0.0001039717196922437,1,0.00010422094841063054
effect_chain_order,Effect Chain Order,Indexed,0.0,362879.0,80227.0,,1,0.0001039717196922437,1,0.00010422094841063054
effect_chain_order,Effect Chain Order,Indexed,0.0,362879.0,80361.0,,1,0.0001039717196922437,1,0.00010422094841063054
effect_chain_order,Effect Chain Order,Indexed,0.0,362879.0,80380.0,,1,0.0001039717196922437,1,0.00010422094841063054
effect_chain_order,Effect Chain Order,Indexed,0.0,362879.0,80433.0,,2,0.0002079434393844874,2,0.00020844189682126107
effect_chain_order,Effect Chain Order,Indexed,0.0,362879.0,8064.0,,4,0.0004158868787689748,4,0.00041688379364252214
effect_chain_order,Effect Chain Order,Indexed,0.0,362879.0,80640.0,,1,0.0001039717196922437,1,0.00010422094841063054
effect_chain_order,Effect Chain Order,Indexed,0.0,362879.0,807.0,,1,0.0001039717196922437,1,0.00010422094841063054
effect_chain_order,Effect Chain Order,Indexed,0.0,362879.0,80722.0,,1,0.0001039717196922437,1,0.00010422094841063054
effect_chain_order,Effect Chain Order,Indexed,0.0,362879.0,80793.0,,1,0.0001039717196922437,1,0.00010422094841063054
effect_chain_order,Effect Chain Order,Indexed,0.0,362879.0,8092.0,,1,0.0001039717196922437,1,0.00010422094841063054
effect_chain_order,Effect Chain Order,Indexed,0.0,362879.0,80928.0,,2,0.0002079434393844874,2,0.00020844189682126107
effect_chain_order,Effect Chain Order,Indexed,0.0,362879.0,80966.0,,1,0.0001039717196922437,1,0.00010422094841063054
effect_chain_order,Effect Chain Order,Indexed,0.0,362879.0,81.0,,4,0.0004158868787689748,4,0.00041688379364252214
effect_chain_order,Effect Chain Order,Indexed,0.0,362879.0,8109.0,,1,0.0001039717196922437,1,0.00010422094841063054
effect_chain_order,Effect Chain Order,Indexed,0.0,362879.0,8146.0,,1,0.0001039717196922437,1,0.00010422094841063054
effect_chain_order,Effect Chain Order,Indexed,0.0,362879.0,8152.0,,1,0.0001039717196922437,1,0.00010422094841063054
effect_chain_order,Effect Chain Order,Indexed,0.0,362879.0,81648.0,,10,0.001039717196922437,10,0.0010422094841063053
effect_chain_order,Effect Chain Order,Indexed,0.0,362879.0,81649.0,,1,0.0001039717196922437,1,0.00010422094841063054
effect_chain_order,Effect Chain Order,Indexed,0.0,362879.0,81653.0,,1,0.0001039717196922437,1,0.00010422094841063054
effect_chain_order,Effect Chain Order,Indexed,0.0,362879.0,81730.0,,1,0.0001039717196922437,1,0.00010422094841063054
effect_chain_order,Effect Chain Order,Indexed,0.0,362879.0,81731.0,,1,0.0001039717196922437,1,0.00010422094841063054
effect_chain_order,Effect Chain Order,Indexed,0.0,362879.0,81811.0,,1,0.0001039717196922437,1,0.00010422094841063054
effect_chain_order,Effect Chain Order,Indexed,0.0,362879.0,81820.0,,1,0.0001039717196922437,1,0.00010422094841063054
effect_chain_order,Effect Chain Order,Indexed,0.0,362879.0,81884.0,,1,0.0001039717196922437,1,0.00010422094841063054
effect_chain_order,Effect Chain Order,Indexed,0.0,362879.0,81893.0,,1,0.0001039717196922437,1,0.00010422094841063054
effect_chain_order,Effect Chain Order,Indexed,0.0,362879.0,81936.0,,2,0.0002079434393844874,2,0.00020844189682126107
effect_chain_order,Effect Chain Order,Indexed,0.0,362879.0,81946.0,,1,0.0001039717196922437,1,0.00010422094841063054
effect_chain_order,Effect Chain Order,Indexed,0.0,362879.0,81969.0,,2,0.0002079434393844874,2,0.00020844189682126107
effect_chain_order,Effect Chain Order,Indexed,0.0,362879.0,82.0,,17,0.001767519234768143,17,0.0017717561229807191
effect_chain_order,Effect Chain Order,Indexed,0.0,362879.0,82152.0,,6,0.0006238303181534623,6,0.0006253256904637832
effect_chain_order,Effect Chain Order,Indexed,0.0,362879.0,82153.0,,1,0.0001039717196922437,1,0.00010422094841063054
effect_chain_order,Effect Chain Order,Indexed,0.0,362879.0,82162.0,,2,0.0002079434393844874,2,0.00020844189682126107
effect_chain_order,Effect Chain Order,Indexed,0.0,362879.0,8217.0,,2,0.0002079434393844874,2,0.00020844189682126107
effect_chain_order,Effect Chain Order,Indexed,0.0,362879.0,82224.0,,1,0.0001039717196922437,1,0.00010422094841063054
effect_chain_order,Effect Chain Order,Indexed,0.0,362879.0,82233.0,,1,0.0001039717196922437,1,0.00010422094841063054
effect_chain_order,Effect Chain Order,Indexed,0.0,362879.0,82234.0,,3,0.00031191515907673113,3,0.0003126628452318916
effect_chain_order,Effect Chain Order,Indexed,0.0,362879.0,82236.0,,1,0.0001039717196922437,1,0.00010422094841063054
effect_chain_order,Effect Chain Order,Indexed,0.0,362879.0,8226.0,,1,0.0001039717196922437,1,0.00010422094841063054
effect_chain_order,Effect Chain Order,Indexed,0.0,362879.0,82450.0,,2,0.0002079434393844874,2,0.00020844189682126107
effect_chain_order,Effect Chain Order,Indexed,0.0,362879.0,82656.0,,14,0.001455604075691412,14,0.0014590932777488275
effect_chain_order,Effect Chain Order,Indexed,0.0,362879.0,82666.0,,1,0.0001039717196922437,1,0.00010422094841063054
effect_chain_order,Effect Chain Order,Indexed,0.0,362879.0,82728.0,,2,0.0002079434393844874,2,0.00020844189682126107
effect_chain_order,Effect Chain Order,Indexed,0.0,362879.0,82737.0,,2,0.0002079434393844874,2,0.00020844189682126107
effect_chain_order,Effect Chain Order,Indexed,0.0,362879.0,82738.0,,1,0.0001039717196922437,1,0.00010422094841063054
effect_chain_order,Effect Chain Order,Indexed,0.0,362879.0,82809.0,,1,0.0001039717196922437,1,0.00010422094841063054
effect_chain_order,Effect Chain Order,Indexed,0.0,362879.0,82810.0,,2,0.0002079434393844874,2,0.00020844189682126107
effect_chain_order,Effect Chain Order,Indexed,0.0,362879.0,82833.0,,1,0.0001039717196922437,1,0.00010422094841063054
effect_chain_order,Effect Chain Order,Indexed,0.0,362879.0,8290.0,,2,0.0002079434393844874,2,0.00020844189682126107
effect_chain_order,Effect Chain Order,Indexed,0.0,362879.0,82954.0,,1,0.0001039717196922437,1,0.00010422094841063054
effect_chain_order,Effect Chain Order,Indexed,0.0,362879.0,83160.0,,7,0.000727802037845706,7,0.0007295466388744137
effect_chain_order,Effect Chain Order,Indexed,0.0,362879.0,83241.0,,1,0.0001039717196922437,1,0.00010422094841063054
effect_chain_order,Effect Chain Order,Indexed,0.0,362879.0,83242.0,,4,0.0004158868787689748,4,0.00041688379364252214
effect_chain_order,Effect Chain Order,Indexed,0.0,362879.0,83310.0,,1,0.0001039717196922437,1,0.00010422094841063054
effect_chain_order,Effect Chain Order,Indexed,0.0,362879.0,83421.0,,1,0.0001039717196922437,1,0.00010422094841063054
effect_chain_order,Effect Chain Order,Indexed,0.0,362879.0,8352.0,,2,0.0002079434393844874,2,0.00020844189682126107
effect_chain_order,Effect Chain Order,Indexed,0.0,362879.0,83529.0,,1,0.0001039717196922437,1,0.00010422094841063054
effect_chain_order,Effect Chain Order,Indexed,0.0,362879.0,8353.0,,2,0.0002079434393844874,2,0.00020844189682126107
effect_chain_order,Effect Chain Order,Indexed,0.0,362879.0,83565.0,,1,0.0001039717196922437,1,0.00010422094841063054
effect_chain_order,Effect Chain Order,Indexed,0.0,362879.0,8362.0,,1,0.0001039717196922437,1,0.00010422094841063054
effect_chain_order,Effect Chain Order,Indexed,0.0,362879.0,83665.0,,4,0.0004158868787689748,4,0.00041688379364252214
effect_chain_order,Effect Chain Order,Indexed,0.0,362879.0,83746.0,,1,0.0001039717196922437,1,0.00010422094841063054
effect_chain_order,Effect Chain Order,Indexed,0.0,362879.0,83818.0,,1,0.0001039717196922437,1,0.00010422094841063054
effect_chain_order,Effect Chain Order,Indexed,0.0,362879.0,84078.0,,1,0.0001039717196922437,1,0.00010422094841063054
effect_chain_order,Effect Chain Order,Indexed,0.0,362879.0,84107.0,,1,0.0001039717196922437,1,0.00010422094841063054
effect_chain_order,Effect Chain Order,Indexed,0.0,362879.0,84250.0,,1,0.0001039717196922437,1,0.00010422094841063054
effect_chain_order,Effect Chain Order,Indexed,0.0,362879.0,84465.0,,1,0.0001039717196922437,1,0.00010422094841063054
effect_chain_order,Effect Chain Order,Indexed,0.0,362879.0,84672.0,,1,0.0001039717196922437,1,0.00010422094841063054
effect_chain_order,Effect Chain Order,Indexed,0.0,362879.0,84717.0,,1,0.0001039717196922437,1,0.00010422094841063054
effect_chain_order,Effect Chain Order,Indexed,0.0,362879.0,84744.0,,1,0.0001039717196922437,1,0.00010422094841063054
effect_chain_order,Effect Chain Order,Indexed,0.0,362879.0,84960.0,,1,0.0001039717196922437,1,0.00010422094841063054
effect_chain_order,Effect Chain Order,Indexed,0.0,362879.0,85060.0,,1,0.0001039717196922437,1,0.00010422094841063054
effect_chain_order,Effect Chain Order,Indexed,0.0,362879.0,85176.0,,2,0.0002079434393844874,2,0.00020844189682126107
effect_chain_order,Effect Chain Order,Indexed,0.0,362879.0,85258.0,,1,0.0001039717196922437,1,0.00010422094841063054
effect_chain_order,Effect Chain Order,Indexed,0.0,362879.0,85293.0,,1,0.0001039717196922437,1,0.00010422094841063054
effect_chain_order,Effect Chain Order,Indexed,0.0,362879.0,85356.0,,1,0.0001039717196922437,1,0.00010422094841063054
effect_chain_order,Effect Chain Order,Indexed,0.0,362879.0,8568.0,,3,0.00031191515907673113,3,0.0003126628452318916
effect_chain_order,Effect Chain Order,Indexed,0.0,362879.0,85762.0,,2,0.0002079434393844874,2,0.00020844189682126107
effect_chain_order,Effect Chain Order,Indexed,0.0,362879.0,85843.0,,2,0.0002079434393844874,2,0.00020844189682126107
effect_chain_order,Effect Chain Order,Indexed,0.0,362879.0,85968.0,,2,0.0002079434393844874,2,0.00020844189682126107
effect_chain_order,Effect Chain Order,Indexed,0.0,362879.0,86050.0,,1,0.0001039717196922437,1,0.00010422094841063054
effect_chain_order,Effect Chain Order,Indexed,0.0,362879.0,86184.0,,3,0.00031191515907673113,3,0.0003126628452318916
effect_chain_order,Effect Chain Order,Indexed,0.0,362879.0,86194.0,,1,0.0001039717196922437,1,0.00010422094841063054
effect_chain_order,Effect Chain Order,Indexed,0.0,362879.0,86256.0,,1,0.0001039717196922437,1,0.00010422094841063054
effect_chain_order,Effect Chain Order,Indexed,0.0,362879.0,86265.0,,4,0.0004158868787689748,4,0.00041688379364252214
effect_chain_order,Effect Chain Order,Indexed,0.0,362879.0,86337.0,,1,0.0001039717196922437,1,0.00010422094841063054
effect_chain_order,Effect Chain Order,Indexed,0.0,362879.0,86410.0,,1,0.0001039717196922437,1,0.00010422094841063054
effect_chain_order,Effect Chain Order,Indexed,0.0,362879.0,86445.0,,3,0.00031191515907673113,3,0.0003126628452318916
effect_chain_order,Effect Chain Order,Indexed,0.0,362879.0,865.0,,1,0.0001039717196922437,1,0.00010422094841063054
effect_chain_order,Effect Chain Order,Indexed,0.0,362879.0,8650.0,,1,0.0001039717196922437,1,0.00010422094841063054
effect_chain_order,Effect Chain Order,Indexed,0.0,362879.0,86688.0,,1,0.0001039717196922437,1,0.00010422094841063054
effect_chain_order,Effect Chain Order,Indexed,0.0,362879.0,87093.0,,1,0.0001039717196922437,1,0.00010422094841063054
effect_chain_order,Effect Chain Order,Indexed,0.0,362879.0,8739.0,,1,0.0001039717196922437,1,0.00010422094841063054
effect_chain_order,Effect Chain Order,Indexed,0.0,362879.0,87696.0,,1,0.0001039717196922437,1,0.00010422094841063054
effect_chain_order,Effect Chain Order,Indexed,0.0,362879.0,88200.0,,1,0.0001039717196922437,1,0.00010422094841063054
effect_chain_order,Effect Chain Order,Indexed,0.0,362879.0,88282.0,,1,0.0001039717196922437,1,0.00010422094841063054
effect_chain_order,Effect Chain Order,Indexed,0.0,362879.0,88551.0,,1,0.0001039717196922437,1,0.00010422094841063054
effect_chain_order,Effect Chain Order,Indexed,0.0,362879.0,89218.0,,1,0.0001039717196922437,1,0.00010422094841063054
effect_chain_order,Effect Chain Order,Indexed,0.0,362879.0,89443.0,,1,0.0001039717196922437,1,0.00010422094841063054
effect_chain_order,Effect Chain Order,Indexed,0.0,362879.0,89506.0,,2,0.0002079434393844874,2,0.00020844189682126107
effect_chain_order,Effect Chain Order,Indexed,0.0,362879.0,89880.0,,2,0.0002079434393844874,2,0.00020844189682126107
effect_chain_order,Effect Chain Order,Indexed,0.0,362879.0,9.0,,10,0.001039717196922437,10,0.0010422094841063053
effect_chain_order,Effect Chain Order,Indexed,0.0,362879.0,90.0,,1,0.0001039717196922437,1,0.00010422094841063054
effect_chain_order,Effect Chain Order,Indexed,0.0,362879.0,90370.0,,1,0.0001039717196922437,1,0.00010422094841063054
effect_chain_order,Effect Chain Order,Indexed,0.0,362879.0,9072.0,,43,0.004470783946766479,43,0.004481500781657113
effect_chain_order,Effect Chain Order,Indexed,0.0,362879.0,90720.0,,7,0.000727802037845706,7,0.0007295466388744137
effect_chain_order,Effect Chain Order,Indexed,0.0,362879.0,9076.0,,2,0.0002079434393844874,2,0.00020844189682126107
effect_chain_order,Effect Chain Order,Indexed,0.0,362879.0,90765.0,,4,0.0004158868787689748,4,0.00041688379364252214
effect_chain_order,Effect Chain Order,Indexed,0.0,362879.0,9078.0,,1,0.0001039717196922437,1,0.00010422094841063054
effect_chain_order,Effect Chain Order,Indexed,0.0,362879.0,90795.0,,1,0.0001039717196922437,1,0.00010422094841063054
effect_chain_order,Effect Chain Order,Indexed,0.0,362879.0,90802.0,,1,0.0001039717196922437,1,0.00010422094841063054
effect_chain_order,Effect Chain Order,Indexed,0.0,362879.0,90811.0,,1,0.0001039717196922437,1,0.00010422094841063054
effect_chain_order,Effect Chain Order,Indexed,0.0,362879.0,9082.0,,1,0.0001039717196922437,1,0.00010422094841063054
effect_chain_order,Effect Chain Order,Indexed,0.0,362879.0,9090.0,,1,0.0001039717196922437,1,0.00010422094841063054
effect_chain_order,Effect Chain Order,Indexed,0.0,362879.0,9108.0,,1,0.0001039717196922437,1,0.00010422094841063054
effect_chain_order,Effect Chain Order,Indexed,0.0,362879.0,91087.0,,1,0.0001039717196922437,1,0.00010422094841063054
effect_chain_order,Effect Chain Order,Indexed,0.0,362879.0,91125.0,,1,0.0001039717196922437,1,0.00010422094841063054
effect_chain_order,Effect Chain Order,Indexed,0.0,362879.0,9117.0,,4,0.0004158868787689748,4,0.00041688379364252214
effect_chain_order,Effect Chain Order,Indexed,0.0,362879.0,91296.0,,1,0.0001039717196922437,1,0.00010422094841063054
effect_chain_order,Effect Chain Order,Indexed,0.0,362879.0,91299.0,,1,0.0001039717196922437,1,0.00010422094841063054
effect_chain_order,Effect Chain Order,Indexed,0.0,362879.0,91459.0,,1,0.0001039717196922437,1,0.00010422094841063054
effect_chain_order,Effect Chain Order,Indexed,0.0,362879.0,91522.0,,1,0.0001039717196922437,1,0.00010422094841063054
effect_chain_order,Effect Chain Order,Indexed,0.0,362879.0,9154.0,,1,0.0001039717196922437,1,0.00010422094841063054
effect_chain_order,Effect Chain Order,Indexed,0.0,362879.0,91774.0,,1,0.0001039717196922437,1,0.00010422094841063054
effect_chain_order,Effect Chain Order,Indexed,0.0,362879.0,91810.0,,1,0.0001039717196922437,1,0.00010422094841063054
effect_chain_order,Effect Chain Order,Indexed,0.0,362879.0,91849.0,,1,0.0001039717196922437,1,0.00010422094841063054
effect_chain_order,Effect Chain Order,Indexed,0.0,362879.0,91882.0,,1,0.0001039717196922437,1,0.00010422094841063054
effect_chain_order,Effect Chain Order,Indexed,0.0,362879.0,92.0,,1,0.0001039717196922437,1,0.00010422094841063054
effect_chain_order,Effect Chain Order,Indexed,0.0,362879.0,92386.0,,1,0.0001039717196922437,1,0.00010422094841063054
effect_chain_order,Effect Chain Order,Indexed,0.0,362879.0,92448.0,,1,0.0001039717196922437,1,0.00010422094841063054
effect_chain_order,Effect Chain Order,Indexed,0.0,362879.0,92553.0,,1,0.0001039717196922437,1,0.00010422094841063054
effect_chain_order,Effect Chain Order,Indexed,0.0,362879.0,92601.0,,1,0.0001039717196922437,1,0.00010422094841063054
effect_chain_order,Effect Chain Order,Indexed,0.0,362879.0,92611.0,,1,0.0001039717196922437,1,0.00010422094841063054
effect_chain_order,Effect Chain Order,Indexed,0.0,362879.0,92612.0,,1,0.0001039717196922437,1,0.00010422094841063054
effect_chain_order,Effect Chain Order,Indexed,0.0,362879.0,92962.0,,1,0.0001039717196922437,1,0.00010422094841063054
effect_chain_order,Effect Chain Order,Indexed,0.0,362879.0,9298.0,,1,0.0001039717196922437,1,0.00010422094841063054
effect_chain_order,Effect Chain Order,Indexed,0.0,362879.0,92982.0,,1,0.0001039717196922437,1,0.00010422094841063054
effect_chain_order,Effect Chain Order,Indexed,0.0,362879.0,93063.0,,1,0.0001039717196922437,1,0.00010422094841063054
effect_chain_order,Effect Chain Order,Indexed,0.0,362879.0,9308.0,,1,0.0001039717196922437,1,0.00010422094841063054
effect_chain_order,Effect Chain Order,Indexed,0.0,362879.0,9315.0,,2,0.0002079434393844874,2,0.00020844189682126107
effect_chain_order,Effect Chain Order,Indexed,0.0,362879.0,93476.0,,1,0.0001039717196922437,1,0.00010422094841063054
effect_chain_order,Effect Chain Order,Indexed,0.0,362879.0,93556.0,,1,0.0001039717196922437,1,0.00010422094841063054
effect_chain_order,Effect Chain Order,Indexed,0.0,362879.0,9360.0,,1,0.0001039717196922437,1,0.00010422094841063054
effect_chain_order,Effect Chain Order,Indexed,0.0,362879.0,9370.0,,1,0.0001039717196922437,1,0.00010422094841063054
effect_chain_order,Effect Chain Order,Indexed,0.0,362879.0,93744.0,,2,0.0002079434393844874,2,0.00020844189682126107
effect_chain_order,Effect Chain Order,Indexed,0.0,362879.0,93789.0,,3,0.00031191515907673113,3,0.0003126628452318916
effect_chain_order,Effect Chain Order,Indexed,0.0,362879.0,9380.0,,1,0.0001039717196922437,1,0.00010422094841063054
effect_chain_order,Effect Chain Order,Indexed,0.0,362879.0,93802.0,,1,0.0001039717196922437,1,0.00010422094841063054
effect_chain_order,Effect Chain Order,Indexed,0.0,362879.0,9381.0,,1,0.0001039717196922437,1,0.00010422094841063054
effect_chain_order,Effect Chain Order,Indexed,0.0,362879.0,93898.0,,1,0.0001039717196922437,1,0.00010422094841063054
effect_chain_order,Effect Chain Order,Indexed,0.0,362879.0,94050.0,,1,0.0001039717196922437,1,0.00010422094841063054
effect_chain_order,Effect Chain Order,Indexed,0.0,362879.0,94152.0,,1,0.0001039717196922437,1,0.00010422094841063054
effect_chain_order,Effect Chain Order,Indexed,0.0,362879.0,94248.0,,6,0.0006238303181534623,6,0.0006253256904637832
effect_chain_order,Effect Chain Order,Indexed,0.0,362879.0,94258.0,,2,0.0002079434393844874,2,0.00020844189682126107
effect_chain_order,Effect Chain Order,Indexed,0.0,362879.0,94268.0,,1,0.0001039717196922437,1,0.00010422094841063054
effect_chain_order,Effect Chain Order,Indexed,0.0,362879.0,94320.0,,1,0.0001039717196922437,1,0.00010422094841063054
effect_chain_order,Effect Chain Order,Indexed,0.0,362879.0,94324.0,,1,0.0001039717196922437,1,0.00010422094841063054
effect_chain_order,Effect Chain Order,Indexed,0.0,362879.0,94326.0,,1,0.0001039717196922437,1,0.00010422094841063054
effect_chain_order,Effect Chain Order,Indexed,0.0,362879.0,94329.0,,1,0.0001039717196922437,1,0.00010422094841063054
effect_chain_order,Effect Chain Order,Indexed,0.0,362879.0,94330.0,,8,0.0008317737575379496,8,0.0008337675872850443
effect_chain_order,Effect Chain Order,Indexed,0.0,362879.0,94365.0,,1,0.0001039717196922437,1,0.00010422094841063054
effect_chain_order,Effect Chain Order,Indexed,0.0,362879.0,9442.0,,1,0.0001039717196922437,1,0.00010422094841063054
effect_chain_order,Effect Chain Order,Indexed,0.0,362879.0,94437.0,,1,0.0001039717196922437,1,0.00010422094841063054
effect_chain_order,Effect Chain Order,Indexed,0.0,362879.0,9452.0,,1,0.0001039717196922437,1,0.00010422094841063054
effect_chain_order,Effect Chain Order,Indexed,0.0,362879.0,94556.0,,1,0.0001039717196922437,1,0.00010422094841063054
effect_chain_order,Effect Chain Order,Indexed,0.0,362879.0,94978.0,,1,0.0001039717196922437,1,0.00010422094841063054
effect_chain_order,Effect Chain Order,Indexed,0.0,362879.0,9514.0,,2,0.0002079434393844874,2,0.00020844189682126107
effect_chain_order,Effect Chain Order,Indexed,0.0,362879.0,95157.0,,1,0.0001039717196922437,1,0.00010422094841063054
effect_chain_order,Effect Chain Order,Indexed,0.0,362879.0,95256.0,,2,0.0002079434393844874,2,0.00020844189682126107
effect_chain_order,Effect Chain Order,Indexed,0.0,362879.0,95275.0,,1,0.0001039717196922437,1,0.00010422094841063054
effect_chain_order,Effect Chain Order,Indexed,0.0,362879.0,95285.0,,1,0.0001039717196922437,1,0.00010422094841063054
effect_chain_order,Effect Chain Order,Indexed,0.0,362879.0,95338.0,,1,0.0001039717196922437,1,0.00010422094841063054
effect_chain_order,Effect Chain Order,Indexed,0.0,362879.0,95707.0,,1,0.0001039717196922437,1,0.00010422094841063054
effect_chain_order,Effect Chain Order,Indexed,0.0,362879.0,9576.0,,19,0.0019754626741526303,19,0.0019801980198019802
effect_chain_order,Effect Chain Order,Indexed,0.0,362879.0,95760.0,,1,0.0001039717196922437,1,0.00010422094841063054
effect_chain_order,Effect Chain Order,Indexed,0.0,362879.0,9585.0,,1,0.0001039717196922437,1,0.00010422094841063054
effect_chain_order,Effect Chain Order,Indexed,0.0,362879.0,95887.0,,1,0.0001039717196922437,1,0.00010422094841063054
effect_chain_order,Effect Chain Order,Indexed,0.0,362879.0,9595.0,,1,0.0001039717196922437,1,0.00010422094841063054
effect_chain_order,Effect Chain Order,Indexed,0.0,362879.0,96058.0,,3,0.00031191515907673113,3,0.0003126628452318916
effect_chain_order,Effect Chain Order,Indexed,0.0,362879.0,9648.0,,1,0.0001039717196922437,1,0.00010422094841063054
effect_chain_order,Effect Chain Order,Indexed,0.0,362879.0,9657.0,,1,0.0001039717196922437,1,0.00010422094841063054
effect_chain_order,Effect Chain Order,Indexed,0.0,362879.0,9658.0,,2,0.0002079434393844874,2,0.00020844189682126107
effect_chain_order,Effect Chain Order,Indexed,0.0,362879.0,96768.0,,6,0.0006238303181534623,6,0.0006253256904637832
effect_chain_order,Effect Chain Order,Indexed,0.0,362879.0,96775.0,,1,0.0001039717196922437,1,0.00010422094841063054
effect_chain_order,Effect Chain Order,Indexed,0.0,362879.0,96850.0,,1,0.0001039717196922437,1,0.00010422094841063054
effect_chain_order,Effect Chain Order,Indexed,0.0,362879.0,96922.0,,1,0.0001039717196922437,1,0.00010422094841063054
effect_chain_order,Effect Chain Order,Indexed,0.0,362879.0,96994.0,,3,0.00031191515907673113,3,0.0003126628452318916
effect_chain_order,Effect Chain Order,Indexed,0.0,362879.0,97066.0,,1,0.0001039717196922437,1,0.00010422094841063054
effect_chain_order,Effect Chain Order,Indexed,0.0,362879.0,97094.0,,1,0.0001039717196922437,1,0.00010422094841063054
effect_chain_order,Effect Chain Order,Indexed,0.0,362879.0,97175.0,,1,0.0001039717196922437,1,0.00010422094841063054
effect_chain_order,Effect Chain Order,Indexed,0.0,362879.0,9720.0,,1,0.0001039717196922437,1,0.00010422094841063054
effect_chain_order,Effect Chain Order,Indexed,0.0,362879.0,97272.0,,10,0.001039717196922437,10,0.0010422094841063053
effect_chain_order,Effect Chain Order,Indexed,0.0,362879.0,97344.0,,2,0.0002079434393844874,2,0.00020844189682126107
effect_chain_order,Effect Chain Order,Indexed,0.0,362879.0,97347.0,,1,0.0001039717196922437,1,0.00010422094841063054
effect_chain_order,Effect Chain Order,Indexed,0.0,362879.0,97353.0,,2,0.0002079434393844874,2,0.00020844189682126107
effect_chain_order,Effect Chain Order,Indexed,0.0,362879.0,97354.0,,9,0.0009357454772301934,9,0.0009379885356956748
effect_chain_order,Effect Chain Order,Indexed,0.0,362879.0,97408.0,,1,0.0001039717196922437,1,0.00010422094841063054
effect_chain_order,Effect Chain Order,Indexed,0.0,362879.0,97416.0,,1,0.0001039717196922437,1,0.00010422094841063054
effect_chain_order,Effect Chain Order,Indexed,0.0,362879.0,97776.0,,7,0.000727802037845706,7,0.0007295466388744137
effect_chain_order,Effect Chain Order,Indexed,0.0,362879.0,97823.0,,1,0.0001039717196922437,1,0.00010422094841063054
effect_chain_order,Effect Chain Order,Indexed,0.0,362879.0,97857.0,,1,0.0001039717196922437,1,0.00010422094841063054
effect_chain_order,Effect Chain Order,Indexed,0.0,362879.0,97858.0,,5,0.0005198585984612185,5,0.0005211047420531526
effect_chain_order,Effect Chain Order,Indexed,0.0,362879.0,97920.0,,1,0.0001039717196922437,1,0.00010422094841063054
effect_chain_order,Effect Chain Order,Indexed,0.0,362879.0,97923.0,,1,0.0001039717196922437,1,0.00010422094841063054
effect_chain_order,Effect Chain Order,Indexed,0.0,362879.0,97935.0,,1,0.0001039717196922437,1,0.00010422094841063054
effect_chain_order,Effect Chain Order,Indexed,0.0,362879.0,97967.0,,1,0.0001039717196922437,1,0.00010422094841063054
effect_chain_order,Effect Chain Order,Indexed,0.0,362879.0,98073.0,,2,0.0002079434393844874,2,0.00020844189682126107
effect_chain_order,Effect Chain Order,Indexed,0.0,362879.0,98280.0,,3,0.00031191515907673113,3,0.0003126628452318916
effect_chain_order,Effect Chain Order,Indexed,0.0,362879.0,98289.0,,1,0.0001039717196922437,1,0.00010422094841063054
effect_chain_order,Effect Chain Order,Indexed,0.0,362879.0,98290.0,,1,0.0001039717196922437,1,0.00010422094841063054
effect_chain_order,Effect Chain Order,Indexed,0.0,362879.0,98362.0,,2,0.0002079434393844874,2,0.00020844189682126107
effect_chain_order,Effect Chain Order,Indexed,0.0,362879.0,98388.0,,1,0.0001039717196922437,1,0.00010422094841063054
effect_chain_order,Effect Chain Order,Indexed,0.0,362879.0,98442.0,,2,0.0002079434393844874,2,0.00020844189682126107
effect_chain_order,Effect Chain Order,Indexed,0.0,362879.0,98862.0,,1,0.0001039717196922437,1,0.00010422094841063054
effect_chain_order,Effect Chain Order,Indexed,0.0,362879.0,99000.0,,1,0.0001039717196922437,1,0.00010422094841063054
effect_chain_order,Effect Chain Order,Indexed,0.0,362879.0,99072.0,,1,0.0001039717196922437,1,0.00010422094841063054
effect_chain_order,Effect Chain Order,Indexed,0.0,362879.0,99081.0,,1,0.0001039717196922437,1,0.00010422094841063054
effect_chain_order,Effect Chain Order,Indexed,0.0,362879.0,99479.0,,1,0.0001039717196922437,1,0.00010422094841063054
effect_chain_order,Effect Chain Order,Indexed,0.0,362879.0,99792.0,,2,0.0002079434393844874,2,0.00020844189682126107
effect_chain_order,Effect Chain Order,Indexed,0.0,362879.0,99810.0,,1,0.0001039717196922437,1,0.00010422094841063054
effect_chain_order,Effect Chain Order,Indexed,0.0,362879.0,99909.0,,1,0.0001039717196922437,1,0.00010422094841063054
effect_chain_order,Effect Chain Order,Indexed,0.0,362879.0,99946.0,,1,0.0001039717196922437,1,0.00010422094841063054
eq_band_mode,EQ Band Mode,Indexed,0.0,1.0,0.0,Shelf,9385,0.9757745893117072,9362,0.9757165190203231
eq_band_mode,EQ Band Mode,Indexed,0.0,1.0,1.0,Notch,233,0.024225410688292783,233,0.024283480979676916
eq_high_mode,EQ High Mode,Indexed,0.0,1.0,0.0,Shelf,8213,0.8539197338323976,8190,0.8535695674830641
eq_high_mode,EQ High Mode,Indexed,0.0,1.0,1.0,Low Pass,1405,0.14608026616760242,1405,0.1464304325169359
eq_low_mode,EQ Low Mode,Indexed,0.0,1.0,0.0,Shelf,7013,0.7291536702017052,6997,0.7292339760291818
eq_low_mode,EQ Low Mode,Indexed,0.0,1.0,1.0,High Pass,2605,0.27084632979829487,2598,0.2707660239708181
eq_on,EQ Switch,Indexed,0.0,1.0,0.0,Off,3432,0.3568309419837804,3425,0.3569567483064096
eq_on,EQ Switch,Indexed,0.0,1.0,1.0,On,6186,0.6431690580162196,6170,0.6430432516935904
filter_1_filter_input,Filter 1 FILTER Input,Indexed,0.0,1.0,0.0,Off,9287,0.9655853607818673,9266,0.9657113079729025
filter_1_filter_input,Filter 1 FILTER Input,Indexed,0.0,1.0,1.0,On,331,0.03441463921813267,329,0.034288692027097445
filter_1_model,Filter 1 Model,Indexed,0.0,7.0,0.0,Analog,6971,0.7247868579746309,6952,0.7245440333507035
filter_1_model,Filter 1 Model,Indexed,0.0,7.0,1.0,Dirty,500,0.051985859846121855,500,0.05211047420531527
filter_1_model,Filter 1 Model,Indexed,0.0,7.0,2.0,Ladder,478,0.049698482012892495,477,0.04971339239187077
filter_1_model,Filter 1 Model,Indexed,0.0,7.0,3.0,Digital,558,0.05801621958827199,556,0.05794684731631058
filter_1_model,Filter 1 Model,Indexed,0.0,7.0,4.0,Diode,110,0.011436889166146809,110,0.011464304325169358
filter_1_model,Filter 1 Model,Indexed,0.0,7.0,5.0,Formant,149,0.015491786234144312,149,0.01552892131318395
filter_1_model,Filter 1 Model,Indexed,0.0,7.0,6.0,Comb,667,0.06934913703472656,667,0.06951537258989057
filter_1_model,Filter 1 Model,Indexed,0.0,7.0,7.0,Phaser,185,0.019234768143065087,184,0.01917665450755602
filter_1_on,Filter 1 Switch,Indexed,0.0,1.0,0.0,Off,2500,0.25992929923060926,2494,0.25992704533611255
filter_1_on,Filter 1 Switch,Indexed,0.0,1.0,1.0,On,7118,0.7400707007693907,7101,0.7400729546638875
filter_1_style,Filter 1 Style,Indexed,0.0,9.0,0.0,12dB,6278,0.652734456227906,6259,0.6523189161021365
filter_1_style,Filter 1 Style,Indexed,0.0,9.0,1.0,24dB,2515,0.26148887502599294,2512,0.2618030224075039
filter_1_style,Filter 1 Style,Indexed,0.0,9.0,2.0,Notch Blend,275,0.02859222291536702,274,0.028556539864512766
filter_1_style,Filter 1 Style,Indexed,0.0,9.0,3.0,Notch Spread,241,0.025057184445830733,241,0.02511724856696196
filter_1_style,Filter 1 Style,Indexed,0.0,9.0,4.0,B/P/N,262,0.027240590559367853,262,0.0273058884835852
filter_1_style,Filter 1 Style,Indexed,0.0,9.0,5.0,,47,0.004886670825535454,47,0.004898384575299636
filter_2_filter_input,Filter 2 FILTER Input,Indexed,0.0,1.0,0.0,Off,8131,0.8453940528176336,8111,0.8453361125586243
filter_2_filter_input,Filter 2 FILTER Input,Indexed,0.0,1.0,1.0,On,1487,0.1546059471823664,1484,0.1546638874413757
filter_2_model,Filter 2 Model,Indexed,0.0,7.0,0.0,Analog,7575,0.7875857766687461,7557,0.787597707139135
filter_2_model,Filter 2 Model,Indexed,0.0,7.0,1.0,Dirty,352,0.036598045331669785,352,0.036685773840541946
filter_2_model,Filter 2 Model,Indexed,0.0,7.0,2.0,Ladder,304,0.031607402786442085,304,0.031683168316831684
filter_2_model,Filter 2 Model,Indexed,0.0,7.0,3.0,Digital,364,0.03784570596797671,364,0.03793642522146951
filter_2_model,Filter 2 Model,Indexed,0.0,7.0,4.0,Diode,91,0.009461426491994178,91,0.009484106305367378
filter_2_model,Filter 2 Model,Indexed,0.0,7.0,5.0,Formant,166,0.017259305468912457,165,0.017196456487754037
filter_2_model,Filter 2 Model,Indexed,0.0,7.0,6.0,Comb,592,0.06155125805780828,589,0.061386138613861385
filter_2_model,Filter 2 Model,Indexed,0.0,7.0,7.0,Phaser,174,0.018091079226450407,173,0.018030224075039084
filter_2_on,Filter 2 Switch,Indexed,0.0,1.0,0.0,Off,5324,0.5535454356415055,5310,0.5534132360604481
filter_2_on,Filter 2 Switch,Indexed,0.0,1.0,1.0,On,4294,0.4464545643584945,4285,0.4465867639395518
filter_2_style,Filter 2 Style,Indexed,0.0,9.0,0.0,12dB,7382,0.7675192347681431,7363,0.7673788431474726
filter_2_style,Filter 2 Style,Indexed,0.0,9.0,1.0,24dB,1405,0.14608026616760242,1403,0.14622199062011465
filter_2_style,Filter 2 Style,Indexed,0.0,9.0,2.0,Notch Blend,283,0.02942399667290497,283,0.029494528400208442
filter_2_style,Filter 2 Style,Indexed,0.0,9.0,3.0,Notch Spread,244,0.025369099604907464,242,0.025221469515372588
filter_2_style,Filter 2 Style,Indexed,0.0,9.0,4.0,B/P/N,248,0.02578498648367644,248,0.025846795205836375
filter_2_style,Filter 2 Style,Indexed,0.0,9.0,5.0,,56,0.005822416302765648,56,0.00583637311099531
filter_fx_model,Filter fx Model,Indexed,0.0,7.0,0.0,Analog,7929,0.8243917654398004,7908,0.8241792600312663
filter_fx_model,Filter fx Model,Indexed,0.0,7.0,1.0,Dirty,276,0.028696194635059263,276,0.02876498176133403
filter_fx_model,Filter fx Model,Indexed,0.0,7.0,2.0,Ladder,221,0.022977750051985858,221,0.02303282959874935
filter_fx_model,Filter fx Model,Indexed,0.0,7.0,3.0,Digital,373,0.0387814514452069,371,0.03866597186034393
filter_fx_model,Filter fx Model,Indexed,0.0,7.0,4.0,Diode,78,0.008109794135995009,78,0.008129233976029182
filter_fx_model,Filter fx Model,Indexed,0.0,7.0,5.0,Formant,121,0.012580578082761489,121,0.012610734757686294
filter_fx_model,Filter fx Model,Indexed,0.0,7.0,6.0,Comb,418,0.043460178831357874,418,0.04356435643564356
filter_fx_model,Filter fx Model,Indexed,0.0,7.0,7.0,Phaser,202,0.021002287377833228,202,0.021052631578947368
filter_fx_on,Filter fx Switch,Indexed,0.0,1.0,0.0,Off,6201,0.6447286338116033,6183,0.6443981240229286
filter_fx_on,Filter fx Switch,Indexed,0.0,1.0,1.0,On,3417,0.3552713661883968,3412,0.3556018759770714
filter_fx_style,Filter fx Style,Indexed,0.0,9.0,0.0,12dB,7736,0.8043252235391973,7716,0.8041688379364252
filter_fx_style,Filter fx Style,Indexed,0.0,9.0,1.0,24dB,1367,0.14212934081929715,1364,0.14215737363210004
filter_fx_style,Filter fx Style,Indexed,0.0,9.0,2.0,Notch Blend,186,0.01933873986275733,186,0.01938509640437728
filter_fx_style,Filter fx Style,Indexed,0.0,9.0,3.0,Notch Spread,120,0.012476606363069246,120,0.012506513809275664
filter_fx_style,Filter fx Style,Indexed,0.0,9.0,4.0,B/P/N,174,0.018091079226450407,174,0.018134445023449713
filter_fx_style,Filter fx Style,Indexed,0.0,9.0,5.0,,35,0.00363901018922853,35,0.0036477331943720686
flanger_on,Flanger Switch,Indexed,0.0,1.0,0.0,Off,8470,0.8806404657933042,8447,0.8803543512245962
flanger_on,Flanger Switch,Indexed,0.0,1.0,1.0,On,1148,0.11935953420669577,1148,0.11964564877540386
flanger_sync,Flanger Sync,Indexed,0.0,3.0,0.0,Seconds,113,0.011748804325223539,113,0.011776967170401251
flanger_sync,Flanger Sync,Indexed,0.0,3.0,1.0,Tempo,9467,0.9843002703264712,9444,0.9842626367899948
flanger_sync,Flanger Sync,Indexed,0.0,3.0,2.0,Tempo Dotted,22,0.0022873778332293615,22,0.0022928608650338717
flanger_sync,Flanger Sync,Indexed,0.0,3.0,3.0,Tempo Triplets,16,0.0016635475150758993,16,0.0016675351745700886
flanger_tempo,Flanger Tempo,Indexed,0.0,10.0,0.0,Freeze,465,0.04834684965689332,465,0.0484627410109432
flanger_tempo,Flanger Tempo,Indexed,0.0,10.0,1.0,32/1,29,0.0030151798710750678,29,0.0030224075039082857
flanger_tempo,Flanger Tempo,Indexed,0.0,10.0,10.0,1/16,36,0.0037429819089207735,36,0.0037519541427826993
flanger_tempo,Flanger Tempo,Indexed,0.0,10.0,2.0,16/1,49,0.005094614264919942,49,0.005106826472120896
flanger_tempo,Flanger Tempo,Indexed,0.0,10.0,3.0,8/1,86,0.008941567893532959,85,0.008858780614903595
flanger_tempo,Flanger Tempo,Indexed,0.0,10.0,4.0,4/1,8673,0.9017467248908297,8651,0.9016154247003648
flanger_tempo,Flanger Tempo,Indexed,0.0,10.0,5.0,2/1,80,0.008317737575379496,80,0.008337675872850442
flanger_tempo,Flanger Tempo,Indexed,0.0,10.0,6.0,1/1,83,0.008629652734456228,83,0.008650338718082335
flanger_tempo,Flanger Tempo,Indexed,0.0,10.0,7.0,1/2,62,0.00644624662091911,62,0.006461698801459094
flanger_tempo,Flanger Tempo,Indexed,0.0,10.0,8.0,1/4,40,0.004158868787689748,40,0.004168837936425221
flanger_tempo,Flanger Tempo,Indexed,0.0,10.0,9.0,1/8,15,0.0015595757953836558,15,0.001563314226159458
legato,Legato,Indexed,0.0,1.0,0.0,Off,7843,0.8154501975462675,7823,0.8153204794163627
legato,Legato,Indexed,0.0,1.0,1.0,On,1775,0.1845498024537326,1772,0.18467952058363732
lfo_1_keytrack_transpose,LFO 1 Transpose,Indexed,-60.0,36.0,-1.0,,1,0.0001039717196922437,1,0.00010422094841063054
lfo_1_keytrack_transpose,LFO 1 Transpose,Indexed,-60.0,36.0,-10.0,,2,0.0002079434393844874,2,0.00020844189682126107
lfo_1_keytrack_transpose,LFO 1 Transpose,Indexed,-60.0,36.0,-12.0,,9449,0.9824287793720108,9427,0.9824908806670141
lfo_1_keytrack_transpose,LFO 1 Transpose,Indexed,-60.0,36.0,-15.0,,4,0.0004158868787689748,4,0.00041688379364252214
lfo_1_keytrack_transpose,LFO 1 Transpose,Indexed,-60.0,36.0,-16.0,,1,0.0001039717196922437,1,0.00010422094841063054
lfo_1_keytrack_transpose,LFO 1 Transpose,Indexed,-60.0,36.0,-24.0,,19,0.0019754626741526303,19,0.0019801980198019802
lfo_1_keytrack_transpose,LFO 1 Transpose,Indexed,-60.0,36.0,-27.0,,1,0.0001039717196922437,1,0.00010422094841063054
lfo_1_keytrack_transpose,LFO 1 Transpose,Indexed,-60.0,36.0,-31.0,,1,0.0001039717196922437,1,0.00010422094841063054
lfo_1_keytrack_transpose,LFO 1 Transpose,Indexed,-60.0,36.0,-36.0,,8,0.0008317737575379496,8,0.0008337675872850443
lfo_1_keytrack_transpose,LFO 1 Transpose,Indexed,-60.0,36.0,-47.0,,1,0.0001039717196922437,1,0.00010422094841063054
lfo_1_keytrack_transpose,LFO 1 Transpose,Indexed,-60.0,36.0,-48.0,,7,0.000727802037845706,7,0.0007295466388744137
lfo_1_keytrack_transpose,LFO 1 Transpose,Indexed,-60.0,36.0,-5.0,,2,0.0002079434393844874,2,0.00020844189682126107
lfo_1_keytrack_transpose,LFO 1 Transpose,Indexed,-60.0,36.0,-52.0,,1,0.0001039717196922437,1,0.00010422094841063054
lfo_1_keytrack_transpose,LFO 1 Transpose,Indexed,-60.0,36.0,-54.0,,2,0.0002079434393844874,2,0.00020844189682126107
lfo_1_keytrack_transpose,LFO 1 Transpose,Indexed,-60.0,36.0,-60.0,,22,0.0022873778332293615,22,0.0022928608650338717
lfo_1_keytrack_transpose,LFO 1 Transpose,Indexed,-60.0,36.0,-8.0,,1,0.0001039717196922437,1,0.00010422094841063054
lfo_1_keytrack_transpose,LFO 1 Transpose,Indexed,-60.0,36.0,0.0,,54,0.0056144728633811605,53,0.0055237102657634185
lfo_1_keytrack_transpose,LFO 1 Transpose,Indexed,-60.0,36.0,12.0,,18,0.0018714909544603868,18,0.0018759770713913497
lfo_1_keytrack_transpose,LFO 1 Transpose,Indexed,-60.0,36.0,19.0,,1,0.0001039717196922437,1,0.00010422094841063054
lfo_1_keytrack_transpose,LFO 1 Transpose,Indexed,-60.0,36.0,24.0,,11,0.0011436889166146808,11,0.0011464304325169358
lfo_1_keytrack_transpose,LFO 1 Transpose,Indexed,-60.0,36.0,3.0,,1,0.0001039717196922437,1,0.00010422094841063054
lfo_1_keytrack_transpose,LFO 1 Transpose,Indexed,-60.0,36.0,31.0,,1,0.0001039717196922437,1,0.00010422094841063054
lfo_1_keytrack_transpose,LFO 1 Transpose,Indexed,-60.0,36.0,33.0,,1,0.0001039717196922437,1,0.00010422094841063054
lfo_1_keytrack_transpose,LFO 1 Transpose,Indexed,-60.0,36.0,36.0,,7,0.000727802037845706,7,0.0007295466388744137
lfo_1_keytrack_transpose,LFO 1 Transpose,Indexed,-60.0,36.0,7.0,,2,0.0002079434393844874,2,0.00020844189682126107
lfo_1_smooth_mode,LFO 1 Smooth Mode,Indexed,0.0,1.0,0.0,Off,62,0.00644624662091911,62,0.006461698801459094
lfo_1_smooth_mode,LFO 1 Smooth Mode,Indexed,0.0,1.0,1.0,On,9556,0.9935537533790809,9533,0.9935383011985409
lfo_1_sync,LFO 1 Sync,Indexed,0.0,4.0,0.0,Seconds,1087,0.11301725930546891,1086,0.11318394997394476
lfo_1_sync,LFO 1 Sync,Indexed,0.0,4.0,1.0,Tempo,8097,0.8418590143480973,8078,0.8418968212610735
lfo_1_sync,LFO 1 Sync,Indexed,0.0,4.0,2.0,Tempo Dotted,158,0.016427531711374507,157,0.016362688900468995
lfo_1_sync,LFO 1 Sync,Indexed,0.0,4.0,3.0,Tempo Triplets,116,0.012060719484300271,115,0.011985409067222511
lfo_1_sync,LFO 1 Sync,Indexed,0.0,4.0,4.0,Keytrack,160,0.016635475150758992,159,0.016571130797290255
lfo_1_sync_type,LFO 1 Sync Type,Indexed,0.0,5.0,0.0,Trigger,6374,0.6627157413183614,6357,0.6625325690463784
lfo_1_sync_type,LFO 1 Sync Type,Indexed,0.0,5.0,1.0,Sync,1324,0.13765855687253067,1320,0.1375716519020323
lfo_1_sync_type,LFO 1 Sync Type,Indexed,0.0,5.0,2.0,Envelope,1780,0.1850696610521938,1778,0.1853048462741011
lfo_1_sync_type,LFO 1 Sync Type,Indexed,0.0,5.0,3.0,Sustain Envelope,27,0.0028072364316905803,27,0.0028139656070870246
lfo_1_sync_type,LFO 1 Sync Type,Indexed,0.0,5.0,4.0,Loop Point,61,0.006342274901226866,61,0.006357477853048463
lfo_1_sync_type,LFO 1 Sync Type,Indexed,0.0,5.0,5.0,Loop Hold,27,0.0028072364316905803,27,0.0028139656070870246
lfo_1_sync_type,LFO 1 Sync Type,Indexed,0.0,5.0,6.0,,25,0.0025992929923060928,25,0.0026055237102657635
lfo_1_tempo,LFO 1 Tempo,Indexed,0.0,12.0,0.0,Freeze,47,0.004886670825535454,47,0.004898384575299636
lfo_1_tempo,LFO 1 Tempo,Indexed,0.0,12.0,1.0,32/1,23,0.0023913495529216053,23,0.0023970818134445024
lfo_1_tempo,LFO 1 Tempo,Indexed,0.0,12.0,10.0,1/16,433,0.04501975462674153,431,0.044919228764981764
lfo_1_tempo,LFO 1 Tempo,Indexed,0.0,12.0,11.0,1/32,94,0.009773341651070909,94,0.009796769150599271
lfo_1_tempo,LFO 1 Tempo,Indexed,0.0,12.0,12.0,1/64,175,0.018195050946142648,175,0.018238665971860343
lfo_1_tempo,LFO 1 Tempo,Indexed,0.0,12.0,2.0,16/1,47,0.004886670825535454,47,0.004898384575299636
lfo_1_tempo,LFO 1 Tempo,Indexed,0.0,12.0,3.0,8/1,153,0.015907673112913287,152,0.015841584158415842
lfo_1_tempo,LFO 1 Tempo,Indexed,0.0,12.0,4.0,4/1,462,0.048034934497816595,462,0.048150078165711305
lfo_1_tempo,LFO 1 Tempo,Indexed,0.0,12.0,5.0,2/1,635,0.06602204200457476,634,0.06607608129233976
lfo_1_tempo,LFO 1 Tempo,Indexed,0.0,12.0,6.0,1/1,922,0.0958619255562487,922,0.09609171443460135
lfo_1_tempo,LFO 1 Tempo,Indexed,0.0,12.0,7.0,1/2,4716,0.4903306300686213,4700,0.4898384575299635
lfo_1_tempo,LFO 1 Tempo,Indexed,0.0,12.0,8.0,1/4,1138,0.11831981700977334,1137,0.11849921834288692
lfo_1_tempo,LFO 1 Tempo,Indexed,0.0,12.0,9.0,1/8,773,0.08037013932210439,771,0.08035435122459614
lfo_2_keytrack_transpose,LFO 2 Transpose,Indexed,-60.0,36.0,-12.0,,9506,0.9883551673944687,9484,0.98843147472642
lfo_2_keytrack_transpose,LFO 2 Transpose,Indexed,-60.0,36.0,-13.0,,1,0.0001039717196922437,1,0.00010422094841063054
lfo_2_keytrack_transpose,LFO 2 Transpose,Indexed,-60.0,36.0,-22.0,,1,0.0001039717196922437,1,0.00010422094841063054
lfo_2_keytrack_transpose,LFO 2 Transpose,Indexed,-60.0,36.0,-23.0,,1,0.0001039717196922437,1,0.00010422094841063054
lfo_2_keytrack_transpose,LFO 2 Transpose,Indexed,-60.0,36.0,-24.0,,16,0.0016635475150758993,16,0.0016675351745700886
lfo_2_keytrack_transpose,LFO 2 Transpose,Indexed,-60.0,36.0,-25.0,,1,0.0001039717196922437,1,0.00010422094841063054
lfo_2_keytrack_transpose,LFO 2 Transpose,Indexed,-60.0,36.0,-28.0,,2,0.0002079434393844874,2,0.00020844189682126107
lfo_2_keytrack_transpose,LFO 2 Transpose,Indexed,-60.0,36.0,-36.0,,3,0.00031191515907673113,3,0.0003126628452318916
lfo_2_keytrack_transpose,LFO 2 Transpose,Indexed,-60.0,36.0,-39.0,,1,0.0001039717196922437,1,0.00010422094841063054
lfo_2_keytrack_transpose,LFO 2 Transpose,Indexed,-60.0,36.0,-4.0,,2,0.0002079434393844874,2,0.00020844189682126107
lfo_2_keytrack_transpose,LFO 2 Transpose,Indexed,-60.0,36.0,-48.0,,1,0.0001039717196922437,1,0.00010422094841063054
lfo_2_keytrack_transpose,LFO 2 Transpose,Indexed,-60.0,36.0,-5.0,,1,0.0001039717196922437,1,0.00010422094841063054
lfo_2_keytrack_transpose,LFO 2 Transpose,Indexed,-60.0,36.0,-50.0,,1,0.0001039717196922437,1,0.00010422094841063054
lfo_2_keytrack_transpose,LFO 2 Transpose,Indexed,-60.0,36.0,-58.0,,1,0.0001039717196922437,1,0.00010422094841063054
lfo_2_keytrack_transpose,LFO 2 Transpose,Indexed,-60.0,36.0,-59.0,,1,0.0001039717196922437,1,0.00010422094841063054
lfo_2_keytrack_transpose,LFO 2 Transpose,Indexed,-60.0,36.0,-60.0,,5,0.0005198585984612185,5,0.0005211047420531526
lfo_2_keytrack_transpose,LFO 2 Transpose,Indexed,-60.0,36.0,0.0,,36,0.0037429819089207735,36,0.0037519541427826993
lfo_2_keytrack_transpose,LFO 2 Transpose,Indexed,-60.0,36.0,1.0,,1,0.0001039717196922437,1,0.00010422094841063054
lfo_2_keytrack_transpose,LFO 2 Transpose,Indexed,-60.0,36.0,12.0,,25,0.0025992929923060928,24,0.0025013027618551328
lfo_2_keytrack_transpose,LFO 2 Transpose,Indexed,-60.0,36.0,19.0,,2,0.0002079434393844874,2,0.00020844189682126107
lfo_2_keytrack_transpose,LFO 2 Transpose,Indexed,-60.0,36.0,22.0,,1,0.0001039717196922437,1,0.00010422094841063054
lfo_2_keytrack_transpose,LFO 2 Transpose,Indexed,-60.0,36.0,24.0,,1,0.0001039717196922437,1,0.00010422094841063054
lfo_2_keytrack_transpose,LFO 2 Transpose,Indexed,-60.0,36.0,36.0,,5,0.0005198585984612185,5,0.0005211047420531526
lfo_2_keytrack_transpose,LFO 2 Transpose,Indexed,-60.0,36.0,7.0,,3,0.00031191515907673113,3,0.0003126628452318916
lfo_2_smooth_mode,LFO 2 Smooth Mode,Indexed,0.0,1.0,0.0,Off,50,0.0051985859846121855,50,0.005211047420531527
lfo_2_smooth_mode,LFO 2 Smooth Mode,Indexed,0.0,1.0,1.0,On,9568,0.9948014140153878,9545,0.9947889525794684
lfo_2_sync,LFO 2 Sync,Indexed,0.0,4.0,0.0,Seconds,695,0.07226034518610938,693,0.07222511724856696
lfo_2_sync,LFO 2 Sync,Indexed,0.0,4.0,1.0,Tempo,8629,0.8971719692243709,8609,0.8972381448671183
lfo_2_sync,LFO 2 Sync,Indexed,0.0,4.0,2.0,Tempo Dotted,115,0.011956747764608026,114,0.011881188118811881
lfo_2_sync,LFO 2 Sync,Indexed,0.0,4.0,3.0,Tempo Triplets,79,0.008213765855687253,79,0.008233454924439812
lfo_2_sync,LFO 2 Sync,Indexed,0.0,4.0,4.0,Keytrack,100,0.010397171969224371,100,0.010422094841063054
lfo_2_sync_type,LFO 2 Sync Type,Indexed,0.0,5.0,0.0,Trigger,7360,0.7652318569349137,7344,0.7653986451276706
lfo_2_sync_type,LFO 2 Sync Type,Indexed,0.0,5.0,1.0,Sync,1131,0.11759201497192763,1128,0.11756122980719125
lfo_2_sync_type,LFO 2 Sync Type,Indexed,0.0,5.0,2.0,Envelope,1029,0.10698689956331878,1025,0.1068264721208963
lfo_2_sync_type,LFO 2 Sync Type,Indexed,0.0,5.0,3.0,Sustain Envelope,33,0.0034310667498440423,33,0.003439291297550808
lfo_2_sync_type,LFO 2 Sync Type,Indexed,0.0,5.0,4.0,Loop Point,28,0.002911208151382824,28,0.002918186555497655
lfo_2_sync_type,LFO 2 Sync Type,Indexed,0.0,5.0,5.0,Loop Hold,16,0.0016635475150758993,16,0.0016675351745700886
lfo_2_sync_type,LFO 2 Sync Type,Indexed,0.0,5.0,6.0,,21,0.002183406113537118,21,0.0021886399166232413
lfo_2_tempo,LFO 2 Tempo,Indexed,0.0,12.0,0.0,Freeze,38,0.003950925348305261,38,0.0039603960396039604
lfo_2_tempo,LFO 2 Tempo,Indexed,0.0,12.0,1.0,32/1,21,0.002183406113537118,21,0.0021886399166232413
lfo_2_tempo,LFO 2 Tempo,Indexed,0.0,12.0,10.0,1/16,244,0.025369099604907464,243,0.02532569046378322
lfo_2_tempo,LFO 2 Tempo,Indexed,0.0,12.0,11.0,1/32,55,0.005718444583073404,55,0.005732152162584679
lfo_2_tempo,LFO 2 Tempo,Indexed,0.0,12.0,12.0,1/64,78,0.008109794135995009,78,0.008129233976029182
lfo_2_tempo,LFO 2 Tempo,Indexed,0.0,12.0,2.0,16/1,50,0.0051985859846121855,50,0.005211047420531527
lfo_2_tempo,LFO 2 Tempo,Indexed,0.0,12.0,3.0,8/1,148,0.01538781451445207,148,0.015424700364773319
lfo_2_tempo,LFO 2 Tempo,Indexed,0.0,12.0,4.0,4/1,408,0.042420461634435434,408,0.04252214695153726
lfo_2_tempo,LFO 2 Tempo,Indexed,0.0,12.0,5.0,2/1,474,0.049282595134123516,473,0.04929650859822824
lfo_2_tempo,LFO 2 Tempo,Indexed,0.0,12.0,6.0,1/1,689,0.07163651486795591,688,0.07170401250651381
lfo_2_tempo,LFO 2 Tempo,Indexed,0.0,12.0,7.0,1/2,6373,0.6626117695986692,6354,0.6622199062011465
lfo_2_tempo,LFO 2 Tempo,Indexed,0.0,12.0,7.5,,1,0.0001039717196922437,1,0.00010422094841063054
lfo_2_tempo,LFO 2 Tempo,Indexed,0.0,12.0,8.0,1/4,638,0.06633395716365148,637,0.06638874413757165
lfo_2_tempo,LFO 2 Tempo,Indexed,0.0,12.0,9.0,1/8,401,0.04169265959658973,401,0.041792600312662846
lfo_3_keytrack_transpose,LFO 3 Transpose,Indexed,-60.0,36.0,-12.0,,9543,0.9922021210230817,9520,0.9921834288692027
lfo_3_keytrack_transpose,LFO 3 Transpose,Indexed,-60.0,36.0,-17.0,,1,0.0001039717196922437,1,0.00010422094841063054
lfo_3_keytrack_transpose,LFO 3 Transpose,Indexed,-60.0,36.0,-24.0,,9,0.0009357454772301934,9,0.0009379885356956748
lfo_3_keytrack_transpose,LFO 3 Transpose,Indexed,-60.0,36.0,-37.0,,1,0.0001039717196922437,1,0.00010422094841063054
lfo_3_keytrack_transpose,LFO 3 Transpose,Indexed,-60.0,36.0,-48.0,,2,0.0002079434393844874,2,0.00020844189682126107
lfo_3_keytrack_transpose,LFO 3 Transpose,Indexed,-60.0,36.0,-58.0,,1,0.0001039717196922437,1,0.00010422094841063054
lfo_3_keytrack_transpose,LFO 3 Transpose,Indexed,-60.0,36.0,-60.0,,3,0.00031191515907673113,3,0.0003126628452318916
lfo_3_keytrack_transpose,LFO 3 Transpose,Indexed,-60.0,36.0,-7.0,,1,0.0001039717196922437,1,0.00010422094841063054
lfo_3_keytrack_transpose,LFO 3 Transpose,Indexed,-60.0,36.0,0.0,,14,0.001455604075691412,14,0.0014590932777488275
lfo_3_keytrack_transpose,LFO 3 Transpose,Indexed,-60.0,36.0,1.0,,1,0.0001039717196922437,1,0.00010422094841063054
lfo_3_keytrack_transpose,LFO 3 Transpose,Indexed,-60.0,36.0,12.0,,18,0.0018714909544603868,18,0.0018759770713913497
lfo_3_keytrack_transpose,LFO 3 Transpose,Indexed,-60.0,36.0,16.0,,2,0.0002079434393844874,2,0.00020844189682126107
lfo_3_keytrack_transpose,LFO 3 Transpose,Indexed,-60.0,36.0,19.0,,4,0.0004158868787689748,4,0.00041688379364252214
lfo_3_keytrack_transpose,LFO 3 Transpose,Indexed,-60.0,36.0,20.0,,1,0.0001039717196922437,1,0.00010422094841063054
lfo_3_keytrack_transpose,LFO 3 Transpose,Indexed,-60.0,36.0,24.0,,8,0.0008317737575379496,8,0.0008337675872850443
lfo_3_keytrack_transpose,LFO 3 Transpose,Indexed,-60.0,36.0,3.0,,1,0.0001039717196922437,1,0.00010422094841063054
lfo_3_keytrack_transpose,LFO 3 Transpose,Indexed,-60.0,36.0,36.0,,4,0.0004158868787689748,4,0.00041688379364252214
lfo_3_keytrack_transpose,LFO 3 Transpose,Indexed,-60.0,36.0,7.0,,4,0.0004158868787689748,4,0.00041688379364252214
lfo_3_smooth_mode,LFO 3 Smooth Mode,Indexed,0.0,1.0,0.0,Off,54,0.0056144728633811605,54,0.005627931214174049
lfo_3_smooth_mode,LFO 3 Smooth Mode,Indexed,0.0,1.0,1.0,On,9564,0.9943855271366189,9541,0.994372068785826
lfo_3_sync,LFO 3 Sync,Indexed,0.0,4.0,0.0,Seconds,480,0.049906425452276984,480,0.05002605523710266
lfo_3_sync,LFO 3 Sync,Indexed,0.0,4.0,1.0,Tempo,8955,0.9310667498440425,8932,0.930901511203752
lfo_3_sync,LFO 3 Sync,Indexed,0.0,4.0,2.0,Tempo Dotted,73,0.007589935537533791,73,0.0076081292339760295
lfo_3_sync,LFO 3 Sync,Indexed,0.0,4.0,3.0,Tempo Triplets,42,0.004366812227074236,42,0.004377279833246483
lfo_3_sync,LFO 3 Sync,Indexed,0.0,4.0,4.0,Keytrack,68,0.007070076939072572,68,0.0070870244919228765
lfo_3_sync_type,LFO 3 Sync Type,Indexed,0.0,5.0,0.0,Trigger,8216,0.8542316489914743,8196,0.8541948931735279
lfo_3_sync_type,LFO 3 Sync Type,Indexed,0.0,5.0,1.0,Sync,748,0.07777084632979829,747,0.077853048462741
lfo_3_sync_type,LFO 3 Sync Type,Indexed,0.0,5.0,2.0,Envelope,598,0.06217508837596174,596,0.0621156852527358
lfo_3_sync_type,LFO 3 Sync Type,Indexed,0.0,5.0,3.0,Sustain Envelope,19,0.0019754626741526303,19,0.0019801980198019802
lfo_3_sync_type,LFO 3 Sync Type,Indexed,0.0,5.0,4.0,Loop Point,21,0.002183406113537118,21,0.0021886399166232413
lfo_3_sync_type,LFO 3 Sync Type,Indexed,0.0,5.0,5.0,Loop Hold,2,0.0002079434393844874,2,0.00020844189682126107
lfo_3_sync_type,LFO 3 Sync Type,Indexed,0.0,5.0,6.0,,14,0.001455604075691412,14,0.0014590932777488275
lfo_3_tempo,LFO 3 Tempo,Indexed,0.0,12.0,0.0,Freeze,19,0.0019754626741526303,19,0.0019801980198019802
lfo_3_tempo,LFO 3 Tempo,Indexed,0.0,12.0,1.0,32/1,19,0.0019754626741526303,19,0.0019801980198019802
lfo_3_tempo,LFO 3 Tempo,Indexed,0.0,12.0,10.0,1/16,132,0.01372426699937617,132,0.013757165190203232
lfo_3_tempo,LFO 3 Tempo,Indexed,0.0,12.0,11.0,1/32,31,0.003223123310459555,31,0.003230849400729547
lfo_3_tempo,LFO 3 Tempo,Indexed,0.0,12.0,12.0,1/64,51,0.005302557704304429,51,0.005315268368942158
lfo_3_tempo,LFO 3 Tempo,Indexed,0.0,12.0,2.0,16/1,30,0.0031191515907673115,30,0.003126628452318916
lfo_3_tempo,LFO 3 Tempo,Indexed,0.0,12.0,3.0,8/1,102,0.010605115408608859,101,0.010526315789473684
lfo_3_tempo,LFO 3 Tempo,Indexed,0.0,12.0,4.0,4/1,272,0.02828030775629029,272,0.028348097967691506
lfo_3_tempo,LFO 3 Tempo,Indexed,0.0,12.0,5.0,2/1,342,0.035558328134747345,342,0.03564356435643564
lfo_3_tempo,LFO 3 Tempo,Indexed,0.0,12.0,6.0,1/1,397,0.04127677271782075,395,0.04116727462219906
lfo_3_tempo,LFO 3 Tempo,Indexed,0.0,12.0,7.0,1/2,7646,0.7949677687668955,7626,0.7947889525794685
lfo_3_tempo,LFO 3 Tempo,Indexed,0.0,12.0,8.0,1/4,378,0.039301310043668124,378,0.039395518499218345
lfo_3_tempo,LFO 3 Tempo,Indexed,0.0,12.0,9.0,1/8,199,0.020690372218756498,199,0.020739968733715478
lfo_4_keytrack_transpose,LFO 4 Transpose,Indexed,-60.0,36.0,-12.0,,9562,0.9941775836972343,9539,0.9941636268890047
lfo_4_keytrack_transpose,LFO 4 Transpose,Indexed,-60.0,36.0,-24.0,,1,0.0001039717196922437,1,0.00010422094841063054
lfo_4_keytrack_transpose,LFO 4 Transpose,Indexed,-60.0,36.0,-45.0,,1,0.0001039717196922437,1,0.00010422094841063054
lfo_4_keytrack_transpose,LFO 4 Transpose,Indexed,-60.0,36.0,-5.0,,8,0.0008317737575379496,8,0.0008337675872850443
lfo_4_keytrack_transpose,LFO 4 Transpose,Indexed,-60.0,36.0,0.0,,16,0.0016635475150758993,16,0.0016675351745700886
lfo_4_keytrack_transpose,LFO 4 Transpose,Indexed,-60.0,36.0,11.0,,2,0.0002079434393844874,2,0.00020844189682126107
lfo_4_keytrack_transpose,LFO 4 Transpose,Indexed,-60.0,36.0,12.0,,8,0.0008317737575379496,8,0.0008337675872850443
lfo_4_keytrack_transpose,LFO 4 Transpose,Indexed,-60.0,36.0,19.0,,3,0.00031191515907673113,3,0.0003126628452318916
lfo_4_keytrack_transpose,LFO 4 Transpose,Indexed,-60.0,36.0,24.0,,7,0.000727802037845706,7,0.0007295466388744137
lfo_4_keytrack_transpose,LFO 4 Transpose,Indexed,-60.0,36.0,3.0,,2,0.0002079434393844874,2,0.00020844189682126107
lfo_4_keytrack_transpose,LFO 4 Transpose,Indexed,-60.0,36.0,36.0,,1,0.0001039717196922437,1,0.00010422094841063054
lfo_4_keytrack_transpose,LFO 4 Transpose,Indexed,-60.0,36.0,7.0,,7,0.000727802037845706,7,0.0007295466388744137
lfo_4_smooth_mode,LFO 4 Smooth Mode,Indexed,0.0,1.0,0.0,Off,51,0.005302557704304429,51,0.005315268368942158
lfo_4_smooth_mode,LFO 4 Smooth Mode,Indexed,0.0,1.0,1.0,On,9567,0.9946974422956956,9544,0.9946847316310579
lfo_4_sync,LFO 4 Sync,Indexed,0.0,4.0,0.0,Seconds,273,0.028384279475982533,273,0.028452318916102136
lfo_4_sync,LFO 4 Sync,Indexed,0.0,4.0,1.0,Tempo,9203,0.9568517363277189,9180,0.9567483064095883
lfo_4_sync,LFO 4 Sync,Indexed,0.0,4.0,2.0,Tempo Dotted,68,0.007070076939072572,68,0.0070870244919228765
lfo_4_sync,LFO 4 Sync,Indexed,0.0,4.0,3.0,Tempo Triplets,22,0.0022873778332293615,22,0.0022928608650338717
lfo_4_sync,LFO 4 Sync,Indexed,0.0,4.0,4.0,Keytrack,52,0.005406529423996673,52,0.005419489317352788
lfo_4_sync_type,LFO 4 Sync Type,Indexed,0.0,5.0,0.0,Trigger,8746,0.9093366604283635,8725,0.9093277748827514
lfo_4_sync_type,LFO 4 Sync Type,Indexed,0.0,5.0,1.0,Sync,515,0.05354543564150551,515,0.053673788431474724
lfo_4_sync_type,LFO 4 Sync Type,Indexed,0.0,5.0,2.0,Envelope,324,0.03368683718028696,323,0.033663366336633666
lfo_4_sync_type,LFO 4 Sync Type,Indexed,0.0,5.0,3.0,Sustain Envelope,8,0.0008317737575379496,8,0.0008337675872850443
lfo_4_sync_type,LFO 4 Sync Type,Indexed,0.0,5.0,4.0,Loop Point,9,0.0009357454772301934,9,0.0009379885356956748
lfo_4_sync_type,LFO 4 Sync Type,Indexed,0.0,5.0,6.0,,16,0.0016635475150758993,15,0.001563314226159458
lfo_4_tempo,LFO 4 Tempo,Indexed,0.0,12.0,0.0,Freeze,14,0.001455604075691412,14,0.0014590932777488275
lfo_4_tempo,LFO 4 Tempo,Indexed,0.0,12.0,1.0,32/1,10,0.001039717196922437,10,0.0010422094841063053
lfo_4_tempo,LFO 4 Tempo,Indexed,0.0,12.0,10.0,1/16,57,0.005926388022457892,57,0.005940594059405941
lfo_4_tempo,LFO 4 Tempo,Indexed,0.0,12.0,11.0,1/32,25,0.0025992929923060928,25,0.0026055237102657635
lfo_4_tempo,LFO 4 Tempo,Indexed,0.0,12.0,12.0,1/64,24,0.002495321272613849,24,0.0025013027618551328
lfo_4_tempo,LFO 4 Tempo,Indexed,0.0,12.0,2.0,16/1,17,0.001767519234768143,17,0.0017717561229807191
lfo_4_tempo,LFO 4 Tempo,Indexed,0.0,12.0,3.0,8/1,85,0.008837596173840716,85,0.008858780614903595
lfo_4_tempo,LFO 4 Tempo,Indexed,0.0,12.0,4.0,4/1,195,0.020274485339987523,195,0.020323084940072955
lfo_4_tempo,LFO 4 Tempo,Indexed,0.0,12.0,5.0,2/1,231,0.024017467248908297,230,0.023970818134445022
lfo_4_tempo,LFO 4 Tempo,Indexed,0.0,12.0,6.0,1/1,229,0.023809523809523808,229,0.023866597186034393
lfo_4_tempo,LFO 4 Tempo,Indexed,0.0,12.0,7.0,1/2,8421,0.8755458515283843,8399,0.8753517457008859
lfo_4_tempo,LFO 4 Tempo,Indexed,0.0,12.0,8.0,1/4,198,0.020586400499064253,198,0.020635747785304845
lfo_4_tempo,LFO 4 Tempo,Indexed,0.0,12.0,9.0,1/8,112,0.011644832605531296,112,0.01167274622199062
lfo_5_keytrack_transpose,LFO 5 Transpose,Indexed,-60.0,36.0,-12.0,,9546,0.9925140361821585,9523,0.9924960917144346
lfo_5_keytrack_transpose,LFO 5 Transpose,Indexed,-60.0,36.0,-24.0,,15,0.0015595757953836558,15,0.001563314226159458
lfo_5_keytrack_transpose,LFO 5 Transpose,Indexed,-60.0,36.0,-26.0,,1,0.0001039717196922437,1,0.00010422094841063054
lfo_5_keytrack_transpose,LFO 5 Transpose,Indexed,-60.0,36.0,-48.0,,1,0.0001039717196922437,1,0.00010422094841063054
lfo_5_keytrack_transpose,LFO 5 Transpose,Indexed,-60.0,36.0,-5.0,,2,0.0002079434393844874,2,0.00020844189682126107
lfo_5_keytrack_transpose,LFO 5 Transpose,Indexed,-60.0,36.0,-60.0,,1,0.0001039717196922437,1,0.00010422094841063054
lfo_5_keytrack_transpose,LFO 5 Transpose,Indexed,-60.0,36.0,0.0,,24,0.002495321272613849,24,0.0025013027618551328
lfo_5_keytrack_transpose,LFO 5 Transpose,Indexed,-60.0,36.0,12.0,,18,0.0018714909544603868,18,0.0018759770713913497
lfo_5_keytrack_transpose,LFO 5 Transpose,Indexed,-60.0,36.0,19.0,,1,0.0001039717196922437,1,0.00010422094841063054
lfo_5_keytrack_transpose,LFO 5 Transpose,Indexed,-60.0,36.0,24.0,,4,0.0004158868787689748,4,0.00041688379364252214
lfo_5_keytrack_transpose,LFO 5 Transpose,Indexed,-60.0,36.0,36.0,,1,0.0001039717196922437,1,0.00010422094841063054
lfo_5_keytrack_transpose,LFO 5 Transpose,Indexed,-60.0,36.0,7.0,,4,0.0004158868787689748,4,0.00041688379364252214
lfo_5_smooth_mode,LFO 5 Smooth Mode,Indexed,0.0,1.0,0.0,Off,42,0.004366812227074236,42,0.004377279833246483
lfo_5_smooth_mode,LFO 5 Smooth Mode,Indexed,0.0,1.0,1.0,On,9576,0.9956331877729258,9553,0.9956227201667536
lfo_5_sync,LFO 5 Sync,Indexed,0.0,4.0,0.0,Seconds,169,0.017571220627989187,168,0.01750911933298593
lfo_5_sync,LFO 5 Sync,Indexed,0.0,4.0,1.0,Tempo,9350,0.9721355791224787,9328,0.9721730067743617
lfo_5_sync,LFO 5 Sync,Indexed,0.0,4.0,2.0,Tempo Dotted,40,0.004158868787689748,40,0.004168837936425221
lfo_5_sync,LFO 5 Sync,Indexed,0.0,4.0,3.0,Tempo Triplets,3,0.00031191515907673113,3,0.0003126628452318916
lfo_5_sync,LFO 5 Sync,Indexed,0.0,4.0,4.0,Keytrack,56,0.005822416302765648,56,0.00583637311099531
lfo_5_sync_type,LFO 5 Sync Type,Indexed,0.0,5.0,0.0,Trigger,9121,0.9483260553129549,9100,0.9484106305367379
lfo_5_sync_type,LFO 5 Sync Type,Indexed,0.0,5.0,1.0,Sync,308,0.03202328966521106,307,0.03199583116206357
lfo_5_sync_type,LFO 5 Sync Type,Indexed,0.0,5.0,2.0,Envelope,178,0.01850696610521938,177,0.018447107868681607
lfo_5_sync_type,LFO 5 Sync Type,Indexed,0.0,5.0,3.0,Sustain Envelope,3,0.00031191515907673113,3,0.0003126628452318916
lfo_5_sync_type,LFO 5 Sync Type,Indexed,0.0,5.0,4.0,Loop Point,4,0.0004158868787689748,4,0.00041688379364252214
lfo_5_sync_type,LFO 5 Sync Type,Indexed,0.0,5.0,6.0,,4,0.0004158868787689748,4,0.00041688379364252214
lfo_5_tempo,LFO 5 Tempo,Indexed,0.0,12.0,0.0,Freeze,6,0.0006238303181534623,6,0.0006253256904637832
lfo_5_tempo,LFO 5 Tempo,Indexed,0.0,12.0,1.0,32/1,6,0.0006238303181534623,6,0.0006253256904637832
lfo_5_tempo,LFO 5 Tempo,Indexed,0.0,12.0,10.0,1/16,43,0.004470783946766479,42,0.004377279833246483
lfo_5_tempo,LFO 5 Tempo,Indexed,0.0,12.0,11.0,1/32,7,0.000727802037845706,7,0.0007295466388744137
lfo_5_tempo,LFO 5 Tempo,Indexed,0.0,12.0,12.0,1/64,12,0.0012476606363069245,12,0.0012506513809275664
lfo_5_tempo,LFO 5 Tempo,Indexed,0.0,12.0,2.0,16/1,14,0.001455604075691412,14,0.0014590932777488275
lfo_5_tempo,LFO 5 Tempo,Indexed,0.0,12.0,3.0,8/1,62,0.00644624662091911,62,0.006461698801459094
lfo_5_tempo,LFO 5 Tempo,Indexed,0.0,12.0,4.0,4/1,161,0.016739446870451237,161,0.016779572694111518
lfo_5_tempo,LFO 5 Tempo,Indexed,0.0,12.0,5.0,2/1,151,0.0156997296735288,151,0.015737363210005212
lfo_5_tempo,LFO 5 Tempo,Indexed,0.0,12.0,6.0,1/1,159,0.01653150343106675,159,0.016571130797290255
lfo_5_tempo,LFO 5 Tempo,Indexed,0.0,12.0,7.0,1/2,8842,0.9193179455188188,8821,0.919332985930172
lfo_5_tempo,LFO 5 Tempo,Indexed,0.0,12.0,8.0,1/4,82,0.008525681014763984,81,0.008441896821261074
lfo_5_tempo,LFO 5 Tempo,Indexed,0.0,12.0,9.0,1/8,73,0.007589935537533791,73,0.0076081292339760295
lfo_6_keytrack_transpose,LFO 6 Transpose,Indexed,-60.0,36.0,-12.0,,9575,0.9955292160532335,9552,0.9955184992183429
lfo_6_keytrack_transpose,LFO 6 Transpose,Indexed,-60.0,36.0,-24.0,,4,0.0004158868787689748,4,0.00041688379364252214
lfo_6_keytrack_transpose,LFO 6 Transpose,Indexed,-60.0,36.0,-60.0,,2,0.0002079434393844874,2,0.00020844189682126107
lfo_6_keytrack_transpose,LFO 6 Transpose,Indexed,-60.0,36.0,0.0,,9,0.0009357454772301934,9,0.0009379885356956748
lfo_6_keytrack_transpose,LFO 6 Transpose,Indexed,-60.0,36.0,12.0,,13,0.0013516323559991683,13,0.001354872329338197
lfo_6_keytrack_transpose,LFO 6 Transpose,Indexed,-60.0,36.0,24.0,,7,0.000727802037845706,7,0.0007295466388744137
lfo_6_keytrack_transpose,LFO 6 Transpose,Indexed,-60.0,36.0,36.0,,2,0.0002079434393844874,2,0.00020844189682126107
lfo_6_keytrack_transpose,LFO 6 Transpose,Indexed,-60.0,36.0,7.0,,6,0.0006238303181534623,6,0.0006253256904637832
lfo_6_smooth_mode,LFO 6 Smooth Mode,Indexed,0.0,1.0,0.0,Off,48,0.004990642545227698,48,0.0050026055237102655
lfo_6_smooth_mode,LFO 6 Smooth Mode,Indexed,0.0,1.0,1.0,On,9570,0.9950093574547723,9547,0.9949973944762898
lfo_6_sync,LFO 6 Sync,Indexed,0.0,4.0,0.0,Seconds,100,0.010397171969224371,100,0.010422094841063054
lfo_6_sync,LFO 6 Sync,Indexed,0.0,4.0,1.0,Tempo,9460,0.9835724682886255,9437,0.9835330901511203
lfo_6_sync,LFO 6 Sync,Indexed,0.0,4.0,2.0,Tempo Dotted,18,0.0018714909544603868,18,0.0018759770713913497
lfo_6_sync,LFO 6 Sync,Indexed,0.0,4.0,3.0,Tempo Triplets,4,0.0004158868787689748,4,0.00041688379364252214
lfo_6_sync,LFO 6 Sync,Indexed,0.0,4.0,4.0,Keytrack,36,0.0037429819089207735,36,0.0037519541427826993
lfo_6_sync_type,LFO 6 Sync Type,Indexed,0.0,5.0,0.0,Trigger,9311,0.9680806820544812,9288,0.9680041688379364
lfo_6_sync_type,LFO 6 Sync Type,Indexed,0.0,5.0,1.0,Sync,170,0.01767519234768143,170,0.01771756122980719
lfo_6_sync_type,LFO 6 Sync Type,Indexed,0.0,5.0,2.0,Envelope,136,0.014140153878145144,136,0.014174048983845753
lfo_6_sync_type,LFO 6 Sync Type,Indexed,0.0,5.0,6.0,,1,0.0001039717196922437,1,0.00010422094841063054
lfo_6_tempo,LFO 6 Tempo,Indexed,0.0,12.0,0.0,Freeze,5,0.0005198585984612185,5,0.0005211047420531526
lfo_6_tempo,LFO 6 Tempo,Indexed,0.0,12.0,1.0,32/1,3,0.00031191515907673113,3,0.0003126628452318916
lfo_6_tempo,LFO 6 Tempo,Indexed,0.0,12.0,10.0,1/16,26,0.0027032647119983365,26,0.002709744658676394
lfo_6_tempo,LFO 6 Tempo,Indexed,0.0,12.0,11.0,1/32,3,0.00031191515907673113,3,0.0003126628452318916
lfo_6_tempo,LFO 6 Tempo,Indexed,0.0,12.0,12.0,1/64,4,0.0004158868787689748,4,0.00041688379364252214
lfo_6_tempo,LFO 6 Tempo,Indexed,0.0,12.0,2.0,16/1,10,0.001039717196922437,10,0.0010422094841063053
lfo_6_tempo,LFO 6 Tempo,Indexed,0.0,12.0,3.0,8/1,30,0.0031191515907673115,30,0.003126628452318916
lfo_6_tempo,LFO 6 Tempo,Indexed,0.0,12.0,4.0,4/1,92,0.009565398211686421,92,0.00958832725377801
lfo_6_tempo,LFO 6 Tempo,Indexed,0.0,12.0,5.0,2/1,84,0.008733624454148471,84,0.008754559666492965
lfo_6_tempo,LFO 6 Tempo,Indexed,0.0,12.0,6.0,1/1,85,0.008837596173840716,85,0.008858780614903595
lfo_6_tempo,LFO 6 Tempo,Indexed,0.0,12.0,7.0,1/2,9167,0.953108754418798,9144,0.9529963522668057
lfo_6_tempo,LFO 6 Tempo,Indexed,0.0,12.0,8.0,1/4,64,0.006654190060303597,64,0.006670140698280354
lfo_6_tempo,LFO 6 Tempo,Indexed,0.0,12.0,9.0,1/8,45,0.004678727386150967,45,0.004689942678478374
lfo_7_keytrack_transpose,LFO 7 Transpose,Indexed,-60.0,36.0,-12.0,,9599,0.9980245373258474,9576,0.998019801980198
lfo_7_keytrack_transpose,LFO 7 Transpose,Indexed,-60.0,36.0,-24.0,,2,0.0002079434393844874,2,0.00020844189682126107
lfo_7_keytrack_transpose,LFO 7 Transpose,Indexed,-60.0,36.0,0.0,,11,0.0011436889166146808,11,0.0011464304325169358
lfo_7_keytrack_transpose,LFO 7 Transpose,Indexed,-60.0,36.0,12.0,,5,0.0005198585984612185,5,0.0005211047420531526
lfo_7_keytrack_transpose,LFO 7 Transpose,Indexed,-60.0,36.0,24.0,,1,0.0001039717196922437,1,0.00010422094841063054
lfo_7_smooth_mode,LFO 7 Smooth Mode,Indexed,0.0,1.0,0.0,Off,43,0.004470783946766479,43,0.004481500781657113
lfo_7_smooth_mode,LFO 7 Smooth Mode,Indexed,0.0,1.0,1.0,On,9575,0.9955292160532335,9552,0.9955184992183429
lfo_7_sync,LFO 7 Sync,Indexed,0.0,4.0,0.0,Seconds,46,0.0047826991058432106,46,0.004794163626889005
lfo_7_sync,LFO 7 Sync,Indexed,0.0,4.0,1.0,Tempo,9535,0.9913703472655437,9512,0.9913496612819177
lfo_7_sync,LFO 7 Sync,Indexed,0.0,4.0,2.0,Tempo Dotted,8,0.0008317737575379496,8,0.0008337675872850443
lfo_7_sync,LFO 7 Sync,Indexed,0.0,4.0,3.0,Tempo Triplets,3,0.00031191515907673113,3,0.0003126628452318916
lfo_7_sync,LFO 7 Sync,Indexed,0.0,4.0,4.0,Keytrack,26,0.0027032647119983365,26,0.002709744658676394
lfo_7_sync_type,LFO 7 Sync Type,Indexed,0.0,5.0,0.0,Trigger,9446,0.9821168642129341,9423,0.9820739968733716
lfo_7_sync_type,LFO 7 Sync Type,Indexed,0.0,5.0,1.0,Sync,100,0.010397171969224371,100,0.010422094841063054
lfo_7_sync_type,LFO 7 Sync Type,Indexed,0.0,5.0,2.0,Envelope,63,0.006550218340611353,63,0.0065659197498697235
lfo_7_sync_type,LFO 7 Sync Type,Indexed,0.0,5.0,3.0,Sustain Envelope,2,0.0002079434393844874,2,0.00020844189682126107
lfo_7_sync_type,LFO 7 Sync Type,Indexed,0.0,5.0,4.0,Loop Point,1,0.0001039717196922437,1,0.00010422094841063054
lfo_7_sync_type,LFO 7 Sync Type,Indexed,0.0,5.0,5.0,Loop Hold,2,0.0002079434393844874,2,0.00020844189682126107
lfo_7_sync_type,LFO 7 Sync Type,Indexed,0.0,5.0,6.0,,4,0.0004158868787689748,4,0.00041688379364252214
lfo_7_tempo,LFO 7 Tempo,Indexed,0.0,12.0,0.0,Freeze,1,0.0001039717196922437,1,0.00010422094841063054
lfo_7_tempo,LFO 7 Tempo,Indexed,0.0,12.0,1.0,32/1,1,0.0001039717196922437,1,0.00010422094841063054
lfo_7_tempo,LFO 7 Tempo,Indexed,0.0,12.0,10.0,1/16,10,0.001039717196922437,10,0.0010422094841063053
lfo_7_tempo,LFO 7 Tempo,Indexed,0.0,12.0,11.0,1/32,5,0.0005198585984612185,5,0.0005211047420531526
lfo_7_tempo,LFO 7 Tempo,Indexed,0.0,12.0,12.0,1/64,2,0.0002079434393844874,2,0.00020844189682126107
lfo_7_tempo,LFO 7 Tempo,Indexed,0.0,12.0,2.0,16/1,4,0.0004158868787689748,4,0.00041688379364252214
lfo_7_tempo,LFO 7 Tempo,Indexed,0.0,12.0,3.0,8/1,21,0.002183406113537118,21,0.0021886399166232413
lfo_7_tempo,LFO 7 Tempo,Indexed,0.0,12.0,4.0,4/1,47,0.004886670825535454,47,0.004898384575299636
lfo_7_tempo,LFO 7 Tempo,Indexed,0.0,12.0,5.0,2/1,59,0.006134331461842379,59,0.006149035956227201
lfo_7_tempo,LFO 7 Tempo,Indexed,0.0,12.0,6.0,1/1,45,0.004678727386150967,45,0.004689942678478374
lfo_7_tempo,LFO 7 Tempo,Indexed,0.0,12.0,7.0,1/2,9364,0.9735911831981701,9341,0.9735278791036999
lfo_7_tempo,LFO 7 Tempo,Indexed,0.0,12.0,8.0,1/4,36,0.0037429819089207735,36,0.0037519541427826993
lfo_7_tempo,LFO 7 Tempo,Indexed,0.0,12.0,9.0,1/8,23,0.0023913495529216053,23,0.0023970818134445024
lfo_8_keytrack_transpose,LFO 8 Transpose,Indexed,-60.0,36.0,-12.0,,9593,0.9974007070076939,9570,0.9973944762897342
lfo_8_keytrack_transpose,LFO 8 Transpose,Indexed,-60.0,36.0,0.0,,8,0.0008317737575379496,8,0.0008337675872850443
lfo_8_keytrack_transpose,LFO 8 Transpose,Indexed,-60.0,36.0,12.0,,15,0.0015595757953836558,15,0.001563314226159458
lfo_8_keytrack_transpose,LFO 8 Transpose,Indexed,-60.0,36.0,2.0,,1,0.0001039717196922437,1,0.00010422094841063054
lfo_8_keytrack_transpose,LFO 8 Transpose,Indexed,-60.0,36.0,24.0,,1,0.0001039717196922437,1,0.00010422094841063054
lfo_8_smooth_mode,LFO 8 Smooth Mode,Indexed,0.0,1.0,0.0,Off,1,0.0001039717196922437,1,0.00010422094841063054
lfo_8_smooth_mode,LFO 8 Smooth Mode,Indexed,0.0,1.0,1.0,On,9617,0.9998960282803078,9594,0.9998957790515893
lfo_8_sync,LFO 8 Sync,Indexed,0.0,4.0,0.0,Seconds,24,0.002495321272613849,24,0.0025013027618551328
lfo_8_sync,LFO 8 Sync,Indexed,0.0,4.0,1.0,Tempo,9556,0.9935537533790809,9533,0.9935383011985409
lfo_8_sync,LFO 8 Sync,Indexed,0.0,4.0,2.0,Tempo Dotted,8,0.0008317737575379496,8,0.0008337675872850443
lfo_8_sync,LFO 8 Sync,Indexed,0.0,4.0,3.0,Tempo Triplets,5,0.0005198585984612185,5,0.0005211047420531526
lfo_8_sync,LFO 8 Sync,Indexed,0.0,4.0,4.0,Keytrack,25,0.0025992929923060928,25,0.0026055237102657635
lfo_8_sync_type,LFO 8 Sync Type,Indexed,0.0,5.0,0.0,Trigger,9535,0.9913703472655437,9512,0.9913496612819177
lfo_8_sync_type,LFO 8 Sync Type,Indexed,0.0,5.0,1.0,Sync,44,0.004574755666458723,44,0.004585721730067743
lfo_8_sync_type,LFO 8 Sync Type,Indexed,0.0,5.0,2.0,Envelope,35,0.00363901018922853,35,0.0036477331943720686
lfo_8_sync_type,LFO 8 Sync Type,Indexed,0.0,5.0,3.0,Sustain Envelope,1,0.0001039717196922437,1,0.00010422094841063054
lfo_8_sync_type,LFO 8 Sync Type,Indexed,0.0,5.0,4.0,Loop Point,2,0.0002079434393844874,2,0.00020844189682126107
lfo_8_sync_type,LFO 8 Sync Type,Indexed,0.0,5.0,5.0,Loop Hold,1,0.0001039717196922437,1,0.00010422094841063054
lfo_8_tempo,LFO 8 Tempo,Indexed,0.0,12.0,0.0,Freeze,1,0.0001039717196922437,1,0.00010422094841063054
lfo_8_tempo,LFO 8 Tempo,Indexed,0.0,12.0,1.0,32/1,1,0.0001039717196922437,1,0.00010422094841063054
lfo_8_tempo,LFO 8 Tempo,Indexed,0.0,12.0,10.0,1/16,10,0.001039717196922437,10,0.0010422094841063053
lfo_8_tempo,LFO 8 Tempo,Indexed,0.0,12.0,11.0,1/32,1,0.0001039717196922437,1,0.00010422094841063054
lfo_8_tempo,LFO 8 Tempo,Indexed,0.0,12.0,12.0,1/64,1,0.0001039717196922437,1,0.00010422094841063054
lfo_8_tempo,LFO 8 Tempo,Indexed,0.0,12.0,2.0,16/1,1,0.0001039717196922437,1,0.00010422094841063054
lfo_8_tempo,LFO 8 Tempo,Indexed,0.0,12.0,3.0,8/1,9,0.0009357454772301934,9,0.0009379885356956748
lfo_8_tempo,LFO 8 Tempo,Indexed,0.0,12.0,4.0,4/1,28,0.002911208151382824,28,0.002918186555497655
lfo_8_tempo,LFO 8 Tempo,Indexed,0.0,12.0,5.0,2/1,30,0.0031191515907673115,30,0.003126628452318916
lfo_8_tempo,LFO 8 Tempo,Indexed,0.0,12.0,6.0,1/1,37,0.0038469536286130173,37,0.0038561750911933297
lfo_8_tempo,LFO 8 Tempo,Indexed,0.0,12.0,7.0,1/2,9466,0.9841962986067789,9443,0.9841584158415841
lfo_8_tempo,LFO 8 Tempo,Indexed,0.0,12.0,8.0,1/4,21,0.002183406113537118,21,0.0021886399166232413
lfo_8_tempo,LFO 8 Tempo,Indexed,0.0,12.0,9.0,1/8,12,0.0012476606363069245,12,0.0012506513809275664
modulation_10_bipolar,Modulation 10 Bipolar,Indexed,0.0,1.0,0.0,Off,9307,0.9676647951757122,9285,0.9676915059927045
modulation_10_bipolar,Modulation 10 Bipolar,Indexed,0.0,1.0,1.0,On,311,0.0323352048242878,310,0.03230849400729546
modulation_10_bypass,Modulation 10 Bypass,Indexed,0.0,1.0,0.0,Off,9590,0.9970887918486172,9567,0.9970818134445023
modulation_10_bypass,Modulation 10 Bypass,Indexed,0.0,1.0,1.0,On,28,0.002911208151382824,28,0.002918186555497655
modulation_10_stereo,Modulation 10 Stereo,Indexed,0.0,1.0,0.0,Off,9588,0.9968808484092326,9565,0.9968733715476811
modulation_10_stereo,Modulation 10 Stereo,Indexed,0.0,1.0,1.0,On,30,0.0031191515907673115,30,0.003126628452318916
modulation_11_bipolar,Modulation 11 Bipolar,Indexed,0.0,1.0,0.0,Off,9332,0.9702640881680183,9310,0.9702970297029703
modulation_11_bipolar,Modulation 11 Bipolar,Indexed,0.0,1.0,1.0,On,286,0.029735911831981703,285,0.0297029702970297
modulation_11_bypass,Modulation 11 Bypass,Indexed,0.0,1.0,0.0,Off,9606,0.9987523393636931,9583,0.9987493486190724
modulation_11_bypass,Modulation 11 Bypass,Indexed,0.0,1.0,1.0,On,12,0.0012476606363069245,12,0.0012506513809275664
modulation_11_stereo,Modulation 11 Stereo,Indexed,0.0,1.0,0.0,Off,9584,0.9964649615304637,9561,0.9964564877540386
modulation_11_stereo,Modulation 11 Stereo,Indexed,0.0,1.0,1.0,On,34,0.003535038469536286,34,0.0035435122459614382
modulation_12_bipolar,Modulation 12 Bipolar,Indexed,0.0,1.0,0.0,Off,9386,0.9758785610313995,9363,0.9758207399687338
modulation_12_bipolar,Modulation 12 Bipolar,Indexed,0.0,1.0,1.0,On,232,0.024121438968600542,232,0.024179260031266286
modulation_12_bypass,Modulation 12 Bypass,Indexed,0.0,1.0,0.0,Off,9602,0.9983364524849241,9579,0.9983324648254299
modulation_12_bypass,Modulation 12 Bypass,Indexed,0.0,1.0,1.0,On,16,0.0016635475150758993,16,0.0016675351745700886
modulation_12_stereo,Modulation 12 Stereo,Indexed,0.0,1.0,0.0,Off,9576,0.9956331877729258,9553,0.9956227201667536
modulation_12_stereo,Modulation 12 Stereo,Indexed,0.0,1.0,1.0,On,42,0.004366812227074236,42,0.004377279833246483
modulation_13_bipolar,Modulation 13 Bipolar,Indexed,0.0,1.0,0.0,Off,9415,0.9788937409024745,9392,0.978843147472642
modulation_13_bipolar,Modulation 13 Bipolar,Indexed,0.0,1.0,1.0,On,203,0.021106259097525473,203,0.021156852527357998
modulation_13_bypass,Modulation 13 Bypass,Indexed,0.0,1.0,0.0,Off,9606,0.9987523393636931,9583,0.9987493486190724
modulation_13_bypass,Modulation 13 Bypass,Indexed,0.0,1.0,1.0,On,12,0.0012476606363069245,12,0.0012506513809275664
modulation_13_stereo,Modulation 13 Stereo,Indexed,0.0,1.0,0.0,Off,9603,0.9984404242046163,9580,0.9984366857738406
modulation_13_stereo,Modulation 13 Stereo,Indexed,0.0,1.0,1.0,On,15,0.0015595757953836558,15,0.001563314226159458
modulation_14_bipolar,Modulation 14 Bipolar,Indexed,0.0,1.0,0.0,Off,9406,0.9779579954252443,9383,0.9779051589369463
modulation_14_bipolar,Modulation 14 Bipolar,Indexed,0.0,1.0,1.0,On,212,0.022042004574755667,212,0.022094841063053674
modulation_14_bypass,Modulation 14 Bypass,Indexed,0.0,1.0,0.0,Off,9606,0.9987523393636931,9583,0.9987493486190724
modulation_14_bypass,Modulation 14 Bypass,Indexed,0.0,1.0,1.0,On,12,0.0012476606363069245,12,0.0012506513809275664
modulation_14_stereo,Modulation 14 Stereo,Indexed,0.0,1.0,0.0,Off,9587,0.9967768766895404,9564,0.9967691505992704
modulation_14_stereo,Modulation 14 Stereo,Indexed,0.0,1.0,1.0,On,31,0.003223123310459555,31,0.003230849400729547
modulation_15_bipolar,Modulation 15 Bipolar,Indexed,0.0,1.0,0.0,Off,9402,0.9775421085464754,9379,0.9774882751433038
modulation_15_bipolar,Modulation 15 Bipolar,Indexed,0.0,1.0,1.0,On,216,0.022457891453524642,216,0.022511724856696197
modulation_15_bypass,Modulation 15 Bypass,Indexed,0.0,1.0,0.0,Off,9599,0.9980245373258474,9576,0.998019801980198
modulation_15_bypass,Modulation 15 Bypass,Indexed,0.0,1.0,1.0,On,19,0.0019754626741526303,19,0.0019801980198019802
modulation_15_stereo,Modulation 15 Stereo,Indexed,0.0,1.0,0.0,Off,9597,0.9978165938864629,9574,0.9978113600833768
modulation_15_stereo,Modulation 15 Stereo,Indexed,0.0,1.0,1.0,On,21,0.002183406113537118,21,0.0021886399166232413
modulation_16_bipolar,Modulation 16 Bipolar,Indexed,0.0,1.0,0.0,Off,9459,0.9834684965689332,9436,0.9834288692027098
modulation_16_bipolar,Modulation 16 Bipolar,Indexed,0.0,1.0,1.0,On,159,0.01653150343106675,159,0.016571130797290255
modulation_16_bypass,Modulation 16 Bypass,Indexed,0.0,1.0,0.0,Off,9605,0.9986483676440008,9582,0.9986451276706618
modulation_16_bypass,Modulation 16 Bypass,Indexed,0.0,1.0,1.0,On,13,0.0013516323559991683,13,0.001354872329338197
modulation_16_stereo,Modulation 16 Stereo,Indexed,0.0,1.0,0.0,Off,9581,0.996153046371387,9558,0.9961438249088067
modulation_16_stereo,Modulation 16 Stereo,Indexed,0.0,1.0,1.0,On,37,0.0038469536286130173,37,0.0038561750911933297
modulation_17_bipolar,Modulation 17 Bipolar,Indexed,0.0,1.0,0.0,Off,9444,0.9819089207735496,9421,0.9818655549765503
modulation_17_bipolar,Modulation 17 Bipolar,Indexed,0.0,1.0,1.0,On,174,0.018091079226450407,174,0.018134445023449713
modulation_17_bypass,Modulation 17 Bypass,Indexed,0.0,1.0,0.0,Off,9606,0.9987523393636931,9583,0.9987493486190724
modulation_17_bypass,Modulation 17 Bypass,Indexed,0.0,1.0,1.0,On,12,0.0012476606363069245,12,0.0012506513809275664
modulation_17_stereo,Modulation 17 Stereo,Indexed,0.0,1.0,0.0,Off,9589,0.996984820128925,9566,0.9969775924960917
modulation_17_stereo,Modulation 17 Stereo,Indexed,0.0,1.0,1.0,On,29,0.0030151798710750678,29,0.0030224075039082857
modulation_18_bipolar,Modulation 18 Bipolar,Indexed,0.0,1.0,0.0,Off,9446,0.9821168642129341,9423,0.9820739968733716
modulation_18_bipolar,Modulation 18 Bipolar,Indexed,0.0,1.0,1.0,On,172,0.017883135787065917,172,0.017926003126628454
modulation_18_bypass,Modulation 18 Bypass,Indexed,0.0,1.0,0.0,Off,9608,0.9989602828030776,9585,0.9989577905158937
modulation_18_bypass,Modulation 18 Bypass,Indexed,0.0,1.0,1.0,On,10,0.001039717196922437,10,0.0010422094841063053
modulation_18_stereo,Modulation 18 Stereo,Indexed,0.0,1.0,0.0,Off,9603,0.9984404242046163,9580,0.9984366857738406
modulation_18_stereo,Modulation 18 Stereo,Indexed,0.0,1.0,1.0,On,15,0.0015595757953836558,15,0.001563314226159458
modulation_19_bipolar,Modulation 19 Bipolar,Indexed,0.0,1.0,0.0,Off,9447,0.9822208359326263,9424,0.9821782178217822
modulation_19_bipolar,Modulation 19 Bipolar,Indexed,0.0,1.0,1.0,On,171,0.017779164067373673,171,0.01782178217821782
modulation_19_bypass,Modulation 19 Bypass,Indexed,0.0,1.0,0.0,Off,9608,0.9989602828030776,9585,0.9989577905158937
modulation_19_bypass,Modulation 19 Bypass,Indexed,0.0,1.0,1.0,On,10,0.001039717196922437,10,0.0010422094841063053
modulation_19_stereo,Modulation 19 Stereo,Indexed,0.0,1.0,0.0,Off,9602,0.9983364524849241,9579,0.9983324648254299
modulation_19_stereo,Modulation 19 Stereo,Indexed,0.0,1.0,1.0,On,16,0.0016635475150758993,16,0.0016675351745700886
modulation_1_bipolar,Modulation 1 Bipolar,Indexed,0.0,1.0,0.0,Off,8945,0.9300270326471199,8922,0.9298593017196457
modulation_1_bipolar,Modulation 1 Bipolar,Indexed,0.0,1.0,1.0,On,673,0.06997296735288001,673,0.07014069828035435
modulation_1_bypass,Modulation 1 Bypass,Indexed,0.0,1.0,0.0,Off,9552,0.9931378665003119,9530,0.993225638353309
modulation_1_bypass,Modulation 1 Bypass,Indexed,0.0,1.0,1.0,On,66,0.006862133499688085,65,0.006774361646690985
modulation_1_stereo,Modulation 1 Stereo,Indexed,0.0,1.0,0.0,Off,9556,0.9935537533790809,9533,0.9935383011985409
modulation_1_stereo,Modulation 1 Stereo,Indexed,0.0,1.0,1.0,On,62,0.00644624662091911,62,0.006461698801459094
modulation_20_bipolar,Modulation 20 Bipolar,Indexed,0.0,1.0,0.0,Off,9470,0.984612185485548,9448,0.9846795205836373
modulation_20_bipolar,Modulation 20 Bipolar,Indexed,0.0,1.0,1.0,On,148,0.01538781451445207,147,0.015320479416362689
modulation_20_bypass,Modulation 20 Bypass,Indexed,0.0,1.0,0.0,Off,9607,0.9988563110833854,9584,0.9988535695674831
modulation_20_bypass,Modulation 20 Bypass,Indexed,0.0,1.0,1.0,On,11,0.0011436889166146808,11,0.0011464304325169358
modulation_20_stereo,Modulation 20 Stereo,Indexed,0.0,1.0,0.0,Off,9605,0.9986483676440008,9582,0.9986451276706618
modulation_20_stereo,Modulation 20 Stereo,Indexed,0.0,1.0,1.0,On,13,0.0013516323559991683,13,0.001354872329338197
modulation_21_bipolar,Modulation 21 Bipolar,Indexed,0.0,1.0,0.0,Off,9487,0.9863797047203161,9464,0.9863470557582074
modulation_21_bipolar,Modulation 21 Bipolar,Indexed,0.0,1.0,1.0,On,131,0.013620295279683926,131,0.0136529442417926
modulation_21_bypass,Modulation 21 Bypass,Indexed,0.0,1.0,0.0,Off,9609,0.9990642545227698,9586,0.9990620114643043
modulation_21_bypass,Modulation 21 Bypass,Indexed,0.0,1.0,1.0,On,9,0.0009357454772301934,9,0.0009379885356956748
modulation_21_stereo,Modulation 21 Stereo,Indexed,0.0,1.0,0.0,Off,9607,0.9988563110833854,9584,0.9988535695674831
modulation_21_stereo,Modulation 21 Stereo,Indexed,0.0,1.0,1.0,On,11,0.0011436889166146808,11,0.0011464304325169358
modulation_22_bipolar,Modulation 22 Bipolar,Indexed,0.0,1.0,0.0,Off,9481,0.9857558744021626,9458,0.9857217300677437
modulation_22_bipolar,Modulation 22 Bipolar,Indexed,0.0,1.0,1.0,On,137,0.014244125597837389,137,0.014278269932256383
modulation_22_bypass,Modulation 22 Bypass,Indexed,0.0,1.0,0.0,Off,9609,0.9990642545227698,9586,0.9990620114643043
modulation_22_bypass,Modulation 22 Bypass,Indexed,0.0,1.0,1.0,On,9,0.0009357454772301934,9,0.0009379885356956748
modulation_22_stereo,Modulation 22 Stereo,Indexed,0.0,1.0,0.0,Off,9607,0.9988563110833854,9584,0.9988535695674831
modulation_22_stereo,Modulation 22 Stereo,Indexed,0.0,1.0,1.0,On,11,0.0011436889166146808,11,0.0011464304325169358
modulation_23_bipolar,Modulation 23 Bipolar,Indexed,0.0,1.0,0.0,Off,9427,0.9801414015387815,9405,0.9801980198019802
modulation_23_bipolar,Modulation 23 Bipolar,Indexed,0.0,1.0,1.0,On,191,0.019858598461218548,190,0.019801980198019802
modulation_23_bypass,Modulation 23 Bypass,Indexed,0.0,1.0,0.0,Off,9612,0.9993761696818465,9589,0.9993746743095362
modulation_23_bypass,Modulation 23 Bypass,Indexed,0.0,1.0,1.0,On,6,0.0006238303181534623,6,0.0006253256904637832
modulation_23_stereo,Modulation 23 Stereo,Indexed,0.0,1.0,0.0,Off,9605,0.9986483676440008,9582,0.9986451276706618
modulation_23_stereo,Modulation 23 Stereo,Indexed,0.0,1.0,1.0,On,13,0.0013516323559991683,13,0.001354872329338197
modulation_24_bipolar,Modulation 24 Bipolar,Indexed,0.0,1.0,0.0,Off,9512,0.9889789977126222,9489,0.9889525794684731
modulation_24_bipolar,Modulation 24 Bipolar,Indexed,0.0,1.0,1.0,On,106,0.011021002287377834,106,0.011047420531526837
modulation_24_bypass,Modulation 24 Bypass,Indexed,0.0,1.0,0.0,Off,9610,0.999168226242462,9587,0.999166232412715
modulation_24_bypass,Modulation 24 Bypass,Indexed,0.0,1.0,1.0,On,8,0.0008317737575379496,8,0.0008337675872850443
modulation_24_stereo,Modulation 24 Stereo,Indexed,0.0,1.0,0.0,Off,9607,0.9988563110833854,9584,0.9988535695674831
modulation_24_stereo,Modulation 24 Stereo,Indexed,0.0,1.0,1.0,On,11,0.0011436889166146808,11,0.0011464304325169358
modulation_25_bipolar,Modulation 25 Bipolar,Indexed,0.0,1.0,0.0,Off,9489,0.9865876481597006,9467,0.9866597186034393
modulation_25_bipolar,Modulation 25 Bipolar,Indexed,0.0,1.0,1.0,On,129,0.013412351840299439,128,0.013340281396560709
modulation_25_bypass,Modulation 25 Bypass,Indexed,0.0,1.0,0.0,Off,9611,0.9992721979621543,9588,0.9992704533611256
modulation_25_bypass,Modulation 25 Bypass,Indexed,0.0,1.0,1.0,On,7,0.000727802037845706,7,0.0007295466388744137
modulation_25_stereo,Modulation 25 Stereo,Indexed,0.0,1.0,0.0,Off,9607,0.9988563110833854,9584,0.9988535695674831
modulation_25_stereo,Modulation 25 Stereo,Indexed,0.0,1.0,1.0,On,11,0.0011436889166146808,11,0.0011464304325169358
modulation_26_bipolar,Modulation 26 Bipolar,Indexed,0.0,1.0,0.0,Off,9528,0.990642545227698,9505,0.9906201146430432
modulation_26_bipolar,Modulation 26 Bipolar,Indexed,0.0,1.0,1.0,On,90,0.009357454772301934,90,0.009379885356956748
modulation_26_bypass,Modulation 26 Bypass,Indexed,0.0,1.0,0.0,Off,9610,0.999168226242462,9587,0.999166232412715
modulation_26_bypass,Modulation 26 Bypass,Indexed,0.0,1.0,1.0,On,8,0.0008317737575379496,8,0.0008337675872850443
modulation_26_stereo,Modulation 26 Stereo,Indexed,0.0,1.0,0.0,Off,9606,0.9987523393636931,9583,0.9987493486190724
modulation_26_stereo,Modulation 26 Stereo,Indexed,0.0,1.0,1.0,On,12,0.0012476606363069245,12,0.0012506513809275664
modulation_27_bipolar,Modulation 27 Bipolar,Indexed,0.0,1.0,0.0,Off,9523,0.9901226866292369,9500,0.9900990099009901
modulation_27_bipolar,Modulation 27 Bipolar,Indexed,0.0,1.0,1.0,On,95,0.009877313370763153,95,0.009900990099009901
modulation_27_bypass,Modulation 27 Bypass,Indexed,0.0,1.0,0.0,Off,9610,0.999168226242462,9587,0.999166232412715
modulation_27_bypass,Modulation 27 Bypass,Indexed,0.0,1.0,1.0,On,8,0.0008317737575379496,8,0.0008337675872850443
modulation_27_stereo,Modulation 27 Stereo,Indexed,0.0,1.0,0.0,Off,9604,0.9985443959243085,9581,0.9985409067222512
modulation_27_stereo,Modulation 27 Stereo,Indexed,0.0,1.0,1.0,On,14,0.001455604075691412,14,0.0014590932777488275
modulation_28_bipolar,Modulation 28 Bipolar,Indexed,0.0,1.0,0.0,Off,9520,0.9898107714701602,9497,0.9897863470557582
modulation_28_bipolar,Modulation 28 Bipolar,Indexed,0.0,1.0,1.0,On,98,0.010189228529839884,98,0.010213652944241793
modulation_28_bypass,Modulation 28 Bypass,Indexed,0.0,1.0,0.0,Off,9615,0.9996880848409233,9592,0.9996873371547681
modulation_28_bypass,Modulation 28 Bypass,Indexed,0.0,1.0,1.0,On,3,0.00031191515907673113,3,0.0003126628452318916
modulation_28_stereo,Modulation 28 Stereo,Indexed,0.0,1.0,0.0,Off,9602,0.9983364524849241,9579,0.9983324648254299
modulation_28_stereo,Modulation 28 Stereo,Indexed,0.0,1.0,1.0,On,16,0.0016635475150758993,16,0.0016675351745700886
modulation_29_bipolar,Modulation 29 Bipolar,Indexed,0.0,1.0,0.0,Off,9485,0.9861717612809315,9462,0.9861386138613861
modulation_29_bipolar,Modulation 29 Bipolar,Indexed,0.0,1.0,1.0,On,133,0.013828238719068414,133,0.013861386138613862
modulation_29_bypass,Modulation 29 Bypass,Indexed,0.0,1.0,0.0,Off,9611,0.9992721979621543,9588,0.9992704533611256
modulation_29_bypass,Modulation 29 Bypass,Indexed,0.0,1.0,1.0,On,7,0.000727802037845706,7,0.0007295466388744137
modulation_29_stereo,Modulation 29 Stereo,Indexed,0.0,1.0,0.0,Off,9605,0.9986483676440008,9582,0.9986451276706618
modulation_29_stereo,Modulation 29 Stereo,Indexed,0.0,1.0,1.0,On,13,0.0013516323559991683,13,0.001354872329338197
modulation_2_bipolar,Modulation 2 Bipolar,Indexed,0.0,1.0,0.0,Off,9006,0.9363693075483468,8984,0.9363210005211048
modulation_2_bipolar,Modulation 2 Bipolar,Indexed,0.0,1.0,1.0,On,612,0.06363069245165315,611,0.06367899947889526
modulation_2_bypass,Modulation 2 Bypass,Indexed,0.0,1.0,0.0,Off,9578,0.9958411312123102,9555,0.9958311620635748
modulation_2_bypass,Modulation 2 Bypass,Indexed,0.0,1.0,1.0,On,40,0.004158868787689748,40,0.004168837936425221
modulation_2_stereo,Modulation 2 Stereo,Indexed,0.0,1.0,0.0,Off,9560,0.9939696402578498,9537,0.9939551849921834
modulation_2_stereo,Modulation 2 Stereo,Indexed,0.0,1.0,1.0,On,58,0.0060303597421501355,58,0.006044815007816571
modulation_30_bipolar,Modulation 30 Bipolar,Indexed,0.0,1.0,0.0,Off,9536,0.991474318985236,9513,0.9914538822303283
modulation_30_bipolar,Modulation 30 Bipolar,Indexed,0.0,1.0,1.0,On,82,0.008525681014763984,82,0.008546117769671704
modulation_30_bypass,Modulation 30 Bypass,Indexed,0.0,1.0,0.0,Off,9612,0.9993761696818465,9589,0.9993746743095362
modulation_30_bypass,Modulation 30 Bypass,Indexed,0.0,1.0,1.0,On,6,0.0006238303181534623,6,0.0006253256904637832
modulation_30_stereo,Modulation 30 Stereo,Indexed,0.0,1.0,0.0,Off,9613,0.9994801414015387,9590,0.9994788952579469
modulation_30_stereo,Modulation 30 Stereo,Indexed,0.0,1.0,1.0,On,5,0.0005198585984612185,5,0.0005211047420531526
modulation_31_bipolar,Modulation 31 Bipolar,Indexed,0.0,1.0,0.0,Off,9553,0.9932418382200041,9530,0.993225638353309
modulation_31_bipolar,Modulation 31 Bipolar,Indexed,0.0,1.0,1.0,On,65,0.006758161779995841,65,0.006774361646690985
modulation_31_bypass,Modulation 31 Bypass,Indexed,0.0,1.0,0.0,Off,9608,0.9989602828030776,9585,0.9989577905158937
modulation_31_bypass,Modulation 31 Bypass,Indexed,0.0,1.0,1.0,On,10,0.001039717196922437,10,0.0010422094841063053
modulation_31_stereo,Modulation 31 Stereo,Indexed,0.0,1.0,0.0,Off,9609,0.9990642545227698,9586,0.9990620114643043
modulation_31_stereo,Modulation 31 Stereo,Indexed,0.0,1.0,1.0,On,9,0.0009357454772301934,9,0.0009379885356956748
modulation_32_bipolar,Modulation 32 Bipolar,Indexed,0.0,1.0,0.0,Off,9536,0.991474318985236,9513,0.9914538822303283
modulation_32_bipolar,Modulation 32 Bipolar,Indexed,0.0,1.0,1.0,On,82,0.008525681014763984,82,0.008546117769671704
modulation_32_bypass,Modulation 32 Bypass,Indexed,0.0,1.0,0.0,Off,9614,0.9995841131212311,9591,0.9995831162063574
modulation_32_bypass,Modulation 32 Bypass,Indexed,0.0,1.0,1.0,On,4,0.0004158868787689748,4,0.00041688379364252214
modulation_32_stereo,Modulation 32 Stereo,Indexed,0.0,1.0,0.0,Off,9609,0.9990642545227698,9586,0.9990620114643043
modulation_32_stereo,Modulation 32 Stereo,Indexed,0.0,1.0,1.0,On,9,0.0009357454772301934,9,0.0009379885356956748
modulation_33_bipolar,Modulation 33 Bipolar,Indexed,0.0,1.0,0.0,Off,9546,0.9925140361821585,9523,0.9924960917144346
modulation_33_bipolar,Modulation 33 Bipolar,Indexed,0.0,1.0,1.0,On,72,0.007485963817841547,72,0.007503908285565399
modulation_33_bypass,Modulation 33 Bypass,Indexed,0.0,1.0,0.0,Off,9610,0.999168226242462,9587,0.999166232412715
modulation_33_bypass,Modulation 33 Bypass,Indexed,0.0,1.0,1.0,On,8,0.0008317737575379496,8,0.0008337675872850443
modulation_33_stereo,Modulation 33 Stereo,Indexed,0.0,1.0,0.0,Off,9613,0.9994801414015387,9590,0.9994788952579469
modulation_33_stereo,Modulation 33 Stereo,Indexed,0.0,1.0,1.0,On,5,0.0005198585984612185,5,0.0005211047420531526
modulation_34_bipolar,Modulation 34 Bipolar,Indexed,0.0,1.0,0.0,Off,9555,0.9934497816593887,9532,0.9934340802501302
modulation_34_bipolar,Modulation 34 Bipolar,Indexed,0.0,1.0,1.0,On,63,0.006550218340611353,63,0.0065659197498697235
modulation_34_bypass,Modulation 34 Bypass,Indexed,0.0,1.0,0.0,Off,9614,0.9995841131212311,9591,0.9995831162063574
modulation_34_bypass,Modulation 34 Bypass,Indexed,0.0,1.0,1.0,On,4,0.0004158868787689748,4,0.00041688379364252214
modulation_34_stereo,Modulation 34 Stereo,Indexed,0.0,1.0,0.0,Off,9614,0.9995841131212311,9591,0.9995831162063574
modulation_34_stereo,Modulation 34 Stereo,Indexed,0.0,1.0,1.0,On,4,0.0004158868787689748,4,0.00041688379364252214
modulation_35_bipolar,Modulation 35 Bipolar,Indexed,0.0,1.0,0.0,Off,9553,0.9932418382200041,9530,0.993225638353309
modulation_35_bipolar,Modulation 35 Bipolar,Indexed,0.0,1.0,1.0,On,65,0.006758161779995841,65,0.006774361646690985
modulation_35_bypass,Modulation 35 Bypass,Indexed,0.0,1.0,0.0,Off,9615,0.9996880848409233,9592,0.9996873371547681
modulation_35_bypass,Modulation 35 Bypass,Indexed,0.0,1.0,1.0,On,3,0.00031191515907673113,3,0.0003126628452318916
modulation_35_stereo,Modulation 35 Stereo,Indexed,0.0,1.0,0.0,Off,9611,0.9992721979621543,9588,0.9992704533611256
modulation_35_stereo,Modulation 35 Stereo,Indexed,0.0,1.0,1.0,On,7,0.000727802037845706,7,0.0007295466388744137
modulation_36_bipolar,Modulation 36 Bipolar,Indexed,0.0,1.0,0.0,Off,9564,0.9943855271366189,9541,0.994372068785826
modulation_36_bipolar,Modulation 36 Bipolar,Indexed,0.0,1.0,1.0,On,54,0.0056144728633811605,54,0.005627931214174049
modulation_36_bypass,Modulation 36 Bypass,Indexed,0.0,1.0,0.0,Off,9613,0.9994801414015387,9590,0.9994788952579469
modulation_36_bypass,Modulation 36 Bypass,Indexed,0.0,1.0,1.0,On,5,0.0005198585984612185,5,0.0005211047420531526
modulation_36_stereo,Modulation 36 Stereo,Indexed,0.0,1.0,0.0,Off,9615,0.9996880848409233,9592,0.9996873371547681
modulation_36_stereo,Modulation 36 Stereo,Indexed,0.0,1.0,1.0,On,3,0.00031191515907673113,3,0.0003126628452318916
modulation_37_bipolar,Modulation 37 Bipolar,Indexed,0.0,1.0,0.0,Off,9555,0.9934497816593887,9532,0.9934340802501302
modulation_37_bipolar,Modulation 37 Bipolar,Indexed,0.0,1.0,1.0,On,63,0.006550218340611353,63,0.0065659197498697235
modulation_37_bypass,Modulation 37 Bypass,Indexed,0.0,1.0,0.0,Off,9616,0.9997920565606155,9593,0.9997915581031788
modulation_37_bypass,Modulation 37 Bypass,Indexed,0.0,1.0,1.0,On,2,0.0002079434393844874,2,0.00020844189682126107
modulation_37_stereo,Modulation 37 Stereo,Indexed,0.0,1.0,0.0,Off,9609,0.9990642545227698,9586,0.9990620114643043
modulation_37_stereo,Modulation 37 Stereo,Indexed,0.0,1.0,1.0,On,9,0.0009357454772301934,9,0.0009379885356956748
modulation_38_bipolar,Modulation 38 Bipolar,Indexed,0.0,1.0,0.0,Off,9572,0.9952173008941568,9549,0.995205836373111
modulation_38_bipolar,Modulation 38 Bipolar,Indexed,0.0,1.0,1.0,On,46,0.0047826991058432106,46,0.004794163626889005
modulation_38_bypass,Modulation 38 Bypass,Indexed,0.0,1.0,0.0,Off,9616,0.9997920565606155,9593,0.9997915581031788
modulation_38_bypass,Modulation 38 Bypass,Indexed,0.0,1.0,1.0,On,2,0.0002079434393844874,2,0.00020844189682126107
modulation_38_stereo,Modulation 38 Stereo,Indexed,0.0,1.0,0.0,Off,9611,0.9992721979621543,9588,0.9992704533611256
modulation_38_stereo,Modulation 38 Stereo,Indexed,0.0,1.0,1.0,On,7,0.000727802037845706,7,0.0007295466388744137
modulation_39_bipolar,Modulation 39 Bipolar,Indexed,0.0,1.0,0.0,Off,9573,0.9953212726138491,9550,0.9953100573215217
modulation_39_bipolar,Modulation 39 Bipolar,Indexed,0.0,1.0,1.0,On,45,0.004678727386150967,45,0.004689942678478374
modulation_39_bypass,Modulation 39 Bypass,Indexed,0.0,1.0,0.0,Off,9617,0.9998960282803078,9594,0.9998957790515893
modulation_39_bypass,Modulation 39 Bypass,Indexed,0.0,1.0,1.0,On,1,0.0001039717196922437,1,0.00010422094841063054
modulation_39_stereo,Modulation 39 Stereo,Indexed,0.0,1.0,0.0,Off,9610,0.999168226242462,9587,0.999166232412715
modulation_39_stereo,Modulation 39 Stereo,Indexed,0.0,1.0,1.0,On,8,0.0008317737575379496,8,0.0008337675872850443
modulation_3_bipolar,Modulation 3 Bipolar,Indexed,0.0,1.0,0.0,Off,9086,0.9446870451237264,9063,0.9445544554455445
modulation_3_bipolar,Modulation 3 Bipolar,Indexed,0.0,1.0,1.0,On,532,0.055312954876273655,532,0.055445544554455446
modulation_3_bypass,Modulation 3 Bypass,Indexed,0.0,1.0,0.0,Off,9558,0.9937616968184654,9535,0.9937467430953622
modulation_3_bypass,Modulation 3 Bypass,Indexed,0.0,1.0,1.0,On,60,0.006238303181534623,60,0.006253256904637832
modulation_3_stereo,Modulation 3 Stereo,Indexed,0.0,1.0,0.0,Off,9572,0.9952173008941568,9549,0.995205836373111
modulation_3_stereo,Modulation 3 Stereo,Indexed,0.0,1.0,1.0,On,46,0.0047826991058432106,46,0.004794163626889005
modulation_40_bipolar,Modulation 40 Bipolar,Indexed,0.0,1.0,0.0,Off,9568,0.9948014140153878,9545,0.9947889525794684
modulation_40_bipolar,Modulation 40 Bipolar,Indexed,0.0,1.0,1.0,On,50,0.0051985859846121855,50,0.005211047420531527
modulation_40_bypass,Modulation 40 Bypass,Indexed,0.0,1.0,0.0,Off,9615,0.9996880848409233,9592,0.9996873371547681
modulation_40_bypass,Modulation 40 Bypass,Indexed,0.0,1.0,1.0,On,3,0.00031191515907673113,3,0.0003126628452318916
modulation_40_stereo,Modulation 40 Stereo,Indexed,0.0,1.0,0.0,Off,9615,0.9996880848409233,9592,0.9996873371547681
modulation_40_stereo,Modulation 40 Stereo,Indexed,0.0,1.0,1.0,On,3,0.00031191515907673113,3,0.0003126628452318916
modulation_41_bipolar,Modulation 41 Bipolar,Indexed,0.0,1.0,0.0,Off,9563,0.9942815554169266,9540,0.9942678478374153
modulation_41_bipolar,Modulation 41 Bipolar,Indexed,0.0,1.0,1.0,On,55,0.005718444583073404,55,0.005732152162584679
modulation_41_bypass,Modulation 41 Bypass,Indexed,0.0,1.0,0.0,Off,9617,0.9998960282803078,9594,0.9998957790515893
modulation_41_bypass,Modulation 41 Bypass,Indexed,0.0,1.0,1.0,On,1,0.0001039717196922437,1,0.00010422094841063054
modulation_41_stereo,Modulation 41 Stereo,Indexed,0.0,1.0,0.0,Off,9613,0.9994801414015387,9590,0.9994788952579469
modulation_41_stereo,Modulation 41 Stereo,Indexed,0.0,1.0,1.0,On,5,0.0005198585984612185,5,0.0005211047420531526
modulation_42_bipolar,Modulation 42 Bipolar,Indexed,0.0,1.0,0.0,Off,9573,0.9953212726138491,9550,0.9953100573215217
modulation_42_bipolar,Modulation 42 Bipolar,Indexed,0.0,1.0,1.0,On,45,0.004678727386150967,45,0.004689942678478374
modulation_42_bypass,Modulation 42 Bypass,Indexed,0.0,1.0,0.0,Off,9618,1.0,9595,1.0
modulation_42_stereo,Modulation 42 Stereo,Indexed,0.0,1.0,0.0,Off,9612,0.9993761696818465,9589,0.9993746743095362
modulation_42_stereo,Modulation 42 Stereo,Indexed,0.0,1.0,1.0,On,6,0.0006238303181534623,6,0.0006253256904637832
modulation_43_bipolar,Modulation 43 Bipolar,Indexed,0.0,1.0,0.0,Off,9586,0.9966729049698482,9563,0.9966649296508598
modulation_43_bipolar,Modulation 43 Bipolar,Indexed,0.0,1.0,1.0,On,32,0.0033270950301517986,32,0.003335070349140177
modulation_43_bypass,Modulation 43 Bypass,Indexed,0.0,1.0,0.0,Off,9616,0.9997920565606155,9593,0.9997915581031788
modulation_43_bypass,Modulation 43 Bypass,Indexed,0.0,1.0,1.0,On,2,0.0002079434393844874,2,0.00020844189682126107
modulation_43_stereo,Modulation 43 Stereo,Indexed,0.0,1.0,0.0,Off,9616,0.9997920565606155,9593,0.9997915581031788
modulation_43_stereo,Modulation 43 Stereo,Indexed,0.0,1.0,1.0,On,2,0.0002079434393844874,2,0.00020844189682126107
modulation_44_bipolar,Modulation 44 Bipolar,Indexed,0.0,1.0,0.0,Off,9583,0.9963609898107715,9560,0.9963522668056279
modulation_44_bipolar,Modulation 44 Bipolar,Indexed,0.0,1.0,1.0,On,35,0.00363901018922853,35,0.0036477331943720686
modulation_44_bypass,Modulation 44 Bypass,Indexed,0.0,1.0,0.0,Off,9618,1.0,9595,1.0
modulation_44_stereo,Modulation 44 Stereo,Indexed,0.0,1.0,0.0,Off,9616,0.9997920565606155,9593,0.9997915581031788
modulation_44_stereo,Modulation 44 Stereo,Indexed,0.0,1.0,1.0,On,2,0.0002079434393844874,2,0.00020844189682126107
modulation_45_bipolar,Modulation 45 Bipolar,Indexed,0.0,1.0,0.0,Off,9581,0.996153046371387,9558,0.9961438249088067
modulation_45_bipolar,Modulation 45 Bipolar,Indexed,0.0,1.0,1.0,On,37,0.0038469536286130173,37,0.0038561750911933297
modulation_45_bypass,Modulation 45 Bypass,Indexed,0.0,1.0,0.0,Off,9618,1.0,9595,1.0
modulation_45_stereo,Modulation 45 Stereo,Indexed,0.0,1.0,0.0,Off,9615,0.9996880848409233,9592,0.9996873371547681
modulation_45_stereo,Modulation 45 Stereo,Indexed,0.0,1.0,1.0,On,3,0.00031191515907673113,3,0.0003126628452318916
modulation_46_bipolar,Modulation 46 Bipolar,Indexed,0.0,1.0,0.0,Off,9578,0.9958411312123102,9555,0.9958311620635748
modulation_46_bipolar,Modulation 46 Bipolar,Indexed,0.0,1.0,1.0,On,40,0.004158868787689748,40,0.004168837936425221
modulation_46_bypass,Modulation 46 Bypass,Indexed,0.0,1.0,0.0,Off,9617,0.9998960282803078,9594,0.9998957790515893
modulation_46_bypass,Modulation 46 Bypass,Indexed,0.0,1.0,1.0,On,1,0.0001039717196922437,1,0.00010422094841063054
modulation_46_stereo,Modulation 46 Stereo,Indexed,0.0,1.0,0.0,Off,9614,0.9995841131212311,9591,0.9995831162063574
modulation_46_stereo,Modulation 46 Stereo,Indexed,0.0,1.0,1.0,On,4,0.0004158868787689748,4,0.00041688379364252214
modulation_47_bipolar,Modulation 47 Bipolar,Indexed,0.0,1.0,0.0,Off,9596,0.9977126221667706,9573,0.9977071391349661
modulation_47_bipolar,Modulation 47 Bipolar,Indexed,0.0,1.0,1.0,On,22,0.0022873778332293615,22,0.0022928608650338717
modulation_47_bypass,Modulation 47 Bypass,Indexed,0.0,1.0,0.0,Off,9616,0.9997920565606155,9593,0.9997915581031788
modulation_47_bypass,Modulation 47 Bypass,Indexed,0.0,1.0,1.0,On,2,0.0002079434393844874,2,0.00020844189682126107
modulation_47_stereo,Modulation 47 Stereo,Indexed,0.0,1.0,0.0,Off,9614,0.9995841131212311,9591,0.9995831162063574
modulation_47_stereo,Modulation 47 Stereo,Indexed,0.0,1.0,1.0,On,4,0.0004158868787689748,4,0.00041688379364252214
modulation_48_bipolar,Modulation 48 Bipolar,Indexed,0.0,1.0,0.0,Off,9578,0.9958411312123102,9555,0.9958311620635748
modulation_48_bipolar,Modulation 48 Bipolar,Indexed,0.0,1.0,1.0,On,40,0.004158868787689748,40,0.004168837936425221
modulation_48_bypass,Modulation 48 Bypass,Indexed,0.0,1.0,0.0,Off,9618,1.0,9595,1.0
modulation_48_stereo,Modulation 48 Stereo,Indexed,0.0,1.0,0.0,Off,9614,0.9995841131212311,9591,0.9995831162063574
modulation_48_stereo,Modulation 48 Stereo,Indexed,0.0,1.0,1.0,On,4,0.0004158868787689748,4,0.00041688379364252214
modulation_49_bipolar,Modulation 49 Bipolar,Indexed,0.0,1.0,0.0,Off,9589,0.996984820128925,9566,0.9969775924960917
modulation_49_bipolar,Modulation 49 Bipolar,Indexed,0.0,1.0,1.0,On,29,0.0030151798710750678,29,0.0030224075039082857
modulation_49_bypass,Modulation 49 Bypass,Indexed,0.0,1.0,0.0,Off,9618,1.0,9595,1.0
modulation_49_stereo,Modulation 49 Stereo,Indexed,0.0,1.0,0.0,Off,9618,1.0,9595,1.0
modulation_4_bipolar,Modulation 4 Bipolar,Indexed,0.0,1.0,0.0,Off,9142,0.950509461426492,9119,0.9503908285565399
modulation_4_bipolar,Modulation 4 Bipolar,Indexed,0.0,1.0,1.0,On,476,0.049490538573508006,476,0.04960917144346014
modulation_4_bypass,Modulation 4 Bypass,Indexed,0.0,1.0,0.0,Off,9573,0.9953212726138491,9550,0.9953100573215217
modulation_4_bypass,Modulation 4 Bypass,Indexed,0.0,1.0,1.0,On,45,0.004678727386150967,45,0.004689942678478374
modulation_4_stereo,Modulation 4 Stereo,Indexed,0.0,1.0,0.0,Off,9572,0.9952173008941568,9549,0.995205836373111
modulation_4_stereo,Modulation 4 Stereo,Indexed,0.0,1.0,1.0,On,46,0.0047826991058432106,46,0.004794163626889005
modulation_50_bipolar,Modulation 50 Bipolar,Indexed,0.0,1.0,0.0,Off,9596,0.9977126221667706,9573,0.9977071391349661
modulation_50_bipolar,Modulation 50 Bipolar,Indexed,0.0,1.0,1.0,On,22,0.0022873778332293615,22,0.0022928608650338717
modulation_50_bypass,Modulation 50 Bypass,Indexed,0.0,1.0,0.0,Off,9618,1.0,9595,1.0
modulation_50_stereo,Modulation 50 Stereo,Indexed,0.0,1.0,0.0,Off,9617,0.9998960282803078,9594,0.9998957790515893
modulation_50_stereo,Modulation 50 Stereo,Indexed,0.0,1.0,1.0,On,1,0.0001039717196922437,1,0.00010422094841063054
modulation_51_bipolar,Modulation 51 Bipolar,Indexed,0.0,1.0,0.0,Off,9593,0.9974007070076939,9570,0.9973944762897342
modulation_51_bipolar,Modulation 51 Bipolar,Indexed,0.0,1.0,1.0,On,25,0.0025992929923060928,25,0.0026055237102657635
modulation_51_bypass,Modulation 51 Bypass,Indexed,0.0,1.0,0.0,Off,9617,0.9998960282803078,9594,0.9998957790515893
modulation_51_bypass,Modulation 51 Bypass,Indexed,0.0,1.0,1.0,On,1,0.0001039717196922437,1,0.00010422094841063054
modulation_51_stereo,Modulation 51 Stereo,Indexed,0.0,1.0,0.0,Off,9617,0.9998960282803078,9594,0.9998957790515893
modulation_51_stereo,Modulation 51 Stereo,Indexed,0.0,1.0,1.0,On,1,0.0001039717196922437,1,0.00010422094841063054
modulation_52_bipolar,Modulation 52 Bipolar,Indexed,0.0,1.0,0.0,Off,9595,0.9976086504470784,9572,0.9976029181865554
modulation_52_bipolar,Modulation 52 Bipolar,Indexed,0.0,1.0,1.0,On,23,0.0023913495529216053,23,0.0023970818134445024
modulation_52_bypass,Modulation 52 Bypass,Indexed,0.0,1.0,0.0,Off,9617,0.9998960282803078,9594,0.9998957790515893
modulation_52_bypass,Modulation 52 Bypass,Indexed,0.0,1.0,1.0,On,1,0.0001039717196922437,1,0.00010422094841063054
modulation_52_stereo,Modulation 52 Stereo,Indexed,0.0,1.0,0.0,Off,9618,1.0,9595,1.0
modulation_53_bipolar,Modulation 53 Bipolar,Indexed,0.0,1.0,0.0,Off,9595,0.9976086504470784,9572,0.9976029181865554
modulation_53_bipolar,Modulation 53 Bipolar,Indexed,0.0,1.0,1.0,On,23,0.0023913495529216053,23,0.0023970818134445024
modulation_53_bypass,Modulation 53 Bypass,Indexed,0.0,1.0,0.0,Off,9616,0.9997920565606155,9593,0.9997915581031788
modulation_53_bypass,Modulation 53 Bypass,Indexed,0.0,1.0,1.0,On,2,0.0002079434393844874,2,0.00020844189682126107
modulation_53_stereo,Modulation 53 Stereo,Indexed,0.0,1.0,0.0,Off,9618,1.0,9595,1.0
modulation_54_bipolar,Modulation 54 Bipolar,Indexed,0.0,1.0,0.0,Off,9605,0.9986483676440008,9582,0.9986451276706618
modulation_54_bipolar,Modulation 54 Bipolar,Indexed,0.0,1.0,1.0,On,13,0.0013516323559991683,13,0.001354872329338197
modulation_54_bypass,Modulation 54 Bypass,Indexed,0.0,1.0,0.0,Off,9617,0.9998960282803078,9594,0.9998957790515893
modulation_54_bypass,Modulation 54 Bypass,Indexed,0.0,1.0,1.0,On,1,0.0001039717196922437,1,0.00010422094841063054
modulation_54_stereo,Modulation 54 Stereo,Indexed,0.0,1.0,0.0,Off,9618,1.0,9595,1.0
modulation_55_bipolar,Modulation 55 Bipolar,Indexed,0.0,1.0,0.0,Off,9613,0.9994801414015387,9590,0.9994788952579469
modulation_55_bipolar,Modulation 55 Bipolar,Indexed,0.0,1.0,1.0,On,5,0.0005198585984612185,5,0.0005211047420531526
modulation_55_bypass,Modulation 55 Bypass,Indexed,0.0,1.0,0.0,Off,9618,1.0,9595,1.0
modulation_55_stereo,Modulation 55 Stereo,Indexed,0.0,1.0,0.0,Off,9618,1.0,9595,1.0
modulation_56_bipolar,Modulation 56 Bipolar,Indexed,0.0,1.0,0.0,Off,9610,0.999168226242462,9587,0.999166232412715
modulation_56_bipolar,Modulation 56 Bipolar,Indexed,0.0,1.0,1.0,On,8,0.0008317737575379496,8,0.0008337675872850443
modulation_56_bypass,Modulation 56 Bypass,Indexed,0.0,1.0,0.0,Off,9618,1.0,9595,1.0
modulation_56_stereo,Modulation 56 Stereo,Indexed,0.0,1.0,0.0,Off,9617,0.9998960282803078,9594,0.9998957790515893
modulation_56_stereo,Modulation 56 Stereo,Indexed,0.0,1.0,1.0,On,1,0.0001039717196922437,1,0.00010422094841063054
modulation_57_bipolar,Modulation 57 Bipolar,Indexed,0.0,1.0,0.0,Off,9610,0.999168226242462,9587,0.999166232412715
modulation_57_bipolar,Modulation 57 Bipolar,Indexed,0.0,1.0,1.0,On,8,0.0008317737575379496,8,0.0008337675872850443
modulation_57_bypass,Modulation 57 Bypass,Indexed,0.0,1.0,0.0,Off,9618,1.0,9595,1.0
modulation_57_stereo,Modulation 57 Stereo,Indexed,0.0,1.0,0.0,Off,9618,1.0,9595,1.0
modulation_58_bipolar,Modulation 58 Bipolar,Indexed,0.0,1.0,0.0,Off,9613,0.9994801414015387,9590,0.9994788952579469
modulation_58_bipolar,Modulation 58 Bipolar,Indexed,0.0,1.0,1.0,On,5,0.0005198585984612185,5,0.0005211047420531526
modulation_58_bypass,Modulation 58 Bypass,Indexed,0.0,1.0,0.0,Off,9618,1.0,9595,1.0
modulation_58_stereo,Modulation 58 Stereo,Indexed,0.0,1.0,0.0,Off,9617,0.9998960282803078,9594,0.9998957790515893
modulation_58_stereo,Modulation 58 Stereo,Indexed,0.0,1.0,1.0,On,1,0.0001039717196922437,1,0.00010422094841063054
modulation_59_bipolar,Modulation 59 Bipolar,Indexed,0.0,1.0,0.0,Off,9595,0.9976086504470784,9572,0.9976029181865554
modulation_59_bipolar,Modulation 59 Bipolar,Indexed,0.0,1.0,1.0,On,23,0.0023913495529216053,23,0.0023970818134445024
modulation_59_bypass,Modulation 59 Bypass,Indexed,0.0,1.0,0.0,Off,9618,1.0,9595,1.0
modulation_59_stereo,Modulation 59 Stereo,Indexed,0.0,1.0,0.0,Off,9618,1.0,9595,1.0
modulation_5_bipolar,Modulation 5 Bipolar,Indexed,0.0,1.0,0.0,Off,9092,0.9453108754418799,9069,0.9451797811360083
modulation_5_bipolar,Modulation 5 Bipolar,Indexed,0.0,1.0,1.0,On,526,0.054689124558120195,526,0.05482021886399166
modulation_5_bypass,Modulation 5 Bypass,Indexed,0.0,1.0,0.0,Off,9558,0.9937616968184654,9535,0.9937467430953622
modulation_5_bypass,Modulation 5 Bypass,Indexed,0.0,1.0,1.0,On,60,0.006238303181534623,60,0.006253256904637832
modulation_5_stereo,Modulation 5 Stereo,Indexed,0.0,1.0,0.0,Off,9561,0.9940736119775421,9538,0.994059405940594
modulation_5_stereo,Modulation 5 Stereo,Indexed,0.0,1.0,1.0,On,57,0.005926388022457892,57,0.005940594059405941
modulation_60_bipolar,Modulation 60 Bipolar,Indexed,0.0,1.0,0.0,Off,9615,0.9996880848409233,9592,0.9996873371547681
modulation_60_bipolar,Modulation 60 Bipolar,Indexed,0.0,1.0,1.0,On,3,0.00031191515907673113,3,0.0003126628452318916
modulation_60_bypass,Modulation 60 Bypass,Indexed,0.0,1.0,0.0,Off,9618,1.0,9595,1.0
modulation_60_stereo,Modulation 60 Stereo,Indexed,0.0,1.0,0.0,Off,9618,1.0,9595,1.0
modulation_61_bipolar,Modulation 61 Bipolar,Indexed,0.0,1.0,0.0,Off,9612,0.9993761696818465,9589,0.9993746743095362
modulation_61_bipolar,Modulation 61 Bipolar,Indexed,0.0,1.0,1.0,On,6,0.0006238303181534623,6,0.0006253256904637832
modulation_61_bypass,Modulation 61 Bypass,Indexed,0.0,1.0,0.0,Off,9618,1.0,9595,1.0
modulation_61_stereo,Modulation 61 Stereo,Indexed,0.0,1.0,0.0,Off,9618,1.0,9595,1.0
modulation_62_bipolar,Modulation 62 Bipolar,Indexed,0.0,1.0,0.0,Off,9615,0.9996880848409233,9592,0.9996873371547681
modulation_62_bipolar,Modulation 62 Bipolar,Indexed,0.0,1.0,1.0,On,3,0.00031191515907673113,3,0.0003126628452318916
modulation_62_bypass,Modulation 62 Bypass,Indexed,0.0,1.0,0.0,Off,9618,1.0,9595,1.0
modulation_62_stereo,Modulation 62 Stereo,Indexed,0.0,1.0,0.0,Off,9618,1.0,9595,1.0
modulation_63_bipolar,Modulation 63 Bipolar,Indexed,0.0,1.0,0.0,Off,9608,0.9989602828030776,9585,0.9989577905158937
modulation_63_bipolar,Modulation 63 Bipolar,Indexed,0.0,1.0,1.0,On,10,0.001039717196922437,10,0.0010422094841063053
modulation_63_bypass,Modulation 63 Bypass,Indexed,0.0,1.0,0.0,Off,9618,1.0,9595,1.0
modulation_63_stereo,Modulation 63 Stereo,Indexed,0.0,1.0,0.0,Off,9618,1.0,9595,1.0
modulation_64_bipolar,Modulation 64 Bipolar,Indexed,0.0,1.0,0.0,Off,9615,0.9996880848409233,9592,0.9996873371547681
modulation_64_bipolar,Modulation 64 Bipolar,Indexed,0.0,1.0,1.0,On,3,0.00031191515907673113,3,0.0003126628452318916
modulation_64_bypass,Modulation 64 Bypass,Indexed,0.0,1.0,0.0,Off,9617,0.9998960282803078,9594,0.9998957790515893
modulation_64_bypass,Modulation 64 Bypass,Indexed,0.0,1.0,1.0,On,1,0.0001039717196922437,1,0.00010422094841063054
modulation_64_stereo,Modulation 64 Stereo,Indexed,0.0,1.0,0.0,Off,9618,1.0,9595,1.0
modulation_6_bipolar,Modulation 6 Bipolar,Indexed,0.0,1.0,0.0,Off,9163,0.9526928675400291,9140,0.9525794684731631
modulation_6_bipolar,Modulation 6 Bipolar,Indexed,0.0,1.0,1.0,On,455,0.04730713245997089,455,0.047420531526836895
modulation_6_bypass,Modulation 6 Bypass,Indexed,0.0,1.0,0.0,Off,9570,0.9950093574547723,9547,0.9949973944762898
modulation_6_bypass,Modulation 6 Bypass,Indexed,0.0,1.0,1.0,On,48,0.004990642545227698,48,0.0050026055237102655
modulation_6_stereo,Modulation 6 Stereo,Indexed,0.0,1.0,0.0,Off,9565,0.9944894988563111,9542,0.9944762897342366
modulation_6_stereo,Modulation 6 Stereo,Indexed,0.0,1.0,1.0,On,53,0.005510501143688917,53,0.0055237102657634185
modulation_7_bipolar,Modulation 7 Bipolar,Indexed,0.0,1.0,0.0,Off,9222,0.9588271990018715,9199,0.9587285044293903
modulation_7_bipolar,Modulation 7 Bipolar,Indexed,0.0,1.0,1.0,On,396,0.041172800998128506,396,0.04127149557060969
modulation_7_bypass,Modulation 7 Bypass,Indexed,0.0,1.0,0.0,Off,9576,0.9956331877729258,9553,0.9956227201667536
modulation_7_bypass,Modulation 7 Bypass,Indexed,0.0,1.0,1.0,On,42,0.004366812227074236,42,0.004377279833246483
modulation_7_stereo,Modulation 7 Stereo,Indexed,0.0,1.0,0.0,Off,9592,0.9972967352880017,9569,0.9972902553413237
modulation_7_stereo,Modulation 7 Stereo,Indexed,0.0,1.0,1.0,On,26,0.0027032647119983365,26,0.002709744658676394
modulation_8_bipolar,Modulation 8 Bipolar,Indexed,0.0,1.0,0.0,Off,9257,0.9624662091911,9236,0.9625846795205837
modulation_8_bipolar,Modulation 8 Bipolar,Indexed,0.0,1.0,1.0,On,361,0.03753379080889998,359,0.03741532047941636
modulation_8_bypass,Modulation 8 Bypass,Indexed,0.0,1.0,0.0,Off,9592,0.9972967352880017,9569,0.9972902553413237
modulation_8_bypass,Modulation 8 Bypass,Indexed,0.0,1.0,1.0,On,26,0.0027032647119983365,26,0.002709744658676394
modulation_8_stereo,Modulation 8 Stereo,Indexed,0.0,1.0,0.0,Off,9586,0.9966729049698482,9563,0.9966649296508598
modulation_8_stereo,Modulation 8 Stereo,Indexed,0.0,1.0,1.0,On,32,0.0033270950301517986,32,0.003335070349140177
modulation_9_bipolar,Modulation 9 Bipolar,Indexed,0.0,1.0,0.0,Off,9274,0.9642337284258682,9253,0.9643564356435643
modulation_9_bipolar,Modulation 9 Bipolar,Indexed,0.0,1.0,1.0,On,344,0.035766271574131835,342,0.03564356435643564
modulation_9_bypass,Modulation 9 Bypass,Indexed,0.0,1.0,0.0,Off,9597,0.9978165938864629,9574,0.9978113600833768
modulation_9_bypass,Modulation 9 Bypass,Indexed,0.0,1.0,1.0,On,21,0.002183406113537118,21,0.0021886399166232413
modulation_9_stereo,Modulation 9 Stereo,Indexed,0.0,1.0,0.0,Off,9581,0.996153046371387,9558,0.9961438249088067
modulation_9_stereo,Modulation 9 Stereo,Indexed,0.0,1.0,1.0,On,37,0.0038469536286130173,37,0.0038561750911933297
mpe_enabled,MPE Enabled,Indexed,0.0,1.0,0.0,Off,9574,0.9954252443335413,9551,0.9954142782699322
mpe_enabled,MPE Enabled,Indexed,0.0,1.0,1.0,On,44,0.004574755666458723,44,0.004585721730067743
osc_1_destination,Oscillator 1 Destination,Indexed,0.0,13.0,0.0,FILTER 1,7545,0.7844666250779788,7526,0.7843668577384054
osc_1_destination,Oscillator 1 Destination,Indexed,0.0,13.0,1.0,FILTER 2,505,0.05250571844458307,505,0.05263157894736842
osc_1_destination,Oscillator 1 Destination,Indexed,0.0,13.0,2.0,FILTER 1+2,775,0.08057808276148888,774,0.08066701406982804
osc_1_destination,Oscillator 1 Destination,Indexed,0.0,13.0,3.0,EFFECTS,730,0.0758993553753379,727,0.0757686294945284
osc_1_destination,Oscillator 1 Destination,Indexed,0.0,13.0,4.0,DIRECT OUT,63,0.006550218340611353,63,0.0065659197498697235
osc_1_distortion_type,Oscillator 1 Distortion Type,Indexed,0.0,12.0,0.0,None,5712,0.5938864628820961,5696,0.5936425221469516
osc_1_distortion_type,Oscillator 1 Distortion Type,Indexed,0.0,12.0,1.0,Sync,707,0.0735080058224163,706,0.07357998957790515
osc_1_distortion_type,Oscillator 1 Distortion Type,Indexed,0.0,12.0,10.0,RM <- Osc,120,0.012476606363069246,120,0.012506513809275664
osc_1_distortion_type,Oscillator 1 Distortion Type,Indexed,0.0,12.0,11.0,RM <- Osc,38,0.003950925348305261,38,0.0039603960396039604
osc_1_distortion_type,Oscillator 1 Distortion Type,Indexed,0.0,12.0,12.0,RM <- Sample,86,0.008941567893532959,86,0.008963001563314227
osc_1_distortion_type,Oscillator 1 Distortion Type,Indexed,0.0,12.0,2.0,Formant,395,0.04106882927843627,394,0.04106305367378843
osc_1_distortion_type,Oscillator 1 Distortion Type,Indexed,0.0,12.0,3.0,Quantize,182,0.018922852983988356,182,0.018968212610734756
osc_1_distortion_type,Oscillator 1 Distortion Type,Indexed,0.0,12.0,4.0,Bend,344,0.035766271574131835,343,0.03574778530484628
osc_1_distortion_type,Oscillator 1 Distortion Type,Indexed,0.0,12.0,5.0,Squeeze,226,0.023497608650447078,226,0.023553934340802503
osc_1_distortion_type,Oscillator 1 Distortion Type,Indexed,0.0,12.0,6.0,Pulse,168,0.017467248908296942,168,0.01750911933298593
osc_1_distortion_type,Oscillator 1 Distortion Type,Indexed,0.0,12.0,7.0,FM <- Osc,1289,0.13401954668330215,1286,0.13402813965607088
osc_1_distortion_type,Oscillator 1 Distortion Type,Indexed,0.0,12.0,8.0,FM <- Osc,203,0.021106259097525473,202,0.021052631578947368
osc_1_distortion_type,Oscillator 1 Distortion Type,Indexed,0.0,12.0,9.0,FM <- Sample,148,0.01538781451445207,148,0.015424700364773319
osc_1_midi_track,Oscillator 1 Midi Track,Indexed,0.0,1.0,0.0,Off,125,0.012996464961530464,125,0.013027618551328817
osc_1_midi_track,Oscillator 1 Midi Track,Indexed,0.0,1.0,1.0,On,9493,0.9870035350384695,9470,0.9869723814486712
osc_1_on,Oscillator 1 Switch,Indexed,0.0,1.0,0.0,Off,395,0.04106882927843627,395,0.04116727462219906
osc_1_on,Oscillator 1 Switch,Indexed,0.0,1.0,1.0,On,9223,0.9589311707215638,9200,0.958832725377801
osc_1_smooth_interpolation,Oscillator 1 Smooth Interpolation,Indexed,0.0,1.0,0.0,Off,9014,0.9372010813058848,8993,0.9372589890568004
osc_1_smooth_interpolation,Oscillator 1 Smooth Interpolation,Indexed,0.0,1.0,1.0,On,604,0.0627989186941152,602,0.06274101094319959
osc_1_spectral_morph_type,Oscillator 1 Frequency Morph Type,Indexed,0.0,11.0,0.0,None,6385,0.6638594302349761,6364,0.6632621156852527
osc_1_spectral_morph_type,Oscillator 1 Frequency Morph Type,Indexed,0.0,11.0,1.0,Vocode,353,0.03670201705136203,352,0.036685773840541946
osc_1_spectral_morph_type,Oscillator 1 Frequency Morph Type,Indexed,0.0,11.0,10.0,Shepard Tone,91,0.009461426491994178,91,0.009484106305367378
osc_1_spectral_morph_type,Oscillator 1 Frequency Morph Type,Indexed,0.0,11.0,11.0,Spectral Time Skew,93,0.009669369931378666,93,0.00969254820218864
osc_1_spectral_morph_type,Oscillator 1 Frequency Morph Type,Indexed,0.0,11.0,12.0,,94,0.009773341651070909,94,0.009796769150599271
osc_1_spectral_morph_type,Oscillator 1 Frequency Morph Type,Indexed,0.0,11.0,13.0,,100,0.010397171969224371,100,0.010422094841063054
osc_1_spectral_morph_type,Oscillator 1 Frequency Morph Type,Indexed,0.0,11.0,14.0,,30,0.0031191515907673115,30,0.003126628452318916
osc_1_spectral_morph_type,Oscillator 1 Frequency Morph Type,Indexed,0.0,11.0,15.0,,87,0.009045539613225203,87,0.009067222511724857
osc_1_spectral_morph_type,Oscillator 1 Frequency Morph Type,Indexed,0.0,11.0,2.0,Formant Scale,532,0.055312954876273655,532,0.055445544554455446
osc_1_spectral_morph_type,Oscillator 1 Frequency Morph Type,Indexed,0.0,11.0,3.0,Harmonic Stretch,401,0.04169265959658973,401,0.041792600312662846
osc_1_spectral_morph_type,Oscillator 1 Frequency Morph Type,Indexed,0.0,11.0,4.0,Inharmonic Stretch,297,0.030879600748596383,297,0.03095362167795727
osc_1_spectral_morph_type,Oscillator 1 Frequency Morph Type,Indexed,0.0,11.0,5.0,Smear,379,0.03940528176336037,378,0.039395518499218345
osc_1_spectral_morph_type,Oscillator 1 Frequency Morph Type,Indexed,0.0,11.0,6.0,Random Amplitudes,222,0.023081721771678103,222,0.02313705054715998
osc_1_spectral_morph_type,Oscillator 1 Frequency Morph Type,Indexed,0.0,11.0,7.0,Low Pass,343,0.03566229985443959,343,0.03574778530484628
osc_1_spectral_morph_type,Oscillator 1 Frequency Morph Type,Indexed,0.0,11.0,8.0,High Pass,71,0.007381992098149303,71,0.007399687337154768
osc_1_spectral_morph_type,Oscillator 1 Frequency Morph Type,Indexed,0.0,11.0,9.0,Phase Disperse,140,0.01455604075691412,140,0.014590932777488274
osc_1_spectral_unison,Oscillator 1 Spectral Unison,Indexed,0.0,1.0,0.0,Off,9,0.0009357454772301934,9,0.0009379885356956748
osc_1_spectral_unison,Oscillator 1 Spectral Unison,Indexed,0.0,1.0,1.0,On,9598,0.9979205656061552,9575,0.9979155810317873
osc_1_spectral_unison,Oscillator 1 Spectral Unison,Indexed,0.0,1.0,2.0,,11,0.0011436889166146808,11,0.0011464304325169358
osc_1_stack_style,Oscillator 1 Stack Style,Indexed,0.0,10.0,0.0,Unison,9132,0.9494697442295695,9110,0.9494528400208442
osc_1_stack_style,Oscillator 1 Stack Style,Indexed,0.0,10.0,1.0,Center Drop 12,85,0.008837596173840716,85,0.008858780614903595
osc_1_stack_style,Oscillator 1 Stack Style,Indexed,0.0,10.0,10.0,Odd Harmonics,75,0.007797878976918278,75,0.007816571130797291
osc_1_stack_style,Oscillator 1 Stack Style,Indexed,0.0,10.0,11.0,,41,0.004262840507381992,41,0.004273058884835852
osc_1_stack_style,Oscillator 1 Stack Style,Indexed,0.0,10.0,12.0,,32,0.0033270950301517986,31,0.003230849400729547
osc_1_stack_style,Oscillator 1 Stack Style,Indexed,0.0,10.0,2.0,Center Drop 24,22,0.0022873778332293615,22,0.0022928608650338717
osc_1_stack_style,Oscillator 1 Stack Style,Indexed,0.0,10.0,3.0,Octave,76,0.007901850696610521,76,0.007920792079207921
osc_1_stack_style,Oscillator 1 Stack Style,Indexed,0.0,10.0,4.0,2x Octave,27,0.0028072364316905803,27,0.0028139656070870246
osc_1_stack_style,Oscillator 1 Stack Style,Indexed,0.0,10.0,5.0,Power Chord,27,0.0028072364316905803,27,0.0028139656070870246
osc_1_stack_style,Oscillator 1 Stack Style,Indexed,0.0,10.0,6.0,2x Power Chord,26,0.0027032647119983365,26,0.002709744658676394
osc_1_stack_style,Oscillator 1 Stack Style,Indexed,0.0,10.0,7.0,Major Chord,17,0.001767519234768143,17,0.0017717561229807191
osc_1_stack_style,Oscillator 1 Stack Style,Indexed,0.0,10.0,8.0,Minor Chord,12,0.0012476606363069245,12,0.0012506513809275664
osc_1_stack_style,Oscillator 1 Stack Style,Indexed,0.0,10.0,9.0,Harmonics,46,0.0047826991058432106,46,0.004794163626889005
osc_1_transpose,Oscillator 1 Transpose,Indexed,-48.0,48.0,-1.0,,19,0.0019754626741526303,19,0.0019801980198019802
osc_1_transpose,Oscillator 1 Transpose,Indexed,-48.0,48.0,-10.0,,21,0.002183406113537118,21,0.0021886399166232413
osc_1_transpose,Oscillator 1 Transpose,Indexed,-48.0,48.0,-11.0,,9,0.0009357454772301934,9,0.0009379885356956748
osc_1_transpose,Oscillator 1 Transpose,Indexed,-48.0,48.0,-12.0,,1550,0.16115616552297776,1546,0.16112558624283482
osc_1_transpose,Oscillator 1 Transpose,Indexed,-48.0,48.0,-13.0,,11,0.0011436889166146808,11,0.0011464304325169358
osc_1_transpose,Oscillator 1 Transpose,Indexed,-48.0,48.0,-14.0,,14,0.001455604075691412,14,0.0014590932777488275
osc_1_transpose,Oscillator 1 Transpose,Indexed,-48.0,48.0,-15.0,,9,0.0009357454772301934,9,0.0009379885356956748
osc_1_transpose,Oscillator 1 Transpose,Indexed,-48.0,48.0,-16.0,,32,0.0033270950301517986,32,0.003335070349140177
osc_1_transpose,Oscillator 1 Transpose,Indexed,-48.0,48.0,-17.0,,4,0.0004158868787689748,4,0.00041688379364252214
osc_1_transpose,Oscillator 1 Transpose,Indexed,-48.0,48.0,-18.0,,15,0.0015595757953836558,15,0.001563314226159458
osc_1_transpose,Oscillator 1 Transpose,Indexed,-48.0,48.0,-19.0,,18,0.0018714909544603868,18,0.0018759770713913497
osc_1_transpose,Oscillator 1 Transpose,Indexed,-48.0,48.0,-2.0,,10,0.001039717196922437,10,0.0010422094841063053
osc_1_transpose,Oscillator 1 Transpose,Indexed,-48.0,48.0,-20.0,,34,0.003535038469536286,34,0.0035435122459614382
osc_1_transpose,Oscillator 1 Transpose,Indexed,-48.0,48.0,-21.0,,11,0.0011436889166146808,11,0.0011464304325169358
osc_1_transpose,Oscillator 1 Transpose,Indexed,-48.0,48.0,-22.0,,23,0.0023913495529216053,23,0.0023970818134445024
osc_1_transpose,Oscillator 1 Transpose,Indexed,-48.0,48.0,-23.0,,13,0.0013516323559991683,13,0.001354872329338197
osc_1_transpose,Oscillator 1 Transpose,Indexed,-48.0,48.0,-24.0,,1453,0.1510709087128301,1448,0.150911933298593
osc_1_transpose,Oscillator 1 Transpose,Indexed,-48.0,48.0,-25.0,,9,0.0009357454772301934,9,0.0009379885356956748
osc_1_transpose,Oscillator 1 Transpose,Indexed,-48.0,48.0,-26.0,,8,0.0008317737575379496,8,0.0008337675872850443
osc_1_transpose,Oscillator 1 Transpose,Indexed,-48.0,48.0,-27.0,,7,0.000727802037845706,7,0.0007295466388744137
osc_1_transpose,Oscillator 1 Transpose,Indexed,-48.0,48.0,-28.0,,6,0.0006238303181534623,6,0.0006253256904637832
osc_1_transpose,Oscillator 1 Transpose,Indexed,-48.0,48.0,-29.0,,10,0.001039717196922437,10,0.0010422094841063053
osc_1_transpose,Oscillator 1 Transpose,Indexed,-48.0,48.0,-3.0,,10,0.001039717196922437,10,0.0010422094841063053
osc_1_transpose,Oscillator 1 Transpose,Indexed,-48.0,48.0,-30.0,,5,0.0005198585984612185,5,0.0005211047420531526
osc_1_transpose,Oscillator 1 Transpose,Indexed,-48.0,48.0,-31.0,,3,0.00031191515907673113,3,0.0003126628452318916
osc_1_transpose,Oscillator 1 Transpose,Indexed,-48.0,48.0,-32.0,,7,0.000727802037845706,7,0.0007295466388744137
osc_1_transpose,Oscillator 1 Transpose,Indexed,-48.0,48.0,-33.0,,4,0.0004158868787689748,4,0.00041688379364252214
osc_1_transpose,Oscillator 1 Transpose,Indexed,-48.0,48.0,-34.0,,3,0.00031191515907673113,3,0.0003126628452318916
osc_1_transpose,Oscillator 1 Transpose,Indexed,-48.0,48.0,-35.0,,3,0.00031191515907673113,3,0.0003126628452318916
osc_1_transpose,Oscillator 1 Transpose,Indexed,-48.0,48.0,-36.0,,147,0.015283842794759825,147,0.015320479416362689
osc_1_transpose,Oscillator 1 Transpose,Indexed,-48.0,48.0,-37.0,,3,0.00031191515907673113,3,0.0003126628452318916
osc_1_transpose,Oscillator 1 Transpose,Indexed,-48.0,48.0,-38.0,,4,0.0004158868787689748,4,0.00041688379364252214
osc_1_transpose,Oscillator 1 Transpose,Indexed,-48.0,48.0,-4.0,,14,0.001455604075691412,14,0.0014590932777488275
osc_1_transpose,Oscillator 1 Transpose,Indexed,-48.0,48.0,-40.0,,1,0.0001039717196922437,1,0.00010422094841063054
osc_1_transpose,Oscillator 1 Transpose,Indexed,-48.0,48.0,-41.0,,1,0.0001039717196922437,1,0.00010422094841063054
osc_1_transpose,Oscillator 1 Transpose,Indexed,-48.0,48.0,-42.0,,4,0.0004158868787689748,4,0.00041688379364252214
osc_1_transpose,Oscillator 1 Transpose,Indexed,-48.0,48.0,-43.0,,4,0.0004158868787689748,4,0.00041688379364252214
osc_1_transpose,Oscillator 1 Transpose,Indexed,-48.0,48.0,-44.0,,1,0.0001039717196922437,1,0.00010422094841063054
osc_1_transpose,Oscillator 1 Transpose,Indexed,-48.0,48.0,-45.0,,1,0.0001039717196922437,1,0.00010422094841063054
osc_1_transpose,Oscillator 1 Transpose,Indexed,-48.0,48.0,-47.0,,2,0.0002079434393844874,2,0.00020844189682126107
osc_1_transpose,Oscillator 1 Transpose,Indexed,-48.0,48.0,-48.0,,89,0.00925348305260969,89,0.009275664408546118
osc_1_transpose,Oscillator 1 Transpose,Indexed,-48.0,48.0,-5.0,,24,0.002495321272613849,24,0.0025013027618551328
osc_1_transpose,Oscillator 1 Transpose,Indexed,-48.0,48.0,-6.0,,19,0.0019754626741526303,19,0.0019801980198019802
osc_1_transpose,Oscillator 1 Transpose,Indexed,-48.0,48.0,-7.0,,13,0.0013516323559991683,13,0.001354872329338197
osc_1_transpose,Oscillator 1 Transpose,Indexed,-48.0,48.0,-8.0,,17,0.001767519234768143,17,0.0017717561229807191
osc_1_transpose,Oscillator 1 Transpose,Indexed,-48.0,48.0,-9.0,,18,0.0018714909544603868,18,0.0018759770713913497
osc_1_transpose,Oscillator 1 Transpose,Indexed,-48.0,48.0,0.0,,4971,0.5168434185901435,4961,0.5170401250651381
osc_1_transpose,Oscillator 1 Transpose,Indexed,-48.0,48.0,1.0,,9,0.0009357454772301934,9,0.0009379885356956748
osc_1_transpose,Oscillator 1 Transpose,Indexed,-48.0,48.0,10.0,,13,0.0013516323559991683,13,0.001354872329338197
osc_1_transpose,Oscillator 1 Transpose,Indexed,-48.0,48.0,11.0,,4,0.0004158868787689748,4,0.00041688379364252214
osc_1_transpose,Oscillator 1 Transpose,Indexed,-48.0,48.0,12.0,,612,0.06363069245165315,609,0.063470557582074
osc_1_transpose,Oscillator 1 Transpose,Indexed,-48.0,48.0,13.0,,5,0.0005198585984612185,5,0.0005211047420531526
osc_1_transpose,Oscillator 1 Transpose,Indexed,-48.0,48.0,14.0,,8,0.0008317737575379496,8,0.0008337675872850443
osc_1_transpose,Oscillator 1 Transpose,Indexed,-48.0,48.0,15.0,,4,0.0004158868787689748,4,0.00041688379364252214
osc_1_transpose,Oscillator 1 Transpose,Indexed,-48.0,48.0,16.0,,2,0.0002079434393844874,2,0.00020844189682126107
osc_1_transpose,Oscillator 1 Transpose,Indexed,-48.0,48.0,17.0,,3,0.00031191515907673113,2,0.00020844189682126107
osc_1_transpose,Oscillator 1 Transpose,Indexed,-48.0,48.0,18.0,,2,0.0002079434393844874,2,0.00020844189682126107
osc_1_transpose,Oscillator 1 Transpose,Indexed,-48.0,48.0,19.0,,7,0.000727802037845706,7,0.0007295466388744137
osc_1_transpose,Oscillator 1 Transpose,Indexed,-48.0,48.0,2.0,,8,0.0008317737575379496,8,0.0008337675872850443
osc_1_transpose,Oscillator 1 Transpose,Indexed,-48.0,48.0,20.0,,4,0.0004158868787689748,4,0.00041688379364252214
osc_1_transpose,Oscillator 1 Transpose,Indexed,-48.0,48.0,21.0,,2,0.0002079434393844874,2,0.00020844189682126107
osc_1_transpose,Oscillator 1 Transpose,Indexed,-48.0,48.0,22.0,,4,0.0004158868787689748,4,0.00041688379364252214
osc_1_transpose,Oscillator 1 Transpose,Indexed,-48.0,48.0,23.0,,1,0.0001039717196922437,1,0.00010422094841063054
osc_1_transpose,Oscillator 1 Transpose,Indexed,-48.0,48.0,24.0,,126,0.013100436681222707,126,0.013131839499739447
osc_1_transpose,Oscillator 1 Transpose,Indexed,-48.0,48.0,27.0,,4,0.0004158868787689748,4,0.00041688379364252214
osc_1_transpose,Oscillator 1 Transpose,Indexed,-48.0,48.0,28.0,,2,0.0002079434393844874,2,0.00020844189682126107
osc_1_transpose,Oscillator 1 Transpose,Indexed,-48.0,48.0,29.0,,5,0.0005198585984612185,5,0.0005211047420531526
osc_1_transpose,Oscillator 1 Transpose,Indexed,-48.0,48.0,3.0,,7,0.000727802037845706,7,0.0007295466388744137
osc_1_transpose,Oscillator 1 Transpose,Indexed,-48.0,48.0,30.0,,1,0.0001039717196922437,1,0.00010422094841063054
osc_1_transpose,Oscillator 1 Transpose,Indexed,-48.0,48.0,31.0,,1,0.0001039717196922437,1,0.00010422094841063054
osc_1_transpose,Oscillator 1 Transpose,Indexed,-48.0,48.0,33.0,,2,0.0002079434393844874,2,0.00020844189682126107
osc_1_transpose,Oscillator 1 Transpose,Indexed,-48.0,48.0,36.0,,15,0.0015595757953836558,15,0.001563314226159458
osc_1_transpose,Oscillator 1 Transpose,Indexed,-48.0,48.0,37.0,,1,0.0001039717196922437,1,0.00010422094841063054
osc_1_transpose,Oscillator 1 Transpose,Indexed,-48.0,48.0,38.0,,1,0.0001039717196922437,1,0.00010422094841063054
osc_1_transpose,Oscillator 1 Transpose,Indexed,-48.0,48.0,4.0,,7,0.000727802037845706,7,0.0007295466388744137
osc_1_transpose,Oscillator 1 Transpose,Indexed,-48.0,48.0,40.0,,3,0.00031191515907673113,3,0.0003126628452318916
osc_1_transpose,Oscillator 1 Transpose,Indexed,-48.0,48.0,42.0,,1,0.0001039717196922437,1,0.00010422094841063054
osc_1_transpose,Oscillator 1 Transpose,Indexed,-48.0,48.0,43.0,,2,0.0002079434393844874,2,0.00020844189682126107
osc_1_transpose,Oscillator 1 Transpose,Indexed,-48.0,48.0,46.0,,1,0.0001039717196922437,1,0.00010422094841063054
osc_1_transpose,Oscillator 1 Transpose,Indexed,-48.0,48.0,48.0,,26,0.0027032647119983365,26,0.002709744658676394
osc_1_transpose,Oscillator 1 Transpose,Indexed,-48.0,48.0,5.0,,10,0.001039717196922437,10,0.0010422094841063053
osc_1_transpose,Oscillator 1 Transpose,Indexed,-48.0,48.0,6.0,,9,0.0009357454772301934,9,0.0009379885356956748
osc_1_transpose,Oscillator 1 Transpose,Indexed,-48.0,48.0,7.0,,32,0.0033270950301517986,32,0.003335070349140177
osc_1_transpose,Oscillator 1 Transpose,Indexed,-48.0,48.0,8.0,,4,0.0004158868787689748,4,0.00041688379364252214
osc_1_transpose,Oscillator 1 Transpose,Indexed,-48.0,48.0,9.0,,16,0.0016635475150758993,16,0.0016675351745700886
osc_1_transpose_quantize,Oscillator 1 Transpose Quantize,Indexed,0.0,8191.0,0.0,,9366,0.9737991266375546,9343,0.9737363210005211
osc_1_transpose_quantize,Oscillator 1 Transpose Quantize,Indexed,0.0,8191.0,1.0,,58,0.0060303597421501355,58,0.006044815007816571
osc_1_transpose_quantize,Oscillator 1 Transpose Quantize,Indexed,0.0,8191.0,1024.0,,2,0.0002079434393844874,2,0.00020844189682126107
osc_1_transpose_quantize,Oscillator 1 Transpose Quantize,Indexed,0.0,8191.0,1032.0,,2,0.0002079434393844874,2,0.00020844189682126107
osc_1_transpose_quantize,Oscillator 1 Transpose Quantize,Indexed,0.0,8191.0,1033.0,,1,0.0001039717196922437,1,0.00010422094841063054
osc_1_transpose_quantize,Oscillator 1 Transpose Quantize,Indexed,0.0,8191.0,1036.0,,1,0.0001039717196922437,1,0.00010422094841063054
osc_1_transpose_quantize,Oscillator 1 Transpose Quantize,Indexed,0.0,8191.0,1065.0,,1,0.0001039717196922437,1,0.00010422094841063054
osc_1_transpose_quantize,Oscillator 1 Transpose Quantize,Indexed,0.0,8191.0,1084.0,,1,0.0001039717196922437,1,0.00010422094841063054
osc_1_transpose_quantize,Oscillator 1 Transpose Quantize,Indexed,0.0,8191.0,1090.0,,1,0.0001039717196922437,1,0.00010422094841063054
osc_1_transpose_quantize,Oscillator 1 Transpose Quantize,Indexed,0.0,8191.0,1129.0,,1,0.0001039717196922437,1,0.00010422094841063054
osc_1_transpose_quantize,Oscillator 1 Transpose Quantize,Indexed,0.0,8191.0,1161.0,,5,0.0005198585984612185,5,0.0005211047420531526
osc_1_transpose_quantize,Oscillator 1 Transpose Quantize,Indexed,0.0,8191.0,1165.0,,2,0.0002079434393844874,2,0.00020844189682126107
osc_1_transpose_quantize,Oscillator 1 Transpose Quantize,Indexed,0.0,8191.0,1169.0,,1,0.0001039717196922437,1,0.00010422094841063054
osc_1_transpose_quantize,Oscillator 1 Transpose Quantize,Indexed,0.0,8191.0,1185.0,,1,0.0001039717196922437,1,0.00010422094841063054
osc_1_transpose_quantize,Oscillator 1 Transpose Quantize,Indexed,0.0,8191.0,1192.0,,1,0.0001039717196922437,1,0.00010422094841063054
osc_1_transpose_quantize,Oscillator 1 Transpose Quantize,Indexed,0.0,8191.0,1193.0,,3,0.00031191515907673113,3,0.0003126628452318916
osc_1_transpose_quantize,Oscillator 1 Transpose Quantize,Indexed,0.0,8191.0,1197.0,,3,0.00031191515907673113,3,0.0003126628452318916
osc_1_transpose_quantize,Oscillator 1 Transpose Quantize,Indexed,0.0,8191.0,1201.0,,1,0.0001039717196922437,1,0.00010422094841063054
osc_1_transpose_quantize,Oscillator 1 Transpose Quantize,Indexed,0.0,8191.0,128.0,,5,0.0005198585984612185,5,0.0005211047420531526
osc_1_transpose_quantize,Oscillator 1 Transpose Quantize,Indexed,0.0,8191.0,129.0,,3,0.00031191515907673113,3,0.0003126628452318916
osc_1_transpose_quantize,Oscillator 1 Transpose Quantize,Indexed,0.0,8191.0,1321.0,,1,0.0001039717196922437,1,0.00010422094841063054
osc_1_transpose_quantize,Oscillator 1 Transpose Quantize,Indexed,0.0,8191.0,1354.0,,2,0.0002079434393844874,2,0.00020844189682126107
osc_1_transpose_quantize,Oscillator 1 Transpose Quantize,Indexed,0.0,8191.0,137.0,,1,0.0001039717196922437,1,0.00010422094841063054
osc_1_transpose_quantize,Oscillator 1 Transpose Quantize,Indexed,0.0,8191.0,145.0,,1,0.0001039717196922437,1,0.00010422094841063054
osc_1_transpose_quantize,Oscillator 1 Transpose Quantize,Indexed,0.0,8191.0,1451.0,,1,0.0001039717196922437,1,0.00010422094841063054
osc_1_transpose_quantize,Oscillator 1 Transpose Quantize,Indexed,0.0,8191.0,1453.0,,3,0.00031191515907673113,3,0.0003126628452318916
osc_1_transpose_quantize,Oscillator 1 Transpose Quantize,Indexed,0.0,8191.0,16.0,,6,0.0006238303181534623,6,0.0006253256904637832
osc_1_transpose_quantize,Oscillator 1 Transpose Quantize,Indexed,0.0,8191.0,161.0,,2,0.0002079434393844874,2,0.00020844189682126107
osc_1_transpose_quantize,Oscillator 1 Transpose Quantize,Indexed,0.0,8191.0,169.0,,1,0.0001039717196922437,1,0.00010422094841063054
osc_1_transpose_quantize,Oscillator 1 Transpose Quantize,Indexed,0.0,8191.0,17.0,,1,0.0001039717196922437,1,0.00010422094841063054
osc_1_transpose_quantize,Oscillator 1 Transpose Quantize,Indexed,0.0,8191.0,1709.0,,1,0.0001039717196922437,1,0.00010422094841063054
osc_1_transpose_quantize,Oscillator 1 Transpose Quantize,Indexed,0.0,8191.0,1717.0,,1,0.0001039717196922437,1,0.00010422094841063054
osc_1_transpose_quantize,Oscillator 1 Transpose Quantize,Indexed,0.0,8191.0,18.0,,1,0.0001039717196922437,1,0.00010422094841063054
osc_1_transpose_quantize,Oscillator 1 Transpose Quantize,Indexed,0.0,8191.0,1857.0,,1,0.0001039717196922437,1,0.00010422094841063054
osc_1_transpose_quantize,Oscillator 1 Transpose Quantize,Indexed,0.0,8191.0,2048.0,,2,0.0002079434393844874,2,0.00020844189682126107
osc_1_transpose_quantize,Oscillator 1 Transpose Quantize,Indexed,0.0,8191.0,2049.0,,1,0.0001039717196922437,1,0.00010422094841063054
osc_1_transpose_quantize,Oscillator 1 Transpose Quantize,Indexed,0.0,8191.0,2177.0,,1,0.0001039717196922437,1,0.00010422094841063054
osc_1_transpose_quantize,Oscillator 1 Transpose Quantize,Indexed,0.0,8191.0,2181.0,,1,0.0001039717196922437,1,0.00010422094841063054
osc_1_transpose_quantize,Oscillator 1 Transpose Quantize,Indexed,0.0,8191.0,2192.0,,1,0.0001039717196922437,1,0.00010422094841063054
osc_1_transpose_quantize,Oscillator 1 Transpose Quantize,Indexed,0.0,8191.0,2193.0,,3,0.00031191515907673113,3,0.0003126628452318916
osc_1_transpose_quantize,Oscillator 1 Transpose Quantize,Indexed,0.0,8191.0,2197.0,,1,0.0001039717196922437,1,0.00010422094841063054
osc_1_transpose_quantize,Oscillator 1 Transpose Quantize,Indexed,0.0,8191.0,2245.0,,1,0.0001039717196922437,1,0.00010422094841063054
osc_1_transpose_quantize,Oscillator 1 Transpose Quantize,Indexed,0.0,8191.0,2283.0,,1,0.0001039717196922437,1,0.00010422094841063054
osc_1_transpose_quantize,Oscillator 1 Transpose Quantize,Indexed,0.0,8191.0,2313.0,,1,0.0001039717196922437,1,0.00010422094841063054
osc_1_transpose_quantize,Oscillator 1 Transpose Quantize,Indexed,0.0,8191.0,2337.0,,1,0.0001039717196922437,1,0.00010422094841063054
osc_1_transpose_quantize,Oscillator 1 Transpose Quantize,Indexed,0.0,8191.0,2477.0,,2,0.0002079434393844874,2,0.00020844189682126107
osc_1_transpose_quantize,Oscillator 1 Transpose Quantize,Indexed,0.0,8191.0,264.0,,1,0.0001039717196922437,1,0.00010422094841063054
osc_1_transpose_quantize,Oscillator 1 Transpose Quantize,Indexed,0.0,8191.0,2709.0,,2,0.0002079434393844874,2,0.00020844189682126107
osc_1_transpose_quantize,Oscillator 1 Transpose Quantize,Indexed,0.0,8191.0,274.0,,1,0.0001039717196922437,1,0.00010422094841063054
osc_1_transpose_quantize,Oscillator 1 Transpose Quantize,Indexed,0.0,8191.0,2741.0,,3,0.00031191515907673113,3,0.0003126628452318916
osc_1_transpose_quantize,Oscillator 1 Transpose Quantize,Indexed,0.0,8191.0,277.0,,1,0.0001039717196922437,1,0.00010422094841063054
osc_1_transpose_quantize,Oscillator 1 Transpose Quantize,Indexed,0.0,8191.0,2807.0,,1,0.0001039717196922437,1,0.00010422094841063054
osc_1_transpose_quantize,Oscillator 1 Transpose Quantize,Indexed,0.0,8191.0,291.0,,1,0.0001039717196922437,1,0.00010422094841063054
osc_1_transpose_quantize,Oscillator 1 Transpose Quantize,Indexed,0.0,8191.0,2935.0,,1,0.0001039717196922437,1,0.00010422094841063054
osc_1_transpose_quantize,Oscillator 1 Transpose Quantize,Indexed,0.0,8191.0,297.0,,2,0.0002079434393844874,2,0.00020844189682126107
osc_1_transpose_quantize,Oscillator 1 Transpose Quantize,Indexed,0.0,8191.0,3075.0,,1,0.0001039717196922437,1,0.00010422094841063054
osc_1_transpose_quantize,Oscillator 1 Transpose Quantize,Indexed,0.0,8191.0,32.0,,8,0.0008317737575379496,8,0.0008337675872850443
osc_1_transpose_quantize,Oscillator 1 Transpose Quantize,Indexed,0.0,8191.0,33.0,,2,0.0002079434393844874,2,0.00020844189682126107
osc_1_transpose_quantize,Oscillator 1 Transpose Quantize,Indexed,0.0,8191.0,3361.0,,1,0.0001039717196922437,1,0.00010422094841063054
osc_1_transpose_quantize,Oscillator 1 Transpose Quantize,Indexed,0.0,8191.0,344.0,,1,0.0001039717196922437,1,0.00010422094841063054
osc_1_transpose_quantize,Oscillator 1 Transpose Quantize,Indexed,0.0,8191.0,378.0,,1,0.0001039717196922437,1,0.00010422094841063054
osc_1_transpose_quantize,Oscillator 1 Transpose Quantize,Indexed,0.0,8191.0,393.0,,1,0.0001039717196922437,1,0.00010422094841063054
osc_1_transpose_quantize,Oscillator 1 Transpose Quantize,Indexed,0.0,8191.0,4.0,,3,0.00031191515907673113,3,0.0003126628452318916
osc_1_transpose_quantize,Oscillator 1 Transpose Quantize,Indexed,0.0,8191.0,4046.0,,2,0.0002079434393844874,2,0.00020844189682126107
osc_1_transpose_quantize,Oscillator 1 Transpose Quantize,Indexed,0.0,8191.0,409.0,,2,0.0002079434393844874,2,0.00020844189682126107
osc_1_transpose_quantize,Oscillator 1 Transpose Quantize,Indexed,0.0,8191.0,4094.0,,1,0.0001039717196922437,1,0.00010422094841063054
osc_1_transpose_quantize,Oscillator 1 Transpose Quantize,Indexed,0.0,8191.0,4095.0,,2,0.0002079434393844874,2,0.00020844189682126107
osc_1_transpose_quantize,Oscillator 1 Transpose Quantize,Indexed,0.0,8191.0,4096.0,,16,0.0016635475150758993,16,0.0016675351745700886
osc_1_transpose_quantize,Oscillator 1 Transpose Quantize,Indexed,0.0,8191.0,41.0,,1,0.0001039717196922437,1,0.00010422094841063054
osc_1_transpose_quantize,Oscillator 1 Transpose Quantize,Indexed,0.0,8191.0,4112.0,,1,0.0001039717196922437,1,0.00010422094841063054
osc_1_transpose_quantize,Oscillator 1 Transpose Quantize,Indexed,0.0,8191.0,4160.0,,1,0.0001039717196922437,1,0.00010422094841063054
osc_1_transpose_quantize,Oscillator 1 Transpose Quantize,Indexed,0.0,8191.0,4161.0,,1,0.0001039717196922437,1,0.00010422094841063054
osc_1_transpose_quantize,Oscillator 1 Transpose Quantize,Indexed,0.0,8191.0,4233.0,,1,0.0001039717196922437,1,0.00010422094841063054
osc_1_transpose_quantize,Oscillator 1 Transpose Quantize,Indexed,0.0,8191.0,43.0,,3,0.00031191515907673113,3,0.0003126628452318916
osc_1_transpose_quantize,Oscillator 1 Transpose Quantize,Indexed,0.0,8191.0,4525.0,,1,0.0001039717196922437,1,0.00010422094841063054
osc_1_transpose_quantize,Oscillator 1 Transpose Quantize,Indexed,0.0,8191.0,4608.0,,3,0.00031191515907673113,3,0.0003126628452318916
osc_1_transpose_quantize,Oscillator 1 Transpose Quantize,Indexed,0.0,8191.0,4612.0,,1,0.0001039717196922437,1,0.00010422094841063054
osc_1_transpose_quantize,Oscillator 1 Transpose Quantize,Indexed,0.0,8191.0,4624.0,,1,0.0001039717196922437,1,0.00010422094841063054
osc_1_transpose_quantize,Oscillator 1 Transpose Quantize,Indexed,0.0,8191.0,4678.0,,1,0.0001039717196922437,1,0.00010422094841063054
osc_1_transpose_quantize,Oscillator 1 Transpose Quantize,Indexed,0.0,8191.0,5.0,,1,0.0001039717196922437,1,0.00010422094841063054
osc_1_transpose_quantize,Oscillator 1 Transpose Quantize,Indexed,0.0,8191.0,512.0,,1,0.0001039717196922437,1,0.00010422094841063054
osc_1_transpose_quantize,Oscillator 1 Transpose Quantize,Indexed,0.0,8191.0,5120.0,,1,0.0001039717196922437,1,0.00010422094841063054
osc_1_transpose_quantize,Oscillator 1 Transpose Quantize,Indexed,0.0,8191.0,513.0,,2,0.0002079434393844874,2,0.00020844189682126107
osc_1_transpose_quantize,Oscillator 1 Transpose Quantize,Indexed,0.0,8191.0,5256.0,,1,0.0001039717196922437,1,0.00010422094841063054
osc_1_transpose_quantize,Oscillator 1 Transpose Quantize,Indexed,0.0,8191.0,528.0,,1,0.0001039717196922437,1,0.00010422094841063054
osc_1_transpose_quantize,Oscillator 1 Transpose Quantize,Indexed,0.0,8191.0,529.0,,1,0.0001039717196922437,1,0.00010422094841063054
osc_1_transpose_quantize,Oscillator 1 Transpose Quantize,Indexed,0.0,8191.0,545.0,,1,0.0001039717196922437,1,0.00010422094841063054
osc_1_transpose_quantize,Oscillator 1 Transpose Quantize,Indexed,0.0,8191.0,5450.0,,3,0.00031191515907673113,3,0.0003126628452318916
osc_1_transpose_quantize,Oscillator 1 Transpose Quantize,Indexed,0.0,8191.0,5483.0,,1,0.0001039717196922437,1,0.00010422094841063054
osc_1_transpose_quantize,Oscillator 1 Transpose Quantize,Indexed,0.0,8191.0,553.0,,1,0.0001039717196922437,1,0.00010422094841063054
osc_1_transpose_quantize,Oscillator 1 Transpose Quantize,Indexed,0.0,8191.0,5547.0,,1,0.0001039717196922437,1,0.00010422094841063054
osc_1_transpose_quantize,Oscillator 1 Transpose Quantize,Indexed,0.0,8191.0,5549.0,,1,0.0001039717196922437,1,0.00010422094841063054
osc_1_transpose_quantize,Oscillator 1 Transpose Quantize,Indexed,0.0,8191.0,5640.0,,1,0.0001039717196922437,1,0.00010422094841063054
osc_1_transpose_quantize,Oscillator 1 Transpose Quantize,Indexed,0.0,8191.0,565.0,,1,0.0001039717196922437,1,0.00010422094841063054
osc_1_transpose_quantize,Oscillator 1 Transpose Quantize,Indexed,0.0,8191.0,5680.0,,1,0.0001039717196922437,1,0.00010422094841063054
osc_1_transpose_quantize,Oscillator 1 Transpose Quantize,Indexed,0.0,8191.0,5721.0,,1,0.0001039717196922437,1,0.00010422094841063054
osc_1_transpose_quantize,Oscillator 1 Transpose Quantize,Indexed,0.0,8191.0,5815.0,,1,0.0001039717196922437,1,0.00010422094841063054
osc_1_transpose_quantize,Oscillator 1 Transpose Quantize,Indexed,0.0,8191.0,582.0,,1,0.0001039717196922437,1,0.00010422094841063054
osc_1_transpose_quantize,Oscillator 1 Transpose Quantize,Indexed,0.0,8191.0,6144.0,,1,0.0001039717196922437,1,0.00010422094841063054
osc_1_transpose_quantize,Oscillator 1 Transpose Quantize,Indexed,0.0,8191.0,64.0,,3,0.00031191515907673113,3,0.0003126628452318916
osc_1_transpose_quantize,Oscillator 1 Transpose Quantize,Indexed,0.0,8191.0,656.0,,2,0.0002079434393844874,2,0.00020844189682126107
osc_1_transpose_quantize,Oscillator 1 Transpose Quantize,Indexed,0.0,8191.0,661.0,,2,0.0002079434393844874,2,0.00020844189682126107
osc_1_transpose_quantize,Oscillator 1 Transpose Quantize,Indexed,0.0,8191.0,6673.0,,1,0.0001039717196922437,1,0.00010422094841063054
osc_1_transpose_quantize,Oscillator 1 Transpose Quantize,Indexed,0.0,8191.0,6693.0,,1,0.0001039717196922437,1,0.00010422094841063054
osc_1_transpose_quantize,Oscillator 1 Transpose Quantize,Indexed,0.0,8191.0,676.0,,1,0.0001039717196922437,1,0.00010422094841063054
osc_1_transpose_quantize,Oscillator 1 Transpose Quantize,Indexed,0.0,8191.0,68.0,,1,0.0001039717196922437,1,0.00010422094841063054
osc_1_transpose_quantize,Oscillator 1 Transpose Quantize,Indexed,0.0,8191.0,6837.0,,2,0.0002079434393844874,2,0.00020844189682126107
osc_1_transpose_quantize,Oscillator 1 Transpose Quantize,Indexed,0.0,8191.0,693.0,,3,0.00031191515907673113,3,0.0003126628452318916
osc_1_transpose_quantize,Oscillator 1 Transpose Quantize,Indexed,0.0,8191.0,7.0,,1,0.0001039717196922437,1,0.00010422094841063054
osc_1_transpose_quantize,Oscillator 1 Transpose Quantize,Indexed,0.0,8191.0,72.0,,1,0.0001039717196922437,1,0.00010422094841063054
osc_1_transpose_quantize,Oscillator 1 Transpose Quantize,Indexed,0.0,8191.0,8.0,,1,0.0001039717196922437,1,0.00010422094841063054
osc_1_transpose_quantize,Oscillator 1 Transpose Quantize,Indexed,0.0,8191.0,816.0,,1,0.0001039717196922437,1,0.00010422094841063054
osc_1_transpose_quantize,Oscillator 1 Transpose Quantize,Indexed,0.0,8191.0,8160.0,,1,0.0001039717196922437,1,0.00010422094841063054
osc_1_transpose_quantize,Oscillator 1 Transpose Quantize,Indexed,0.0,8191.0,819.0,,1,0.0001039717196922437,1,0.00010422094841063054
osc_1_transpose_quantize,Oscillator 1 Transpose Quantize,Indexed,0.0,8191.0,8191.0,,2,0.0002079434393844874,2,0.00020844189682126107
osc_1_transpose_quantize,Oscillator 1 Transpose Quantize,Indexed,0.0,8191.0,82.0,,1,0.0001039717196922437,1,0.00010422094841063054
osc_1_transpose_quantize,Oscillator 1 Transpose Quantize,Indexed,0.0,8191.0,9.0,,3,0.00031191515907673113,3,0.0003126628452318916
osc_1_unison_voices,Oscillator 1 Unison Voices,Indexed,1.0,16.0,1.0,,4606,0.47889374090247455,4592,0.47858259510161544
osc_1_unison_voices,Oscillator 1 Unison Voices,Indexed,1.0,16.0,10.0,,143,0.014867955915990851,141,0.014695153725898906
osc_1_unison_voices,Oscillator 1 Unison Voices,Indexed,1.0,16.0,11.0,,108,0.011228945726762321,108,0.011255862428348098
osc_1_unison_voices,Oscillator 1 Unison Voices,Indexed,1.0,16.0,12.0,,114,0.011852776044915784,114,0.011881188118811881
osc_1_unison_voices,Oscillator 1 Unison Voices,Indexed,1.0,16.0,13.0,,56,0.005822416302765648,56,0.00583637311099531
osc_1_unison_voices,Oscillator 1 Unison Voices,Indexed,1.0,16.0,14.0,,55,0.005718444583073404,55,0.005732152162584679
osc_1_unison_voices,Oscillator 1 Unison Voices,Indexed,1.0,16.0,15.0,,34,0.003535038469536286,34,0.0035435122459614382
osc_1_unison_voices,Oscillator 1 Unison Voices,Indexed,1.0,16.0,16.0,,864,0.08983156581409857,863,0.08994267847837416
osc_1_unison_voices,Oscillator 1 Unison Voices,Indexed,1.0,16.0,2.0,,748,0.07777084632979829,746,0.07774882751433038
osc_1_unison_voices,Oscillator 1 Unison Voices,Indexed,1.0,16.0,3.0,,608,0.06321480557288417,607,0.06326211568525274
osc_1_unison_voices,Oscillator 1 Unison Voices,Indexed,1.0,16.0,4.0,,538,0.055936785194427116,538,0.056070870244919226
osc_1_unison_voices,Oscillator 1 Unison Voices,Indexed,1.0,16.0,5.0,,405,0.0421085464753587,405,0.042209484106305366
osc_1_unison_voices,Oscillator 1 Unison Voices,Indexed,1.0,16.0,6.0,,324,0.03368683718028696,323,0.033663366336633666
osc_1_unison_voices,Oscillator 1 Unison Voices,Indexed,1.0,16.0,7.0,,367,0.03815762112705344,367,0.03824908806670141
osc_1_unison_voices,Oscillator 1 Unison Voices,Indexed,1.0,16.0,8.0,,435,0.04522769806612601,433,0.045127670661803024
osc_1_unison_voices,Oscillator 1 Unison Voices,Indexed,1.0,16.0,9.0,,213,0.022145976294447912,213,0.022199062011464304
osc_1_view_2d,Oscillator 1 View 2D,Indexed,0.0,2.0,0.0,Off,705,0.07330006238303181,705,0.07347576862949452
osc_1_view_2d,Oscillator 1 View 2D,Indexed,0.0,2.0,1.0,On,8796,0.9145352464129757,8773,0.9143303804064618
osc_1_view_2d,Oscillator 1 View 2D,Indexed,0.0,2.0,2.0,,117,0.012164691203992514,117,0.012193850964043773
osc_2_destination,Oscillator 2 Destination,Indexed,0.0,13.0,0.0,FILTER 1,2211,0.22988147223955085,2202,0.22949452840020845
osc_2_destination,Oscillator 2 Destination,Indexed,0.0,13.0,1.0,FILTER 2,4702,0.4888750259929299,4694,0.4892131318394997
osc_2_destination,Oscillator 2 Destination,Indexed,0.0,13.0,2.0,FILTER 1+2,1546,0.16074027864420878,1541,0.16060448150078166
osc_2_destination,Oscillator 2 Destination,Indexed,0.0,13.0,3.0,EFFECTS,1045,0.10865044707839468,1044,0.10880667014069828
osc_2_destination,Oscillator 2 Destination,Indexed,0.0,13.0,4.0,DIRECT OUT,113,0.011748804325223539,113,0.011776967170401251
osc_2_destination,Oscillator 2 Destination,Indexed,0.0,13.0,9.0,EQ,1,0.0001039717196922437,1,0.00010422094841063054
osc_2_distortion_type,Oscillator 2 Distortion Type,Indexed,0.0,12.0,0.0,None,6902,0.7176128093158661,6883,0.7173527879103699
osc_2_distortion_type,Oscillator 2 Distortion Type,Indexed,0.0,12.0,1.0,Sync,591,0.06144728633811603,587,0.061177696717040125
osc_2_distortion_type,Oscillator 2 Distortion Type,Indexed,0.0,12.0,10.0,RM <- Osc,91,0.009461426491994178,91,0.009484106305367378
osc_2_distortion_type,Oscillator 2 Distortion Type,Indexed,0.0,12.0,11.0,RM <- Osc,71,0.007381992098149303,71,0.007399687337154768
osc_2_distortion_type,Oscillator 2 Distortion Type,Indexed,0.0,12.0,12.0,RM <- Sample,68,0.007070076939072572,68,0.0070870244919228765
osc_2_distortion_type,Oscillator 2 Distortion Type,Indexed,0.0,12.0,2.0,Formant,318,0.0330630068621335,318,0.03314226159458051
osc_2_distortion_type,Oscillator 2 Distortion Type,Indexed,0.0,12.0,3.0,Quantize,173,0.017987107506758162,173,0.018030224075039084
osc_2_distortion_type,Oscillator 2 Distortion Type,Indexed,0.0,12.0,4.0,Bend,256,0.02661676024121439,256,0.026680562793121417
osc_2_distortion_type,Oscillator 2 Distortion Type,Indexed,0.0,12.0,5.0,Squeeze,165,0.017155333749220212,165,0.017196456487754037
osc_2_distortion_type,Oscillator 2 Distortion Type,Indexed,0.0,12.0,6.0,Pulse,140,0.01455604075691412,140,0.014590932777488274
osc_2_distortion_type,Oscillator 2 Distortion Type,Indexed,0.0,12.0,7.0,FM <- Osc,401,0.04169265959658973,401,0.041792600312662846
osc_2_distortion_type,Oscillator 2 Distortion Type,Indexed,0.0,12.0,8.0,FM <- Osc,346,0.035974215013516324,346,0.03606044815007817
osc_2_distortion_type,Oscillator 2 Distortion Type,Indexed,0.0,12.0,9.0,FM <- Sample,96,0.009981285090455396,96,0.010005211047420531
osc_2_midi_track,Oscillator 2 Midi Track,Indexed,0.0,1.0,0.0,Off,88,0.009149511332917446,88,0.009171443460135487
osc_2_midi_track,Oscillator 2 Midi Track,Indexed,0.0,1.0,1.0,On,9530,0.9908504886670826,9507,0.9908285565398645
osc_2_on,Oscillator 2 Switch,Indexed,0.0,1.0,0.0,Off,1897,0.19723435225618632,1893,0.1972902553413236
osc_2_on,Oscillator 2 Switch,Indexed,0.0,1.0,1.0,On,7721,0.8027656477438136,7702,0.8027097446586764
osc_2_smooth_interpolation,Oscillator 2 Smooth Interpolation,Indexed,0.0,1.0,0.0,Off,9204,0.9569557080474111,9182,0.9569567483064096
osc_2_smooth_interpolation,Oscillator 2 Smooth Interpolation,Indexed,0.0,1.0,1.0,On,414,0.043044291952588895,413,0.04304325169359041
osc_2_spectral_morph_type,Oscillator 2 Frequency Morph Type,Indexed,0.0,11.0,0.0,None,7092,0.7373674360573924,7073,0.7371547681083898
osc_2_spectral_morph_type,Oscillator 2 Frequency Morph Type,Indexed,0.0,11.0,1.0,Vocode,271,0.028176336036598044,269,0.028035435122459613
osc_2_spectral_morph_type,Oscillator 2 Frequency Morph Type,Indexed,0.0,11.0,10.0,Shepard Tone,62,0.00644624662091911,62,0.006461698801459094
osc_2_spectral_morph_type,Oscillator 2 Frequency Morph Type,Indexed,0.0,11.0,11.0,Spectral Time Skew,74,0.007693907257226035,74,0.007712350182386659
osc_2_spectral_morph_type,Oscillator 2 Frequency Morph Type,Indexed,0.0,11.0,12.0,,70,0.00727802037845706,70,0.007295466388744137
osc_2_spectral_morph_type,Oscillator 2 Frequency Morph Type,Indexed,0.0,11.0,13.0,,72,0.007485963817841547,72,0.007503908285565399
osc_2_spectral_morph_type,Oscillator 2 Frequency Morph Type,Indexed,0.0,11.0,14.0,,27,0.0028072364316905803,27,0.0028139656070870246
osc_2_spectral_morph_type,Oscillator 2 Frequency Morph Type,Indexed,0.0,11.0,15.0,,53,0.005510501143688917,53,0.0055237102657634185
osc_2_spectral_morph_type,Oscillator 2 Frequency Morph Type,Indexed,0.0,11.0,2.0,Formant Scale,354,0.036805988771054274,354,0.03689421573736321
osc_2_spectral_morph_type,Oscillator 2 Frequency Morph Type,Indexed,0.0,11.0,3.0,Harmonic Stretch,318,0.0330630068621335,318,0.03314226159458051
osc_2_spectral_morph_type,Oscillator 2 Frequency Morph Type,Indexed,0.0,11.0,4.0,Inharmonic Stretch,199,0.020690372218756498,199,0.020739968733715478
osc_2_spectral_morph_type,Oscillator 2 Frequency Morph Type,Indexed,0.0,11.0,5.0,Smear,381,0.03961322520274485,380,0.039603960396039604
osc_2_spectral_morph_type,Oscillator 2 Frequency Morph Type,Indexed,0.0,11.0,6.0,Random Amplitudes,119,0.012372634643377001,119,0.012402292860865034
osc_2_spectral_morph_type,Oscillator 2 Frequency Morph Type,Indexed,0.0,11.0,7.0,Low Pass,355,0.03690996049074652,354,0.03689421573736321
osc_2_spectral_morph_type,Oscillator 2 Frequency Morph Type,Indexed,0.0,11.0,8.0,High Pass,62,0.00644624662091911,62,0.006461698801459094
osc_2_spectral_morph_type,Oscillator 2 Frequency Morph Type,Indexed,0.0,11.0,9.0,Phase Disperse,109,0.011332917446454564,109,0.011360083376758728
osc_2_spectral_unison,Oscillator 2 Spectral Unison,Indexed,0.0,1.0,0.0,Off,10,0.001039717196922437,10,0.0010422094841063053
osc_2_spectral_unison,Oscillator 2 Spectral Unison,Indexed,0.0,1.0,1.0,On,9600,0.9981285090455396,9577,0.9981240229286087
osc_2_spectral_unison,Oscillator 2 Spectral Unison,Indexed,0.0,1.0,2.0,,8,0.0008317737575379496,8,0.0008337675872850443
osc_2_stack_style,Oscillator 2 Stack Style,Indexed,0.0,10.0,0.0,Unison,9277,0.9645456435849449,9255,0.9645648775403857
osc_2_stack_style,Oscillator 2 Stack Style,Indexed,0.0,10.0,1.0,Center Drop 12,69,0.007174048658764816,69,0.007191245440333507
osc_2_stack_style,Oscillator 2 Stack Style,Indexed,0.0,10.0,10.0,Odd Harmonics,61,0.006342274901226866,61,0.006357477853048463
osc_2_stack_style,Oscillator 2 Stack Style,Indexed,0.0,10.0,11.0,,30,0.0031191515907673115,29,0.0030224075039082857
osc_2_stack_style,Oscillator 2 Stack Style,Indexed,0.0,10.0,12.0,,10,0.001039717196922437,10,0.0010422094841063053
osc_2_stack_style,Oscillator 2 Stack Style,Indexed,0.0,10.0,2.0,Center Drop 24,12,0.0012476606363069245,12,0.0012506513809275664
osc_2_stack_style,Oscillator 2 Stack Style,Indexed,0.0,10.0,3.0,Octave,39,0.004054897067997504,39,0.004064616988014591
osc_2_stack_style,Oscillator 2 Stack Style,Indexed,0.0,10.0,4.0,2x Octave,33,0.0034310667498440423,33,0.003439291297550808
osc_2_stack_style,Oscillator 2 Stack Style,Indexed,0.0,10.0,5.0,Power Chord,22,0.0022873778332293615,22,0.0022928608650338717
osc_2_stack_style,Oscillator 2 Stack Style,Indexed,0.0,10.0,6.0,2x Power Chord,25,0.0025992929923060928,25,0.0026055237102657635
osc_2_stack_style,Oscillator 2 Stack Style,Indexed,0.0,10.0,7.0,Major Chord,6,0.0006238303181534623,6,0.0006253256904637832
osc_2_stack_style,Oscillator 2 Stack Style,Indexed,0.0,10.0,8.0,Minor Chord,10,0.001039717196922437,10,0.0010422094841063053
osc_2_stack_style,Oscillator 2 Stack Style,Indexed,0.0,10.0,9.0,Harmonics,24,0.002495321272613849,24,0.0025013027618551328
osc_2_transpose,Oscillator 2 Transpose,Indexed,-48.0,48.0,-1.0,,24,0.002495321272613849,24,0.0025013027618551328
osc_2_transpose,Oscillator 2 Transpose,Indexed,-48.0,48.0,-10.0,,11,0.0011436889166146808,11,0.0011464304325169358
osc_2_transpose,Oscillator 2 Transpose,Indexed,-48.0,48.0,-11.0,,8,0.0008317737575379496,8,0.0008337675872850443
osc_2_transpose,Oscillator 2 Transpose,Indexed,-48.0,48.0,-12.0,,1582,0.16448326055312956,1579,0.16456487754038562
osc_2_transpose,Oscillator 2 Transpose,Indexed,-48.0,48.0,-13.0,,11,0.0011436889166146808,11,0.0011464304325169358
osc_2_transpose,Oscillator 2 Transpose,Indexed,-48.0,48.0,-14.0,,12,0.0012476606363069245,12,0.0012506513809275664
osc_2_transpose,Oscillator 2 Transpose,Indexed,-48.0,48.0,-15.0,,11,0.0011436889166146808,11,0.0011464304325169358
osc_2_transpose,Oscillator 2 Transpose,Indexed,-48.0,48.0,-16.0,,19,0.0019754626741526303,19,0.0019801980198019802
osc_2_transpose,Oscillator 2 Transpose,Indexed,-48.0,48.0,-17.0,,8,0.0008317737575379496,8,0.0008337675872850443
osc_2_transpose,Oscillator 2 Transpose,Indexed,-48.0,48.0,-18.0,,8,0.0008317737575379496,8,0.0008337675872850443
osc_2_transpose,Oscillator 2 Transpose,Indexed,-48.0,48.0,-19.0,,13,0.0013516323559991683,13,0.001354872329338197
osc_2_transpose,Oscillator 2 Transpose,Indexed,-48.0,48.0,-2.0,,16,0.0016635475150758993,16,0.0016675351745700886
osc_2_transpose,Oscillator 2 Transpose,Indexed,-48.0,48.0,-20.0,,23,0.0023913495529216053,23,0.0023970818134445024
osc_2_transpose,Oscillator 2 Transpose,Indexed,-48.0,48.0,-21.0,,8,0.0008317737575379496,8,0.0008337675872850443
osc_2_transpose,Oscillator 2 Transpose,Indexed,-48.0,48.0,-22.0,,14,0.001455604075691412,14,0.0014590932777488275
osc_2_transpose,Oscillator 2 Transpose,Indexed,-48.0,48.0,-23.0,,8,0.0008317737575379496,8,0.0008337675872850443
osc_2_transpose,Oscillator 2 Transpose,Indexed,-48.0,48.0,-24.0,,990,0.10293200249532128,986,0.1027618551328817
osc_2_transpose,Oscillator 2 Transpose,Indexed,-48.0,48.0,-25.0,,11,0.0011436889166146808,11,0.0011464304325169358
osc_2_transpose,Oscillator 2 Transpose,Indexed,-48.0,48.0,-26.0,,5,0.0005198585984612185,5,0.0005211047420531526
osc_2_transpose,Oscillator 2 Transpose,Indexed,-48.0,48.0,-27.0,,3,0.00031191515907673113,3,0.0003126628452318916
osc_2_transpose,Oscillator 2 Transpose,Indexed,-48.0,48.0,-28.0,,8,0.0008317737575379496,8,0.0008337675872850443
osc_2_transpose,Oscillator 2 Transpose,Indexed,-48.0,48.0,-29.0,,5,0.0005198585984612185,5,0.0005211047420531526
osc_2_transpose,Oscillator 2 Transpose,Indexed,-48.0,48.0,-3.0,,12,0.0012476606363069245,12,0.0012506513809275664
osc_2_transpose,Oscillator 2 Transpose,Indexed,-48.0,48.0,-30.0,,5,0.0005198585984612185,5,0.0005211047420531526
osc_2_transpose,Oscillator 2 Transpose,Indexed,-48.0,48.0,-31.0,,7,0.000727802037845706,7,0.0007295466388744137
osc_2_transpose,Oscillator 2 Transpose,Indexed,-48.0,48.0,-32.0,,4,0.0004158868787689748,4,0.00041688379364252214
osc_2_transpose,Oscillator 2 Transpose,Indexed,-48.0,48.0,-33.0,,3,0.00031191515907673113,3,0.0003126628452318916
osc_2_transpose,Oscillator 2 Transpose,Indexed,-48.0,48.0,-34.0,,6,0.0006238303181534623,6,0.0006253256904637832
osc_2_transpose,Oscillator 2 Transpose,Indexed,-48.0,48.0,-35.0,,2,0.0002079434393844874,2,0.00020844189682126107
osc_2_transpose,Oscillator 2 Transpose,Indexed,-48.0,48.0,-36.0,,119,0.012372634643377001,119,0.012402292860865034
osc_2_transpose,Oscillator 2 Transpose,Indexed,-48.0,48.0,-37.0,,3,0.00031191515907673113,3,0.0003126628452318916
osc_2_transpose,Oscillator 2 Transpose,Indexed,-48.0,48.0,-39.0,,1,0.0001039717196922437,1,0.00010422094841063054
osc_2_transpose,Oscillator 2 Transpose,Indexed,-48.0,48.0,-4.0,,13,0.0013516323559991683,13,0.001354872329338197
osc_2_transpose,Oscillator 2 Transpose,Indexed,-48.0,48.0,-41.0,,2,0.0002079434393844874,2,0.00020844189682126107
osc_2_transpose,Oscillator 2 Transpose,Indexed,-48.0,48.0,-44.0,,2,0.0002079434393844874,2,0.00020844189682126107
osc_2_transpose,Oscillator 2 Transpose,Indexed,-48.0,48.0,-45.0,,1,0.0001039717196922437,1,0.00010422094841063054
osc_2_transpose,Oscillator 2 Transpose,Indexed,-48.0,48.0,-46.0,,1,0.0001039717196922437,1,0.00010422094841063054
osc_2_transpose,Oscillator 2 Transpose,Indexed,-48.0,48.0,-47.0,,1,0.0001039717196922437,1,0.00010422094841063054
osc_2_transpose,Oscillator 2 Transpose,Indexed,-48.0,48.0,-48.0,,67,0.006966105219380328,67,0.006982803543512246
osc_2_transpose,Oscillator 2 Transpose,Indexed,-48.0,48.0,-5.0,,50,0.0051985859846121855,50,0.005211047420531527
osc_2_transpose,Oscillator 2 Transpose,Indexed,-48.0,48.0,-6.0,,13,0.0013516323559991683,13,0.001354872329338197
osc_2_transpose,Oscillator 2 Transpose,Indexed,-48.0,48.0,-7.0,,25,0.0025992929923060928,25,0.0026055237102657635
osc_2_transpose,Oscillator 2 Transpose,Indexed,-48.0,48.0,-8.0,,16,0.0016635475150758993,16,0.0016675351745700886
osc_2_transpose,Oscillator 2 Transpose,Indexed,-48.0,48.0,-9.0,,15,0.0015595757953836558,15,0.001563314226159458
osc_2_transpose,Oscillator 2 Transpose,Indexed,-48.0,48.0,0.0,,4744,0.49324183822000417,4733,0.49327774882751435
osc_2_transpose,Oscillator 2 Transpose,Indexed,-48.0,48.0,1.0,,9,0.0009357454772301934,9,0.0009379885356956748
osc_2_transpose,Oscillator 2 Transpose,Indexed,-48.0,48.0,10.0,,17,0.001767519234768143,17,0.0017717561229807191
osc_2_transpose,Oscillator 2 Transpose,Indexed,-48.0,48.0,11.0,,6,0.0006238303181534623,6,0.0006253256904637832
osc_2_transpose,Oscillator 2 Transpose,Indexed,-48.0,48.0,12.0,,967,0.10054065294239967,963,0.1003647733194372
osc_2_transpose,Oscillator 2 Transpose,Indexed,-48.0,48.0,13.0,,8,0.0008317737575379496,8,0.0008337675872850443
osc_2_transpose,Oscillator 2 Transpose,Indexed,-48.0,48.0,14.0,,13,0.0013516323559991683,13,0.001354872329338197
osc_2_transpose,Oscillator 2 Transpose,Indexed,-48.0,48.0,15.0,,7,0.000727802037845706,7,0.0007295466388744137
osc_2_transpose,Oscillator 2 Transpose,Indexed,-48.0,48.0,16.0,,18,0.0018714909544603868,18,0.0018759770713913497
osc_2_transpose,Oscillator 2 Transpose,Indexed,-48.0,48.0,17.0,,5,0.0005198585984612185,4,0.00041688379364252214
osc_2_transpose,Oscillator 2 Transpose,Indexed,-48.0,48.0,18.0,,1,0.0001039717196922437,1,0.00010422094841063054
osc_2_transpose,Oscillator 2 Transpose,Indexed,-48.0,48.0,19.0,,54,0.0056144728633811605,54,0.005627931214174049
osc_2_transpose,Oscillator 2 Transpose,Indexed,-48.0,48.0,2.0,,10,0.001039717196922437,10,0.0010422094841063053
osc_2_transpose,Oscillator 2 Transpose,Indexed,-48.0,48.0,20.0,,4,0.0004158868787689748,4,0.00041688379364252214
osc_2_transpose,Oscillator 2 Transpose,Indexed,-48.0,48.0,21.0,,6,0.0006238303181534623,6,0.0006253256904637832
osc_2_transpose,Oscillator 2 Transpose,Indexed,-48.0,48.0,22.0,,9,0.0009357454772301934,9,0.0009379885356956748
osc_2_transpose,Oscillator 2 Transpose,Indexed,-48.0,48.0,23.0,,4,0.0004158868787689748,4,0.00041688379364252214
osc_2_transpose,Oscillator 2 Transpose,Indexed,-48.0,48.0,24.0,,185,0.019234768143065087,185,0.01928087545596665
osc_2_transpose,Oscillator 2 Transpose,Indexed,-48.0,48.0,25.0,,1,0.0001039717196922437,1,0.00010422094841063054
osc_2_transpose,Oscillator 2 Transpose,Indexed,-48.0,48.0,26.0,,3,0.00031191515907673113,3,0.0003126628452318916
osc_2_transpose,Oscillator 2 Transpose,Indexed,-48.0,48.0,27.0,,6,0.0006238303181534623,6,0.0006253256904637832
osc_2_transpose,Oscillator 2 Transpose,Indexed,-48.0,48.0,29.0,,1,0.0001039717196922437,1,0.00010422094841063054
osc_2_transpose,Oscillator 2 Transpose,Indexed,-48.0,48.0,3.0,,13,0.0013516323559991683,13,0.001354872329338197
osc_2_transpose,Oscillator 2 Transpose,Indexed,-48.0,48.0,30.0,,3,0.00031191515907673113,3,0.0003126628452318916
osc_2_transpose,Oscillator 2 Transpose,Indexed,-48.0,48.0,31.0,,14,0.001455604075691412,14,0.0014590932777488275
osc_2_transpose,Oscillator 2 Transpose,Indexed,-48.0,48.0,32.0,,2,0.0002079434393844874,2,0.00020844189682126107
osc_2_transpose,Oscillator 2 Transpose,Indexed,-48.0,48.0,33.0,,2,0.0002079434393844874,2,0.00020844189682126107
osc_2_transpose,Oscillator 2 Transpose,Indexed,-48.0,48.0,34.0,,5,0.0005198585984612185,5,0.0005211047420531526
osc_2_transpose,Oscillator 2 Transpose,Indexed,-48.0,48.0,36.0,,57,0.005926388022457892,57,0.005940594059405941
osc_2_transpose,Oscillator 2 Transpose,Indexed,-48.0,48.0,37.0,,1,0.0001039717196922437,1,0.00010422094841063054
osc_2_transpose,Oscillator 2 Transpose,Indexed,-48.0,48.0,38.0,,2,0.0002079434393844874,2,0.00020844189682126107
osc_2_transpose,Oscillator 2 Transpose,Indexed,-48.0,48.0,39.0,,1,0.0001039717196922437,1,0.00010422094841063054
osc_2_transpose,Oscillator 2 Transpose,Indexed,-48.0,48.0,4.0,,16,0.0016635475150758993,16,0.0016675351745700886
osc_2_transpose,Oscillator 2 Transpose,Indexed,-48.0,48.0,40.0,,2,0.0002079434393844874,2,0.00020844189682126107
osc_2_transpose,Oscillator 2 Transpose,Indexed,-48.0,48.0,41.0,,1,0.0001039717196922437,1,0.00010422094841063054
osc_2_transpose,Oscillator 2 Transpose,Indexed,-48.0,48.0,42.0,,1,0.0001039717196922437,1,0.00010422094841063054
osc_2_transpose,Oscillator 2 Transpose,Indexed,-48.0,48.0,43.0,,8,0.0008317737575379496,8,0.0008337675872850443
osc_2_transpose,Oscillator 2 Transpose,Indexed,-48.0,48.0,44.0,,1,0.0001039717196922437,1,0.00010422094841063054
osc_2_transpose,Oscillator 2 Transpose,Indexed,-48.0,48.0,45.0,,3,0.00031191515907673113,3,0.0003126628452318916
osc_2_transpose,Oscillator 2 Transpose,Indexed,-48.0,48.0,47.0,,1,0.0001039717196922437,1,0.00010422094841063054
osc_2_transpose,Oscillator 2 Transpose,Indexed,-48.0,48.0,48.0,,43,0.004470783946766479,43,0.004481500781657113
osc_2_transpose,Oscillator 2 Transpose,Indexed,-48.0,48.0,5.0,,21,0.002183406113537118,21,0.0021886399166232413
osc_2_transpose,Oscillator 2 Transpose,Indexed,-48.0,48.0,6.0,,17,0.001767519234768143,17,0.0017717561229807191
osc_2_transpose,Oscillator 2 Transpose,Indexed,-48.0,48.0,7.0,,153,0.015907673112913287,153,0.01594580510682647
osc_2_transpose,Oscillator 2 Transpose,Indexed,-48.0,48.0,8.0,,3,0.00031191515907673113,3,0.0003126628452318916
osc_2_transpose,Oscillator 2 Transpose,Indexed,-48.0,48.0,9.0,,4,0.0004158868787689748,4,0.00041688379364252214
osc_2_transpose_quantize,Oscillator 2 Transpose Quantize,Indexed,0.0,8191.0,0.0,,9431,0.9805572884175504,9408,0.9805106826472121
osc_2_transpose_quantize,Oscillator 2 Transpose Quantize,Indexed,0.0,8191.0,1.0,,34,0.003535038469536286,34,0.0035435122459614382
osc_2_transpose_quantize,Oscillator 2 Transpose Quantize,Indexed,0.0,8191.0,10.0,,1,0.0001039717196922437,1,0.00010422094841063054
osc_2_transpose_quantize,Oscillator 2 Transpose Quantize,Indexed,0.0,8191.0,1024.0,,2,0.0002079434393844874,2,0.00020844189682126107
osc_2_transpose_quantize,Oscillator 2 Transpose Quantize,Indexed,0.0,8191.0,1025.0,,1,0.0001039717196922437,1,0.00010422094841063054
osc_2_transpose_quantize,Oscillator 2 Transpose Quantize,Indexed,0.0,8191.0,1032.0,,1,0.0001039717196922437,1,0.00010422094841063054
osc_2_transpose_quantize,Oscillator 2 Transpose Quantize,Indexed,0.0,8191.0,1057.0,,1,0.0001039717196922437,1,0.00010422094841063054
osc_2_transpose_quantize,Oscillator 2 Transpose Quantize,Indexed,0.0,8191.0,1129.0,,1,0.0001039717196922437,1,0.00010422094841063054
osc_2_transpose_quantize,Oscillator 2 Transpose Quantize,Indexed,0.0,8191.0,1130.0,,1,0.0001039717196922437,1,0.00010422094841063054
osc_2_transpose_quantize,Oscillator 2 Transpose Quantize,Indexed,0.0,8191.0,1152.0,,2,0.0002079434393844874,2,0.00020844189682126107
osc_2_transpose_quantize,Oscillator 2 Transpose Quantize,Indexed,0.0,8191.0,1161.0,,4,0.0004158868787689748,4,0.00041688379364252214
osc_2_transpose_quantize,Oscillator 2 Transpose Quantize,Indexed,0.0,8191.0,1165.0,,1,0.0001039717196922437,1,0.00010422094841063054
osc_2_transpose_quantize,Oscillator 2 Transpose Quantize,Indexed,0.0,8191.0,1192.0,,1,0.0001039717196922437,1,0.00010422094841063054
osc_2_transpose_quantize,Oscillator 2 Transpose Quantize,Indexed,0.0,8191.0,1193.0,,4,0.0004158868787689748,4,0.00041688379364252214
osc_2_transpose_quantize,Oscillator 2 Transpose Quantize,Indexed,0.0,8191.0,1197.0,,1,0.0001039717196922437,1,0.00010422094841063054
osc_2_transpose_quantize,Oscillator 2 Transpose Quantize,Indexed,0.0,8191.0,128.0,,5,0.0005198585984612185,5,0.0005211047420531526
osc_2_transpose_quantize,Oscillator 2 Transpose Quantize,Indexed,0.0,8191.0,129.0,,6,0.0006238303181534623,6,0.0006253256904637832
osc_2_transpose_quantize,Oscillator 2 Transpose Quantize,Indexed,0.0,8191.0,1321.0,,1,0.0001039717196922437,1,0.00010422094841063054
osc_2_transpose_quantize,Oscillator 2 Transpose Quantize,Indexed,0.0,8191.0,136.0,,1,0.0001039717196922437,1,0.00010422094841063054
osc_2_transpose_quantize,Oscillator 2 Transpose Quantize,Indexed,0.0,8191.0,1437.0,,3,0.00031191515907673113,3,0.0003126628452318916
osc_2_transpose_quantize,Oscillator 2 Transpose Quantize,Indexed,0.0,8191.0,144.0,,1,0.0001039717196922437,1,0.00010422094841063054
osc_2_transpose_quantize,Oscillator 2 Transpose Quantize,Indexed,0.0,8191.0,1451.0,,1,0.0001039717196922437,1,0.00010422094841063054
osc_2_transpose_quantize,Oscillator 2 Transpose Quantize,Indexed,0.0,8191.0,1453.0,,2,0.0002079434393844874,2,0.00020844189682126107
osc_2_transpose_quantize,Oscillator 2 Transpose Quantize,Indexed,0.0,8191.0,16.0,,5,0.0005198585984612185,5,0.0005211047420531526
osc_2_transpose_quantize,Oscillator 2 Transpose Quantize,Indexed,0.0,8191.0,160.0,,1,0.0001039717196922437,1,0.00010422094841063054
osc_2_transpose_quantize,Oscillator 2 Transpose Quantize,Indexed,0.0,8191.0,161.0,,3,0.00031191515907673113,3,0.0003126628452318916
osc_2_transpose_quantize,Oscillator 2 Transpose Quantize,Indexed,0.0,8191.0,1644.0,,1,0.0001039717196922437,1,0.00010422094841063054
osc_2_transpose_quantize,Oscillator 2 Transpose Quantize,Indexed,0.0,8191.0,169.0,,1,0.0001039717196922437,1,0.00010422094841063054
osc_2_transpose_quantize,Oscillator 2 Transpose Quantize,Indexed,0.0,8191.0,1700.0,,1,0.0001039717196922437,1,0.00010422094841063054
osc_2_transpose_quantize,Oscillator 2 Transpose Quantize,Indexed,0.0,8191.0,1709.0,,1,0.0001039717196922437,1,0.00010422094841063054
osc_2_transpose_quantize,Oscillator 2 Transpose Quantize,Indexed,0.0,8191.0,1717.0,,1,0.0001039717196922437,1,0.00010422094841063054
osc_2_transpose_quantize,Oscillator 2 Transpose Quantize,Indexed,0.0,8191.0,1791.0,,1,0.0001039717196922437,1,0.00010422094841063054
osc_2_transpose_quantize,Oscillator 2 Transpose Quantize,Indexed,0.0,8191.0,2.0,,1,0.0001039717196922437,1,0.00010422094841063054
osc_2_transpose_quantize,Oscillator 2 Transpose Quantize,Indexed,0.0,8191.0,2048.0,,2,0.0002079434393844874,2,0.00020844189682126107
osc_2_transpose_quantize,Oscillator 2 Transpose Quantize,Indexed,0.0,8191.0,2049.0,,1,0.0001039717196922437,1,0.00010422094841063054
osc_2_transpose_quantize,Oscillator 2 Transpose Quantize,Indexed,0.0,8191.0,2177.0,,1,0.0001039717196922437,1,0.00010422094841063054
osc_2_transpose_quantize,Oscillator 2 Transpose Quantize,Indexed,0.0,8191.0,2193.0,,1,0.0001039717196922437,1,0.00010422094841063054
osc_2_transpose_quantize,Oscillator 2 Transpose Quantize,Indexed,0.0,8191.0,2337.0,,1,0.0001039717196922437,1,0.00010422094841063054
osc_2_transpose_quantize,Oscillator 2 Transpose Quantize,Indexed,0.0,8191.0,2345.0,,1,0.0001039717196922437,1,0.00010422094841063054
osc_2_transpose_quantize,Oscillator 2 Transpose Quantize,Indexed,0.0,8191.0,2477.0,,1,0.0001039717196922437,1,0.00010422094841063054
osc_2_transpose_quantize,Oscillator 2 Transpose Quantize,Indexed,0.0,8191.0,256.0,,4,0.0004158868787689748,4,0.00041688379364252214
osc_2_transpose_quantize,Oscillator 2 Transpose Quantize,Indexed,0.0,8191.0,265.0,,1,0.0001039717196922437,1,0.00010422094841063054
osc_2_transpose_quantize,Oscillator 2 Transpose Quantize,Indexed,0.0,8191.0,2741.0,,1,0.0001039717196922437,1,0.00010422094841063054
osc_2_transpose_quantize,Oscillator 2 Transpose Quantize,Indexed,0.0,8191.0,297.0,,1,0.0001039717196922437,1,0.00010422094841063054
osc_2_transpose_quantize,Oscillator 2 Transpose Quantize,Indexed,0.0,8191.0,3075.0,,1,0.0001039717196922437,1,0.00010422094841063054
osc_2_transpose_quantize,Oscillator 2 Transpose Quantize,Indexed,0.0,8191.0,32.0,,4,0.0004158868787689748,4,0.00041688379364252214
osc_2_transpose_quantize,Oscillator 2 Transpose Quantize,Indexed,0.0,8191.0,33.0,,4,0.0004158868787689748,4,0.00041688379364252214
osc_2_transpose_quantize,Oscillator 2 Transpose Quantize,Indexed,0.0,8191.0,3416.0,,1,0.0001039717196922437,1,0.00010422094841063054
osc_2_transpose_quantize,Oscillator 2 Transpose Quantize,Indexed,0.0,8191.0,36.0,,1,0.0001039717196922437,1,0.00010422094841063054
osc_2_transpose_quantize,Oscillator 2 Transpose Quantize,Indexed,0.0,8191.0,37.0,,1,0.0001039717196922437,1,0.00010422094841063054
osc_2_transpose_quantize,Oscillator 2 Transpose Quantize,Indexed,0.0,8191.0,393.0,,1,0.0001039717196922437,1,0.00010422094841063054
osc_2_transpose_quantize,Oscillator 2 Transpose Quantize,Indexed,0.0,8191.0,4.0,,1,0.0001039717196922437,1,0.00010422094841063054
osc_2_transpose_quantize,Oscillator 2 Transpose Quantize,Indexed,0.0,8191.0,4094.0,,1,0.0001039717196922437,1,0.00010422094841063054
osc_2_transpose_quantize,Oscillator 2 Transpose Quantize,Indexed,0.0,8191.0,4095.0,,2,0.0002079434393844874,2,0.00020844189682126107
osc_2_transpose_quantize,Oscillator 2 Transpose Quantize,Indexed,0.0,8191.0,4096.0,,9,0.0009357454772301934,9,0.0009379885356956748
osc_2_transpose_quantize,Oscillator 2 Transpose Quantize,Indexed,0.0,8191.0,4097.0,,1,0.0001039717196922437,1,0.00010422094841063054
osc_2_transpose_quantize,Oscillator 2 Transpose Quantize,Indexed,0.0,8191.0,41.0,,1,0.0001039717196922437,1,0.00010422094841063054
osc_2_transpose_quantize,Oscillator 2 Transpose Quantize,Indexed,0.0,8191.0,4104.0,,1,0.0001039717196922437,1,0.00010422094841063054
osc_2_transpose_quantize,Oscillator 2 Transpose Quantize,Indexed,0.0,8191.0,4224.0,,1,0.0001039717196922437,1,0.00010422094841063054
osc_2_transpose_quantize,Oscillator 2 Transpose Quantize,Indexed,0.0,8191.0,424.0,,2,0.0002079434393844874,2,0.00020844189682126107
osc_2_transpose_quantize,Oscillator 2 Transpose Quantize,Indexed,0.0,8191.0,4352.0,,1,0.0001039717196922437,1,0.00010422094841063054
osc_2_transpose_quantize,Oscillator 2 Transpose Quantize,Indexed,0.0,8191.0,4426.0,,1,0.0001039717196922437,1,0.00010422094841063054
osc_2_transpose_quantize,Oscillator 2 Transpose Quantize,Indexed,0.0,8191.0,4525.0,,1,0.0001039717196922437,1,0.00010422094841063054
osc_2_transpose_quantize,Oscillator 2 Transpose Quantize,Indexed,0.0,8191.0,4678.0,,1,0.0001039717196922437,1,0.00010422094841063054
osc_2_transpose_quantize,Oscillator 2 Transpose Quantize,Indexed,0.0,8191.0,49.0,,2,0.0002079434393844874,2,0.00020844189682126107
osc_2_transpose_quantize,Oscillator 2 Transpose Quantize,Indexed,0.0,8191.0,493.0,,1,0.0001039717196922437,1,0.00010422094841063054
osc_2_transpose_quantize,Oscillator 2 Transpose Quantize,Indexed,0.0,8191.0,5120.0,,1,0.0001039717196922437,1,0.00010422094841063054
osc_2_transpose_quantize,Oscillator 2 Transpose Quantize,Indexed,0.0,8191.0,513.0,,4,0.0004158868787689748,4,0.00041688379364252214
osc_2_transpose_quantize,Oscillator 2 Transpose Quantize,Indexed,0.0,8191.0,514.0,,1,0.0001039717196922437,1,0.00010422094841063054
osc_2_transpose_quantize,Oscillator 2 Transpose Quantize,Indexed,0.0,8191.0,516.0,,1,0.0001039717196922437,1,0.00010422094841063054
osc_2_transpose_quantize,Oscillator 2 Transpose Quantize,Indexed,0.0,8191.0,529.0,,1,0.0001039717196922437,1,0.00010422094841063054
osc_2_transpose_quantize,Oscillator 2 Transpose Quantize,Indexed,0.0,8191.0,544.0,,1,0.0001039717196922437,1,0.00010422094841063054
osc_2_transpose_quantize,Oscillator 2 Transpose Quantize,Indexed,0.0,8191.0,5450.0,,2,0.0002079434393844874,2,0.00020844189682126107
osc_2_transpose_quantize,Oscillator 2 Transpose Quantize,Indexed,0.0,8191.0,549.0,,1,0.0001039717196922437,1,0.00010422094841063054
osc_2_transpose_quantize,Oscillator 2 Transpose Quantize,Indexed,0.0,8191.0,552.0,,1,0.0001039717196922437,1,0.00010422094841063054
osc_2_transpose_quantize,Oscillator 2 Transpose Quantize,Indexed,0.0,8191.0,5549.0,,2,0.0002079434393844874,2,0.00020844189682126107
osc_2_transpose_quantize,Oscillator 2 Transpose Quantize,Indexed,0.0,8191.0,561.0,,1,0.0001039717196922437,1,0.00010422094841063054
osc_2_transpose_quantize,Oscillator 2 Transpose Quantize,Indexed,0.0,8191.0,5680.0,,1,0.0001039717196922437,1,0.00010422094841063054
osc_2_transpose_quantize,Oscillator 2 Transpose Quantize,Indexed,0.0,8191.0,582.0,,1,0.0001039717196922437,1,0.00010422094841063054
osc_2_transpose_quantize,Oscillator 2 Transpose Quantize,Indexed,0.0,8191.0,6160.0,,1,0.0001039717196922437,1,0.00010422094841063054
osc_2_transpose_quantize,Oscillator 2 Transpose Quantize,Indexed,0.0,8191.0,622.0,,2,0.0002079434393844874,2,0.00020844189682126107
osc_2_transpose_quantize,Oscillator 2 Transpose Quantize,Indexed,0.0,8191.0,6273.0,,1,0.0001039717196922437,1,0.00010422094841063054
osc_2_transpose_quantize,Oscillator 2 Transpose Quantize,Indexed,0.0,8191.0,657.0,,1,0.0001039717196922437,1,0.00010422094841063054
osc_2_transpose_quantize,Oscillator 2 Transpose Quantize,Indexed,0.0,8191.0,661.0,,3,0.00031191515907673113,3,0.0003126628452318916
osc_2_transpose_quantize,Oscillator 2 Transpose Quantize,Indexed,0.0,8191.0,676.0,,1,0.0001039717196922437,1,0.00010422094841063054
osc_2_transpose_quantize,Oscillator 2 Transpose Quantize,Indexed,0.0,8191.0,677.0,,1,0.0001039717196922437,1,0.00010422094841063054
osc_2_transpose_quantize,Oscillator 2 Transpose Quantize,Indexed,0.0,8191.0,68.0,,1,0.0001039717196922437,1,0.00010422094841063054
osc_2_transpose_quantize,Oscillator 2 Transpose Quantize,Indexed,0.0,8191.0,6837.0,,1,0.0001039717196922437,1,0.00010422094841063054
osc_2_transpose_quantize,Oscillator 2 Transpose Quantize,Indexed,0.0,8191.0,693.0,,1,0.0001039717196922437,1,0.00010422094841063054
osc_2_transpose_quantize,Oscillator 2 Transpose Quantize,Indexed,0.0,8191.0,73.0,,1,0.0001039717196922437,1,0.00010422094841063054
osc_2_transpose_quantize,Oscillator 2 Transpose Quantize,Indexed,0.0,8191.0,8.0,,5,0.0005198585984612185,5,0.0005211047420531526
osc_2_transpose_quantize,Oscillator 2 Transpose Quantize,Indexed,0.0,8191.0,808.0,,1,0.0001039717196922437,1,0.00010422094841063054
osc_2_transpose_quantize,Oscillator 2 Transpose Quantize,Indexed,0.0,8191.0,816.0,,1,0.0001039717196922437,1,0.00010422094841063054
osc_2_transpose_quantize,Oscillator 2 Transpose Quantize,Indexed,0.0,8191.0,8160.0,,1,0.0001039717196922437,1,0.00010422094841063054
osc_2_transpose_quantize,Oscillator 2 Transpose Quantize,Indexed,0.0,8191.0,9.0,,2,0.0002079434393844874,2,0.00020844189682126107
osc_2_unison_voices,Oscillator 2 Unison Voices,Indexed,1.0,16.0,0.4000000059604645,,1,0.0001039717196922437,1,0.00010422094841063054
osc_2_unison_voices,Oscillator 2 Unison Voices,Indexed,1.0,16.0,1.0,,5558,0.5778748180494906,5543,0.577696717040125
osc_2_unison_voices,Oscillator 2 Unison Voices,Indexed,1.0,16.0,10.0,,108,0.011228945726762321,107,0.011151641479937467
osc_2_unison_voices,Oscillator 2 Unison Voices,Indexed,1.0,16.0,11.0,,49,0.005094614264919942,49,0.005106826472120896
osc_2_unison_voices,Oscillator 2 Unison Voices,Indexed,1.0,16.0,12.0,,94,0.009773341651070909,94,0.009796769150599271
osc_2_unison_voices,Oscillator 2 Unison Voices,Indexed,1.0,16.0,13.0,,39,0.004054897067997504,39,0.004064616988014591
osc_2_unison_voices,Oscillator 2 Unison Voices,Indexed,1.0,16.0,14.0,,31,0.003223123310459555,31,0.003230849400729547
osc_2_unison_voices,Oscillator 2 Unison Voices,Indexed,1.0,16.0,15.0,,31,0.003223123310459555,30,0.003126628452318916
osc_2_unison_voices,Oscillator 2 Unison Voices,Indexed,1.0,16.0,16.0,,589,0.06123934289873154,588,0.061281917665450755
osc_2_unison_voices,Oscillator 2 Unison Voices,Indexed,1.0,16.0,2.0,,698,0.07257226034518612,698,0.07274622199062011
osc_2_unison_voices,Oscillator 2 Unison Voices,Indexed,1.0,16.0,3.0,,530,0.055105011436889166,529,0.055132881709223557
osc_2_unison_voices,Oscillator 2 Unison Voices,Indexed,1.0,16.0,4.0,,510,0.053025577043044295,509,0.053048462741010945
osc_2_unison_voices,Oscillator 2 Unison Voices,Indexed,1.0,16.0,5.0,,348,0.03618215845290081,348,0.03626889004689943
osc_2_unison_voices,Oscillator 2 Unison Voices,Indexed,1.0,16.0,6.0,,269,0.027968392597213558,269,0.028035435122459613
osc_2_unison_voices,Oscillator 2 Unison Voices,Indexed,1.0,16.0,7.0,,293,0.030463713869827408,292,0.030432516935904118
osc_2_unison_voices,Oscillator 2 Unison Voices,Indexed,1.0,16.0,8.0,,337,0.03503846953628613,337,0.03512245961438249
osc_2_unison_voices,Oscillator 2 Unison Voices,Indexed,1.0,16.0,9.0,,133,0.013828238719068414,131,0.0136529442417926
osc_2_view_2d,Oscillator 2 View 2D,Indexed,0.0,2.0,0.0,Off,451,0.04689124558120191,451,0.04700364773319437
osc_2_view_2d,Oscillator 2 View 2D,Indexed,0.0,2.0,1.0,On,9111,0.9472863381160325,9088,0.9471599791558103
osc_2_view_2d,Oscillator 2 View 2D,Indexed,0.0,2.0,2.0,,56,0.005822416302765648,56,0.00583637311099531
osc_3_destination,Oscillator 3 Destination,Indexed,0.0,13.0,0.0,FILTER 1,1848,0.19213973799126638,1843,0.19207920792079208
osc_3_destination,Oscillator 3 Destination,Indexed,0.0,13.0,1.0,FILTER 2,946,0.09835724682886254,945,0.09848879624804585
osc_3_destination,Oscillator 3 Destination,Indexed,0.0,13.0,2.0,FILTER 1+2,350,0.036390101892285295,349,0.03637311099531006
osc_3_destination,Oscillator 3 Destination,Indexed,0.0,13.0,3.0,EFFECTS,6054,0.6294447910168434,6039,0.6293903074517978
osc_3_destination,Oscillator 3 Destination,Indexed,0.0,13.0,4.0,DIRECT OUT,420,0.043668122270742356,419,0.0436685773840542
osc_3_distortion_type,Oscillator 3 Distortion Type,Indexed,0.0,12.0,0.0,None,7959,0.8275109170305677,7937,0.8272016675351745
osc_3_distortion_type,Oscillator 3 Distortion Type,Indexed,0.0,12.0,1.0,Sync,401,0.04169265959658973,400,0.041688379364252216
osc_3_distortion_type,Oscillator 3 Distortion Type,Indexed,0.0,12.0,10.0,RM <- Osc,49,0.005094614264919942,49,0.005106826472120896
osc_3_distortion_type,Oscillator 3 Distortion Type,Indexed,0.0,12.0,11.0,RM <- Osc,44,0.004574755666458723,44,0.004585721730067743
osc_3_distortion_type,Oscillator 3 Distortion Type,Indexed,0.0,12.0,12.0,RM <- Sample,66,0.006862133499688085,66,0.006878582595101616
osc_3_distortion_type,Oscillator 3 Distortion Type,Indexed,0.0,12.0,2.0,Formant,198,0.020586400499064253,198,0.020635747785304845
osc_3_distortion_type,Oscillator 3 Distortion Type,Indexed,0.0,12.0,3.0,Quantize,77,0.008005822416302766,77,0.00802501302761855
osc_3_distortion_type,Oscillator 3 Distortion Type,Indexed,0.0,12.0,4.0,Bend,143,0.014867955915990851,143,0.014903595622720167
osc_3_distortion_type,Oscillator 3 Distortion Type,Indexed,0.0,12.0,5.0,Squeeze,98,0.010189228529839884,98,0.010213652944241793
osc_3_distortion_type,Oscillator 3 Distortion Type,Indexed,0.0,12.0,6.0,Pulse,65,0.006758161779995841,65,0.006774361646690985
osc_3_distortion_type,Oscillator 3 Distortion Type,Indexed,0.0,12.0,7.0,FM <- Osc,225,0.023393636930754833,225,0.02344971339239187
osc_3_distortion_type,Oscillator 3 Distortion Type,Indexed,0.0,12.0,8.0,FM <- Osc,211,0.021938032855063423,211,0.021990620114643044
osc_3_distortion_type,Oscillator 3 Distortion Type,Indexed,0.0,12.0,9.0,FM <- Sample,82,0.008525681014763984,82,0.008546117769671704
osc_3_midi_track,Oscillator 3 Midi Track,Indexed,0.0,1.0,0.0,Off,76,0.007901850696610521,76,0.007920792079207921
osc_3_midi_track,Oscillator 3 Midi Track,Indexed,0.0,1.0,1.0,On,9542,0.9920981493033895,9519,0.9920792079207921
osc_3_on,Oscillator 3 Switch,Indexed,0.0,1.0,0.0,Off,4456,0.46329798294863794,4442,0.46294945284002087
osc_3_on,Oscillator 3 Switch,Indexed,0.0,1.0,1.0,On,5162,0.536702017051362,5153,0.5370505471599791
osc_3_smooth_interpolation,Oscillator 3 Smooth Interpolation,Indexed,0.0,1.0,0.0,Off,9309,0.9678727386150967,9287,0.9678999478895258
osc_3_smooth_interpolation,Oscillator 3 Smooth Interpolation,Indexed,0.0,1.0,1.0,On,309,0.03212726138490331,308,0.0321000521104742
osc_3_spectral_morph_type,Oscillator 3 Frequency Morph Type,Indexed,0.0,11.0,0.0,None,7936,0.825119567477646,7914,0.8248045857217301
osc_3_spectral_morph_type,Oscillator 3 Frequency Morph Type,Indexed,0.0,11.0,1.0,Vocode,150,0.015595757953836557,150,0.015633142261594582
osc_3_spectral_morph_type,Oscillator 3 Frequency Morph Type,Indexed,0.0,11.0,10.0,Shepard Tone,31,0.003223123310459555,31,0.003230849400729547
osc_3_spectral_morph_type,Oscillator 3 Frequency Morph Type,Indexed,0.0,11.0,11.0,Spectral Time Skew,53,0.005510501143688917,53,0.0055237102657634185
osc_3_spectral_morph_type,Oscillator 3 Frequency Morph Type,Indexed,0.0,11.0,12.0,,53,0.005510501143688917,53,0.0055237102657634185
osc_3_spectral_morph_type,Oscillator 3 Frequency Morph Type,Indexed,0.0,11.0,13.0,,101,0.010501143688916614,101,0.010526315789473684
osc_3_spectral_morph_type,Oscillator 3 Frequency Morph Type,Indexed,0.0,11.0,14.0,,28,0.002911208151382824,28,0.002918186555497655
osc_3_spectral_morph_type,Oscillator 3 Frequency Morph Type,Indexed,0.0,11.0,15.0,,59,0.006134331461842379,59,0.006149035956227201
osc_3_spectral_morph_type,Oscillator 3 Frequency Morph Type,Indexed,0.0,11.0,2.0,Formant Scale,199,0.020690372218756498,198,0.020635747785304845
osc_3_spectral_morph_type,Oscillator 3 Frequency Morph Type,Indexed,0.0,11.0,3.0,Harmonic Stretch,153,0.015907673112913287,153,0.01594580510682647
osc_3_spectral_morph_type,Oscillator 3 Frequency Morph Type,Indexed,0.0,11.0,4.0,Inharmonic Stretch,106,0.011021002287377834,106,0.011047420531526837
osc_3_spectral_morph_type,Oscillator 3 Frequency Morph Type,Indexed,0.0,11.0,5.0,Smear,198,0.020586400499064253,198,0.020635747785304845
osc_3_spectral_morph_type,Oscillator 3 Frequency Morph Type,Indexed,0.0,11.0,6.0,Random Amplitudes,99,0.010293200249532126,99,0.010317873892652422
osc_3_spectral_morph_type,Oscillator 3 Frequency Morph Type,Indexed,0.0,11.0,7.0,Low Pass,317,0.03295903514244126,317,0.03303804064616988
osc_3_spectral_morph_type,Oscillator 3 Frequency Morph Type,Indexed,0.0,11.0,8.0,High Pass,62,0.00644624662091911,62,0.006461698801459094
osc_3_spectral_morph_type,Oscillator 3 Frequency Morph Type,Indexed,0.0,11.0,9.0,Phase Disperse,73,0.007589935537533791,73,0.0076081292339760295
osc_3_spectral_unison,Oscillator 3 Spectral Unison,Indexed,0.0,1.0,0.0,Off,11,0.0011436889166146808,11,0.0011464304325169358
osc_3_spectral_unison,Oscillator 3 Spectral Unison,Indexed,0.0,1.0,1.0,On,9602,0.9983364524849241,9579,0.9983324648254299
osc_3_spectral_unison,Oscillator 3 Spectral Unison,Indexed,0.0,1.0,2.0,,5,0.0005198585984612185,5,0.0005211047420531526
osc_3_stack_style,Oscillator 3 Stack Style,Indexed,0.0,10.0,0.0,Unison,9371,0.9743189852360158,9349,0.9743616466909849
osc_3_stack_style,Oscillator 3 Stack Style,Indexed,0.0,10.0,1.0,Center Drop 12,41,0.004262840507381992,41,0.004273058884835852
osc_3_stack_style,Oscillator 3 Stack Style,Indexed,0.0,10.0,10.0,Odd Harmonics,41,0.004262840507381992,41,0.004273058884835852
osc_3_stack_style,Oscillator 3 Stack Style,Indexed,0.0,10.0,11.0,,15,0.0015595757953836558,15,0.001563314226159458
osc_3_stack_style,Oscillator 3 Stack Style,Indexed,0.0,10.0,12.0,,14,0.001455604075691412,13,0.001354872329338197
osc_3_stack_style,Oscillator 3 Stack Style,Indexed,0.0,10.0,2.0,Center Drop 24,12,0.0012476606363069245,12,0.0012506513809275664
osc_3_stack_style,Oscillator 3 Stack Style,Indexed,0.0,10.0,3.0,Octave,36,0.0037429819089207735,36,0.0037519541427826993
osc_3_stack_style,Oscillator 3 Stack Style,Indexed,0.0,10.0,4.0,2x Octave,16,0.0016635475150758993,16,0.0016675351745700886
osc_3_stack_style,Oscillator 3 Stack Style,Indexed,0.0,10.0,5.0,Power Chord,15,0.0015595757953836558,15,0.001563314226159458
osc_3_stack_style,Oscillator 3 Stack Style,Indexed,0.0,10.0,6.0,2x Power Chord,27,0.0028072364316905803,27,0.0028139656070870246
osc_3_stack_style,Oscillator 3 Stack Style,Indexed,0.0,10.0,7.0,Major Chord,4,0.0004158868787689748,4,0.00041688379364252214
osc_3_stack_style,Oscillator 3 Stack Style,Indexed,0.0,10.0,8.0,Minor Chord,6,0.0006238303181534623,6,0.0006253256904637832
osc_3_stack_style,Oscillator 3 Stack Style,Indexed,0.0,10.0,9.0,Harmonics,20,0.002079434393844874,20,0.0020844189682126106
osc_3_transpose,Oscillator 3 Transpose,Indexed,-48.0,48.0,-1.0,,9,0.0009357454772301934,9,0.0009379885356956748
osc_3_transpose,Oscillator 3 Transpose,Indexed,-48.0,48.0,-10.0,,8,0.0008317737575379496,8,0.0008337675872850443
osc_3_transpose,Oscillator 3 Transpose,Indexed,-48.0,48.0,-11.0,,15,0.0015595757953836558,15,0.001563314226159458
osc_3_transpose,Oscillator 3 Transpose,Indexed,-48.0,48.0,-12.0,,1117,0.11613641089623622,1117,0.1164147993746743
osc_3_transpose,Oscillator 3 Transpose,Indexed,-48.0,48.0,-13.0,,6,0.0006238303181534623,6,0.0006253256904637832
osc_3_transpose,Oscillator 3 Transpose,Indexed,-48.0,48.0,-14.0,,7,0.000727802037845706,7,0.0007295466388744137
osc_3_transpose,Oscillator 3 Transpose,Indexed,-48.0,48.0,-15.0,,6,0.0006238303181534623,6,0.0006253256904637832
osc_3_transpose,Oscillator 3 Transpose,Indexed,-48.0,48.0,-16.0,,14,0.001455604075691412,14,0.0014590932777488275
osc_3_transpose,Oscillator 3 Transpose,Indexed,-48.0,48.0,-17.0,,8,0.0008317737575379496,8,0.0008337675872850443
osc_3_transpose,Oscillator 3 Transpose,Indexed,-48.0,48.0,-18.0,,4,0.0004158868787689748,4,0.00041688379364252214
osc_3_transpose,Oscillator 3 Transpose,Indexed,-48.0,48.0,-19.0,,14,0.001455604075691412,14,0.0014590932777488275
osc_3_transpose,Oscillator 3 Transpose,Indexed,-48.0,48.0,-2.0,,7,0.000727802037845706,7,0.0007295466388744137
osc_3_transpose,Oscillator 3 Transpose,Indexed,-48.0,48.0,-20.0,,13,0.0013516323559991683,13,0.001354872329338197
osc_3_transpose,Oscillator 3 Transpose,Indexed,-48.0,48.0,-21.0,,3,0.00031191515907673113,3,0.0003126628452318916
osc_3_transpose,Oscillator 3 Transpose,Indexed,-48.0,48.0,-22.0,,12,0.0012476606363069245,12,0.0012506513809275664
osc_3_transpose,Oscillator 3 Transpose,Indexed,-48.0,48.0,-23.0,,6,0.0006238303181534623,6,0.0006253256904637832
osc_3_transpose,Oscillator 3 Transpose,Indexed,-48.0,48.0,-24.0,,864,0.08983156581409857,862,0.08983845752996353
osc_3_transpose,Oscillator 3 Transpose,Indexed,-48.0,48.0,-25.0,,5,0.0005198585984612185,5,0.0005211047420531526
osc_3_transpose,Oscillator 3 Transpose,Indexed,-48.0,48.0,-26.0,,6,0.0006238303181534623,6,0.0006253256904637832
osc_3_transpose,Oscillator 3 Transpose,Indexed,-48.0,48.0,-27.0,,3,0.00031191515907673113,3,0.0003126628452318916
osc_3_transpose,Oscillator 3 Transpose,Indexed,-48.0,48.0,-28.0,,4,0.0004158868787689748,4,0.00041688379364252214
osc_3_transpose,Oscillator 3 Transpose,Indexed,-48.0,48.0,-29.0,,4,0.0004158868787689748,4,0.00041688379364252214
osc_3_transpose,Oscillator 3 Transpose,Indexed,-48.0,48.0,-3.0,,7,0.000727802037845706,7,0.0007295466388744137
osc_3_transpose,Oscillator 3 Transpose,Indexed,-48.0,48.0,-30.0,,3,0.00031191515907673113,3,0.0003126628452318916
osc_3_transpose,Oscillator 3 Transpose,Indexed,-48.0,48.0,-31.0,,5,0.0005198585984612185,5,0.0005211047420531526
osc_3_transpose,Oscillator 3 Transpose,Indexed,-48.0,48.0,-32.0,,3,0.00031191515907673113,3,0.0003126628452318916
osc_3_transpose,Oscillator 3 Transpose,Indexed,-48.0,48.0,-33.0,,1,0.0001039717196922437,1,0.00010422094841063054
osc_3_transpose,Oscillator 3 Transpose,Indexed,-48.0,48.0,-34.0,,4,0.0004158868787689748,4,0.00041688379364252214
osc_3_transpose,Oscillator 3 Transpose,Indexed,-48.0,48.0,-35.0,,1,0.0001039717196922437,1,0.00010422094841063054
osc_3_transpose,Oscillator 3 Transpose,Indexed,-48.0,48.0,-36.0,,88,0.009149511332917446,88,0.009171443460135487
osc_3_transpose,Oscillator 3 Transpose,Indexed,-48.0,48.0,-37.0,,2,0.0002079434393844874,2,0.00020844189682126107
osc_3_transpose,Oscillator 3 Transpose,Indexed,-48.0,48.0,-38.0,,2,0.0002079434393844874,2,0.00020844189682126107
osc_3_transpose,Oscillator 3 Transpose,Indexed,-48.0,48.0,-4.0,,8,0.0008317737575379496,8,0.0008337675872850443
osc_3_transpose,Oscillator 3 Transpose,Indexed,-48.0,48.0,-40.0,,1,0.0001039717196922437,1,0.00010422094841063054
osc_3_transpose,Oscillator 3 Transpose,Indexed,-48.0,48.0,-41.0,,3,0.00031191515907673113,3,0.0003126628452318916
osc_3_transpose,Oscillator 3 Transpose,Indexed,-48.0,48.0,-43.0,,2,0.0002079434393844874,2,0.00020844189682126107
osc_3_transpose,Oscillator 3 Transpose,Indexed,-48.0,48.0,-44.0,,1,0.0001039717196922437,1,0.00010422094841063054
osc_3_transpose,Oscillator 3 Transpose,Indexed,-48.0,48.0,-45.0,,2,0.0002079434393844874,2,0.00020844189682126107
osc_3_transpose,Oscillator 3 Transpose,Indexed,-48.0,48.0,-47.0,,1,0.0001039717196922437,1,0.00010422094841063054
osc_3_transpose,Oscillator 3 Transpose,Indexed,-48.0,48.0,-48.0,,73,0.007589935537533791,73,0.0076081292339760295
osc_3_transpose,Oscillator 3 Transpose,Indexed,-48.0,48.0,-5.0,,47,0.004886670825535454,47,0.004898384575299636
osc_3_transpose,Oscillator 3 Transpose,Indexed,-48.0,48.0,-6.0,,10,0.001039717196922437,10,0.0010422094841063053
osc_3_transpose,Oscillator 3 Transpose,Indexed,-48.0,48.0,-7.0,,23,0.0023913495529216053,23,0.0023970818134445024
osc_3_transpose,Oscillator 3 Transpose,Indexed,-48.0,48.0,-8.0,,6,0.0006238303181534623,6,0.0006253256904637832
osc_3_transpose,Oscillator 3 Transpose,Indexed,-48.0,48.0,-9.0,,5,0.0005198585984612185,5,0.0005211047420531526
osc_3_transpose,Oscillator 3 Transpose,Indexed,-48.0,48.0,0.0,,6110,0.6352672073196091,6093,0.6350182386659718
osc_3_transpose,Oscillator 3 Transpose,Indexed,-48.0,48.0,1.0,,6,0.0006238303181534623,6,0.0006253256904637832
osc_3_transpose,Oscillator 3 Transpose,Indexed,-48.0,48.0,10.0,,9,0.0009357454772301934,9,0.0009379885356956748
osc_3_transpose,Oscillator 3 Transpose,Indexed,-48.0,48.0,11.0,,6,0.0006238303181534623,6,0.0006253256904637832
osc_3_transpose,Oscillator 3 Transpose,Indexed,-48.0,48.0,12.0,,564,0.058640049906425455,561,0.058467952058363734
osc_3_transpose,Oscillator 3 Transpose,Indexed,-48.0,48.0,13.0,,3,0.00031191515907673113,3,0.0003126628452318916
osc_3_transpose,Oscillator 3 Transpose,Indexed,-48.0,48.0,14.0,,10,0.001039717196922437,10,0.0010422094841063053
osc_3_transpose,Oscillator 3 Transpose,Indexed,-48.0,48.0,15.0,,2,0.0002079434393844874,2,0.00020844189682126107
osc_3_transpose,Oscillator 3 Transpose,Indexed,-48.0,48.0,16.0,,3,0.00031191515907673113,3,0.0003126628452318916
osc_3_transpose,Oscillator 3 Transpose,Indexed,-48.0,48.0,17.0,,3,0.00031191515907673113,3,0.0003126628452318916
osc_3_transpose,Oscillator 3 Transpose,Indexed,-48.0,48.0,18.0,,2,0.0002079434393844874,2,0.00020844189682126107
osc_3_transpose,Oscillator 3 Transpose,Indexed,-48.0,48.0,19.0,,39,0.004054897067997504,39,0.004064616988014591
osc_3_transpose,Oscillator 3 Transpose,Indexed,-48.0,48.0,2.0,,4,0.0004158868787689748,4,0.00041688379364252214
osc_3_transpose,Oscillator 3 Transpose,Indexed,-48.0,48.0,20.0,,5,0.0005198585984612185,5,0.0005211047420531526
osc_3_transpose,Oscillator 3 Transpose,Indexed,-48.0,48.0,21.0,,3,0.00031191515907673113,3,0.0003126628452318916
osc_3_transpose,Oscillator 3 Transpose,Indexed,-48.0,48.0,22.0,,2,0.0002079434393844874,2,0.00020844189682126107
osc_3_transpose,Oscillator 3 Transpose,Indexed,-48.0,48.0,23.0,,4,0.0004158868787689748,4,0.00041688379364252214
osc_3_transpose,Oscillator 3 Transpose,Indexed,-48.0,48.0,24.0,,150,0.015595757953836557,150,0.015633142261594582
osc_3_transpose,Oscillator 3 Transpose,Indexed,-48.0,48.0,28.0,,8,0.0008317737575379496,8,0.0008337675872850443
osc_3_transpose,Oscillator 3 Transpose,Indexed,-48.0,48.0,29.0,,1,0.0001039717196922437,1,0.00010422094841063054
osc_3_transpose,Oscillator 3 Transpose,Indexed,-48.0,48.0,3.0,,7,0.000727802037845706,7,0.0007295466388744137
osc_3_transpose,Oscillator 3 Transpose,Indexed,-48.0,48.0,30.0,,1,0.0001039717196922437,1,0.00010422094841063054
osc_3_transpose,Oscillator 3 Transpose,Indexed,-48.0,48.0,31.0,,8,0.0008317737575379496,8,0.0008337675872850443
osc_3_transpose,Oscillator 3 Transpose,Indexed,-48.0,48.0,32.0,,2,0.0002079434393844874,2,0.00020844189682126107
osc_3_transpose,Oscillator 3 Transpose,Indexed,-48.0,48.0,33.0,,1,0.0001039717196922437,1,0.00010422094841063054
osc_3_transpose,Oscillator 3 Transpose,Indexed,-48.0,48.0,36.0,,33,0.0034310667498440423,33,0.003439291297550808
osc_3_transpose,Oscillator 3 Transpose,Indexed,-48.0,48.0,39.0,,1,0.0001039717196922437,1,0.00010422094841063054
osc_3_transpose,Oscillator 3 Transpose,Indexed,-48.0,48.0,4.0,,23,0.0023913495529216053,23,0.0023970818134445024
osc_3_transpose,Oscillator 3 Transpose,Indexed,-48.0,48.0,40.0,,1,0.0001039717196922437,1,0.00010422094841063054
osc_3_transpose,Oscillator 3 Transpose,Indexed,-48.0,48.0,43.0,,7,0.000727802037845706,7,0.0007295466388744137
osc_3_transpose,Oscillator 3 Transpose,Indexed,-48.0,48.0,44.0,,1,0.0001039717196922437,1,0.00010422094841063054
osc_3_transpose,Oscillator 3 Transpose,Indexed,-48.0,48.0,46.0,,3,0.00031191515907673113,3,0.0003126628452318916
osc_3_transpose,Oscillator 3 Transpose,Indexed,-48.0,48.0,48.0,,35,0.00363901018922853,35,0.0036477331943720686
osc_3_transpose,Oscillator 3 Transpose,Indexed,-48.0,48.0,5.0,,23,0.0023913495529216053,22,0.0022928608650338717
osc_3_transpose,Oscillator 3 Transpose,Indexed,-48.0,48.0,6.0,,13,0.0013516323559991683,13,0.001354872329338197
osc_3_transpose,Oscillator 3 Transpose,Indexed,-48.0,48.0,7.0,,86,0.008941567893532959,86,0.008963001563314227
osc_3_transpose,Oscillator 3 Transpose,Indexed,-48.0,48.0,8.0,,4,0.0004158868787689748,4,0.00041688379364252214
osc_3_transpose,Oscillator 3 Transpose,Indexed,-48.0,48.0,9.0,,2,0.0002079434393844874,2,0.00020844189682126107
osc_3_transpose_quantize,Oscillator 3 Transpose Quantize,Indexed,0.0,8191.0,0.0,,9472,0.9848201289249324,9449,0.984783741532048
osc_3_transpose_quantize,Oscillator 3 Transpose Quantize,Indexed,0.0,8191.0,1.0,,27,0.0028072364316905803,27,0.0028139656070870246
osc_3_transpose_quantize,Oscillator 3 Transpose Quantize,Indexed,0.0,8191.0,1024.0,,6,0.0006238303181534623,6,0.0006253256904637832
osc_3_transpose_quantize,Oscillator 3 Transpose Quantize,Indexed,0.0,8191.0,1026.0,,1,0.0001039717196922437,1,0.00010422094841063054
osc_3_transpose_quantize,Oscillator 3 Transpose Quantize,Indexed,0.0,8191.0,1057.0,,2,0.0002079434393844874,2,0.00020844189682126107
osc_3_transpose_quantize,Oscillator 3 Transpose Quantize,Indexed,0.0,8191.0,1153.0,,2,0.0002079434393844874,2,0.00020844189682126107
osc_3_transpose_quantize,Oscillator 3 Transpose Quantize,Indexed,0.0,8191.0,1161.0,,2,0.0002079434393844874,2,0.00020844189682126107
osc_3_transpose_quantize,Oscillator 3 Transpose Quantize,Indexed,0.0,8191.0,1192.0,,1,0.0001039717196922437,1,0.00010422094841063054
osc_3_transpose_quantize,Oscillator 3 Transpose Quantize,Indexed,0.0,8191.0,1193.0,,3,0.00031191515907673113,3,0.0003126628452318916
osc_3_transpose_quantize,Oscillator 3 Transpose Quantize,Indexed,0.0,8191.0,1197.0,,3,0.00031191515907673113,3,0.0003126628452318916
osc_3_transpose_quantize,Oscillator 3 Transpose Quantize,Indexed,0.0,8191.0,128.0,,3,0.00031191515907673113,3,0.0003126628452318916
osc_3_transpose_quantize,Oscillator 3 Transpose Quantize,Indexed,0.0,8191.0,129.0,,4,0.0004158868787689748,4,0.00041688379364252214
osc_3_transpose_quantize,Oscillator 3 Transpose Quantize,Indexed,0.0,8191.0,1297.0,,1,0.0001039717196922437,1,0.00010422094841063054
osc_3_transpose_quantize,Oscillator 3 Transpose Quantize,Indexed,0.0,8191.0,132.0,,2,0.0002079434393844874,2,0.00020844189682126107
osc_3_transpose_quantize,Oscillator 3 Transpose Quantize,Indexed,0.0,8191.0,1321.0,,1,0.0001039717196922437,1,0.00010422094841063054
osc_3_transpose_quantize,Oscillator 3 Transpose Quantize,Indexed,0.0,8191.0,1439.0,,3,0.00031191515907673113,3,0.0003126628452318916
osc_3_transpose_quantize,Oscillator 3 Transpose Quantize,Indexed,0.0,8191.0,1453.0,,1,0.0001039717196922437,1,0.00010422094841063054
osc_3_transpose_quantize,Oscillator 3 Transpose Quantize,Indexed,0.0,8191.0,161.0,,1,0.0001039717196922437,1,0.00010422094841063054
osc_3_transpose_quantize,Oscillator 3 Transpose Quantize,Indexed,0.0,8191.0,1661.0,,1,0.0001039717196922437,1,0.00010422094841063054
osc_3_transpose_quantize,Oscillator 3 Transpose Quantize,Indexed,0.0,8191.0,1699.0,,2,0.0002079434393844874,2,0.00020844189682126107
osc_3_transpose_quantize,Oscillator 3 Transpose Quantize,Indexed,0.0,8191.0,17.0,,1,0.0001039717196922437,1,0.00010422094841063054
osc_3_transpose_quantize,Oscillator 3 Transpose Quantize,Indexed,0.0,8191.0,1898.0,,1,0.0001039717196922437,1,0.00010422094841063054
osc_3_transpose_quantize,Oscillator 3 Transpose Quantize,Indexed,0.0,8191.0,1931.0,,1,0.0001039717196922437,1,0.00010422094841063054
osc_3_transpose_quantize,Oscillator 3 Transpose Quantize,Indexed,0.0,8191.0,2.0,,1,0.0001039717196922437,1,0.00010422094841063054
osc_3_transpose_quantize,Oscillator 3 Transpose Quantize,Indexed,0.0,8191.0,2048.0,,1,0.0001039717196922437,1,0.00010422094841063054
osc_3_transpose_quantize,Oscillator 3 Transpose Quantize,Indexed,0.0,8191.0,2049.0,,2,0.0002079434393844874,2,0.00020844189682126107
osc_3_transpose_quantize,Oscillator 3 Transpose Quantize,Indexed,0.0,8191.0,2064.0,,1,0.0001039717196922437,1,0.00010422094841063054
osc_3_transpose_quantize,Oscillator 3 Transpose Quantize,Indexed,0.0,8191.0,2081.0,,1,0.0001039717196922437,1,0.00010422094841063054
osc_3_transpose_quantize,Oscillator 3 Transpose Quantize,Indexed,0.0,8191.0,2114.0,,1,0.0001039717196922437,1,0.00010422094841063054
osc_3_transpose_quantize,Oscillator 3 Transpose Quantize,Indexed,0.0,8191.0,2193.0,,1,0.0001039717196922437,1,0.00010422094841063054
osc_3_transpose_quantize,Oscillator 3 Transpose Quantize,Indexed,0.0,8191.0,2213.0,,1,0.0001039717196922437,1,0.00010422094841063054
osc_3_transpose_quantize,Oscillator 3 Transpose Quantize,Indexed,0.0,8191.0,2322.0,,1,0.0001039717196922437,1,0.00010422094841063054
osc_3_transpose_quantize,Oscillator 3 Transpose Quantize,Indexed,0.0,8191.0,2477.0,,1,0.0001039717196922437,1,0.00010422094841063054
osc_3_transpose_quantize,Oscillator 3 Transpose Quantize,Indexed,0.0,8191.0,2741.0,,1,0.0001039717196922437,1,0.00010422094841063054
osc_3_transpose_quantize,Oscillator 3 Transpose Quantize,Indexed,0.0,8191.0,2813.0,,1,0.0001039717196922437,1,0.00010422094841063054
osc_3_transpose_quantize,Oscillator 3 Transpose Quantize,Indexed,0.0,8191.0,3075.0,,1,0.0001039717196922437,1,0.00010422094841063054
osc_3_transpose_quantize,Oscillator 3 Transpose Quantize,Indexed,0.0,8191.0,32.0,,3,0.00031191515907673113,3,0.0003126628452318916
osc_3_transpose_quantize,Oscillator 3 Transpose Quantize,Indexed,0.0,8191.0,33.0,,4,0.0004158868787689748,4,0.00041688379364252214
osc_3_transpose_quantize,Oscillator 3 Transpose Quantize,Indexed,0.0,8191.0,34.0,,1,0.0001039717196922437,1,0.00010422094841063054
osc_3_transpose_quantize,Oscillator 3 Transpose Quantize,Indexed,0.0,8191.0,3408.0,,1,0.0001039717196922437,1,0.00010422094841063054
osc_3_transpose_quantize,Oscillator 3 Transpose Quantize,Indexed,0.0,8191.0,36.0,,1,0.0001039717196922437,1,0.00010422094841063054
osc_3_transpose_quantize,Oscillator 3 Transpose Quantize,Indexed,0.0,8191.0,393.0,,3,0.00031191515907673113,3,0.0003126628452318916
osc_3_transpose_quantize,Oscillator 3 Transpose Quantize,Indexed,0.0,8191.0,4.0,,4,0.0004158868787689748,4,0.00041688379364252214
osc_3_transpose_quantize,Oscillator 3 Transpose Quantize,Indexed,0.0,8191.0,408.0,,1,0.0001039717196922437,1,0.00010422094841063054
osc_3_transpose_quantize,Oscillator 3 Transpose Quantize,Indexed,0.0,8191.0,4095.0,,1,0.0001039717196922437,1,0.00010422094841063054
osc_3_transpose_quantize,Oscillator 3 Transpose Quantize,Indexed,0.0,8191.0,4096.0,,8,0.0008317737575379496,8,0.0008337675872850443
osc_3_transpose_quantize,Oscillator 3 Transpose Quantize,Indexed,0.0,8191.0,4097.0,,2,0.0002079434393844874,2,0.00020844189682126107
osc_3_transpose_quantize,Oscillator 3 Transpose Quantize,Indexed,0.0,8191.0,41.0,,1,0.0001039717196922437,1,0.00010422094841063054
osc_3_transpose_quantize,Oscillator 3 Transpose Quantize,Indexed,0.0,8191.0,4104.0,,2,0.0002079434393844874,2,0.00020844189682126107
osc_3_transpose_quantize,Oscillator 3 Transpose Quantize,Indexed,0.0,8191.0,4128.0,,2,0.0002079434393844874,2,0.00020844189682126107
osc_3_transpose_quantize,Oscillator 3 Transpose Quantize,Indexed,0.0,8191.0,42.0,,1,0.0001039717196922437,1,0.00010422094841063054
osc_3_transpose_quantize,Oscillator 3 Transpose Quantize,Indexed,0.0,8191.0,4233.0,,1,0.0001039717196922437,1,0.00010422094841063054
osc_3_transpose_quantize,Oscillator 3 Transpose Quantize,Indexed,0.0,8191.0,4241.0,,1,0.0001039717196922437,1,0.00010422094841063054
osc_3_transpose_quantize,Oscillator 3 Transpose Quantize,Indexed,0.0,8191.0,4393.0,,1,0.0001039717196922437,1,0.00010422094841063054
osc_3_transpose_quantize,Oscillator 3 Transpose Quantize,Indexed,0.0,8191.0,4442.0,,1,0.0001039717196922437,1,0.00010422094841063054
osc_3_transpose_quantize,Oscillator 3 Transpose Quantize,Indexed,0.0,8191.0,4525.0,,1,0.0001039717196922437,1,0.00010422094841063054
osc_3_transpose_quantize,Oscillator 3 Transpose Quantize,Indexed,0.0,8191.0,4678.0,,1,0.0001039717196922437,1,0.00010422094841063054
osc_3_transpose_quantize,Oscillator 3 Transpose Quantize,Indexed,0.0,8191.0,5.0,,1,0.0001039717196922437,1,0.00010422094841063054
osc_3_transpose_quantize,Oscillator 3 Transpose Quantize,Indexed,0.0,8191.0,512.0,,1,0.0001039717196922437,1,0.00010422094841063054
osc_3_transpose_quantize,Oscillator 3 Transpose Quantize,Indexed,0.0,8191.0,513.0,,1,0.0001039717196922437,1,0.00010422094841063054
osc_3_transpose_quantize,Oscillator 3 Transpose Quantize,Indexed,0.0,8191.0,529.0,,2,0.0002079434393844874,2,0.00020844189682126107
osc_3_transpose_quantize,Oscillator 3 Transpose Quantize,Indexed,0.0,8191.0,5450.0,,3,0.00031191515907673113,3,0.0003126628452318916
osc_3_transpose_quantize,Oscillator 3 Transpose Quantize,Indexed,0.0,8191.0,5483.0,,1,0.0001039717196922437,1,0.00010422094841063054
osc_3_transpose_quantize,Oscillator 3 Transpose Quantize,Indexed,0.0,8191.0,5549.0,,1,0.0001039717196922437,1,0.00010422094841063054
osc_3_transpose_quantize,Oscillator 3 Transpose Quantize,Indexed,0.0,8191.0,582.0,,1,0.0001039717196922437,1,0.00010422094841063054
osc_3_transpose_quantize,Oscillator 3 Transpose Quantize,Indexed,0.0,8191.0,64.0,,2,0.0002079434393844874,2,0.00020844189682126107
osc_3_transpose_quantize,Oscillator 3 Transpose Quantize,Indexed,0.0,8191.0,661.0,,2,0.0002079434393844874,2,0.00020844189682126107
osc_3_transpose_quantize,Oscillator 3 Transpose Quantize,Indexed,0.0,8191.0,676.0,,1,0.0001039717196922437,1,0.00010422094841063054
osc_3_transpose_quantize,Oscillator 3 Transpose Quantize,Indexed,0.0,8191.0,677.0,,1,0.0001039717196922437,1,0.00010422094841063054
osc_3_transpose_quantize,Oscillator 3 Transpose Quantize,Indexed,0.0,8191.0,693.0,,1,0.0001039717196922437,1,0.00010422094841063054
osc_3_transpose_quantize,Oscillator 3 Transpose Quantize,Indexed,0.0,8191.0,784.0,,1,0.0001039717196922437,1,0.00010422094841063054
osc_3_transpose_quantize,Oscillator 3 Transpose Quantize,Indexed,0.0,8191.0,8.0,,2,0.0002079434393844874,2,0.00020844189682126107
osc_3_transpose_quantize,Oscillator 3 Transpose Quantize,Indexed,0.0,8191.0,9.0,,1,0.0001039717196922437,1,0.00010422094841063054
osc_3_unison_voices,Oscillator 3 Unison Voices,Indexed,1.0,16.0,1.0,,7039,0.7318569349137035,7020,0.7316310578426264
osc_3_unison_voices,Oscillator 3 Unison Voices,Indexed,1.0,16.0,10.0,,65,0.006758161779995841,65,0.006774361646690985
osc_3_unison_voices,Oscillator 3 Unison Voices,Indexed,1.0,16.0,11.0,,39,0.004054897067997504,39,0.004064616988014591
osc_3_unison_voices,Oscillator 3 Unison Voices,Indexed,1.0,16.0,12.0,,75,0.007797878976918278,75,0.007816571130797291
osc_3_unison_voices,Oscillator 3 Unison Voices,Indexed,1.0,16.0,13.0,,16,0.0016635475150758993,16,0.0016675351745700886
osc_3_unison_voices,Oscillator 3 Unison Voices,Indexed,1.0,16.0,14.0,,17,0.001767519234768143,17,0.0017717561229807191
osc_3_unison_voices,Oscillator 3 Unison Voices,Indexed,1.0,16.0,15.0,,24,0.002495321272613849,24,0.0025013027618551328
osc_3_unison_voices,Oscillator 3 Unison Voices,Indexed,1.0,16.0,16.0,,488,0.05073819920981493,486,0.05065138092756644
osc_3_unison_voices,Oscillator 3 Unison Voices,Indexed,1.0,16.0,2.0,,375,0.03898939488459139,375,0.03908285565398645
osc_3_unison_voices,Oscillator 3 Unison Voices,Indexed,1.0,16.0,3.0,,311,0.0323352048242878,311,0.0324127149557061
osc_3_unison_voices,Oscillator 3 Unison Voices,Indexed,1.0,16.0,4.0,,253,0.026304845082137658,253,0.026367899947889527
osc_3_unison_voices,Oscillator 3 Unison Voices,Indexed,1.0,16.0,5.0,,190,0.019754626741526306,190,0.019801980198019802
osc_3_unison_voices,Oscillator 3 Unison Voices,Indexed,1.0,16.0,6.0,,180,0.018714909544603867,180,0.018759770713913496
osc_3_unison_voices,Oscillator 3 Unison Voices,Indexed,1.0,16.0,7.0,,170,0.01767519234768143,170,0.01771756122980719
osc_3_unison_voices,Oscillator 3 Unison Voices,Indexed,1.0,16.0,8.0,,258,0.026824703680598878,258,0.026889004689942677
osc_3_unison_voices,Oscillator 3 Unison Voices,Indexed,1.0,16.0,9.0,,118,0.012268662923684759,116,0.012089630015633143
osc_3_view_2d,Oscillator 3 View 2D,Indexed,0.0,2.0,0.0,Off,252,0.026200873362445413,252,0.026263678999478894
osc_3_view_2d,Oscillator 3 View 2D,Indexed,0.0,2.0,1.0,On,9330,0.9700561447286338,9307,0.9699843668577384
osc_3_view_2d,Oscillator 3 View 2D,Indexed,0.0,2.0,2.0,,36,0.0037429819089207735,36,0.0037519541427826993
oversampling,Oversampling,Indexed,0.0,3.0,0.0,1x,128,0.013308380120607194,127,0.013236060448150079
oversampling,Oversampling,Indexed,0.0,3.0,1.0,2x,9231,0.9597629444791017,9210,0.9598749348619072
oversampling,Oversampling,Indexed,0.0,3.0,2.0,4x,207,0.021522145976294448,206,0.02146951537258989
oversampling,Oversampling,Indexed,0.0,3.0,3.0,8x,52,0.005406529423996673,52,0.005419489317352788
phaser_on,Phaser Switch,Indexed,0.0,1.0,0.0,Off,8160,0.8484092326887087,8141,0.8484627410109432
phaser_on,Phaser Switch,Indexed,0.0,1.0,1.0,On,1458,0.15159076731129134,1454,0.1515372589890568
phaser_sync,Phaser Sync,Indexed,0.0,3.0,0.0,Seconds,108,0.011228945726762321,107,0.011151641479937467
phaser_sync,Phaser Sync,Indexed,0.0,3.0,1.0,Tempo,9467,0.9843002703264712,9445,0.9843668577384054
phaser_sync,Phaser Sync,Indexed,0.0,3.0,2.0,Tempo Dotted,27,0.0028072364316905803,27,0.0028139656070870246
phaser_sync,Phaser Sync,Indexed,0.0,3.0,3.0,Tempo Triplets,16,0.0016635475150758993,16,0.0016675351745700886
phaser_tempo,Phaser Tempo,Indexed,0.0,10.0,0.0,Freeze,572,0.059471823663963405,572,0.05961438249088067
phaser_tempo,Phaser Tempo,Indexed,0.0,10.0,0.07999999821186066,,1,0.0001039717196922437,1,0.00010422094841063054
phaser_tempo,Phaser Tempo,Indexed,0.0,10.0,1.0,32/1,54,0.0056144728633811605,53,0.0055237102657634185
phaser_tempo,Phaser Tempo,Indexed,0.0,10.0,10.0,1/16,17,0.001767519234768143,17,0.0017717561229807191
phaser_tempo,Phaser Tempo,Indexed,0.0,10.0,2.0,16/1,88,0.009149511332917446,87,0.009067222511724857
phaser_tempo,Phaser Tempo,Indexed,0.0,10.0,3.0,8/1,8446,0.8781451445206904,8425,0.8780614903595623
phaser_tempo,Phaser Tempo,Indexed,0.0,10.0,4.0,4/1,157,0.016323559991682262,157,0.016362688900468995
phaser_tempo,Phaser Tempo,Indexed,0.0,10.0,5.0,2/1,117,0.012164691203992514,117,0.012193850964043773
phaser_tempo,Phaser Tempo,Indexed,0.0,10.0,6.0,1/1,77,0.008005822416302766,77,0.00802501302761855
phaser_tempo,Phaser Tempo,Indexed,0.0,10.0,7.0,1/2,41,0.004262840507381992,41,0.004273058884835852
phaser_tempo,Phaser Tempo,Indexed,0.0,10.0,8.0,1/4,41,0.004262840507381992,41,0.004273058884835852
phaser_tempo,Phaser Tempo,Indexed,0.0,10.0,9.0,1/8,7,0.000727802037845706,7,0.0007295466388744137
pitch_bend_range,Pitch Bend Range,Indexed,0.0,48.0,0.0,,90,0.009357454772301934,90,0.009379885356956748
pitch_bend_range,Pitch Bend Range,Indexed,0.0,48.0,1.0,,70,0.00727802037845706,69,0.007191245440333507
pitch_bend_range,Pitch Bend Range,Indexed,0.0,48.0,10.0,,17,0.001767519234768143,17,0.0017717561229807191
pitch_bend_range,Pitch Bend Range,Indexed,0.0,48.0,11.0,,3,0.00031191515907673113,3,0.0003126628452318916
pitch_bend_range,Pitch Bend Range,Indexed,0.0,48.0,12.0,,378,0.039301310043668124,378,0.039395518499218345
pitch_bend_range,Pitch Bend Range,Indexed,0.0,48.0,13.0,,2,0.0002079434393844874,2,0.00020844189682126107
pitch_bend_range,Pitch Bend Range,Indexed,0.0,48.0,14.0,,2,0.0002079434393844874,2,0.00020844189682126107
pitch_bend_range,Pitch Bend Range,Indexed,0.0,48.0,15.0,,2,0.0002079434393844874,2,0.00020844189682126107
pitch_bend_range,Pitch Bend Range,Indexed,0.0,48.0,17.0,,1,0.0001039717196922437,1,0.00010422094841063054
pitch_bend_range,Pitch Bend Range,Indexed,0.0,48.0,2.0,,8861,0.9212934081929716,8839,0.9212089630015633
pitch_bend_range,Pitch Bend Range,Indexed,0.0,48.0,20.0,,1,0.0001039717196922437,1,0.00010422094841063054
pitch_bend_range,Pitch Bend Range,Indexed,0.0,48.0,24.0,,25,0.0025992929923060928,25,0.0026055237102657635
pitch_bend_range,Pitch Bend Range,Indexed,0.0,48.0,3.0,,19,0.0019754626741526303,19,0.0019801980198019802
pitch_bend_range,Pitch Bend Range,Indexed,0.0,48.0,36.0,,3,0.00031191515907673113,3,0.0003126628452318916
pitch_bend_range,Pitch Bend Range,Indexed,0.0,48.0,4.0,,29,0.0030151798710750678,29,0.0030224075039082857
pitch_bend_range,Pitch Bend Range,Indexed,0.0,48.0,48.0,,15,0.0015595757953836558,15,0.001563314226159458
pitch_bend_range,Pitch Bend Range,Indexed,0.0,48.0,5.0,,27,0.0028072364316905803,27,0.0028139656070870246
pitch_bend_range,Pitch Bend Range,Indexed,0.0,48.0,6.0,,18,0.0018714909544603868,18,0.0018759770713913497
pitch_bend_range,Pitch Bend Range,Indexed,0.0,48.0,7.0,,38,0.003950925348305261,38,0.0039603960396039604
pitch_bend_range,Pitch Bend Range,Indexed,0.0,48.0,8.0,,9,0.0009357454772301934,9,0.0009379885356956748
pitch_bend_range,Pitch Bend Range,Indexed,0.0,48.0,9.0,,8,0.0008317737575379496,8,0.0008337675872850443
polyphony,Polyphony,Indexed,1.0,32.0,1.0,,2680,0.2786442087752131,2676,0.27889525794684733
polyphony,Polyphony,Indexed,1.0,32.0,10.0,,53,0.005510501143688917,53,0.0055237102657634185
polyphony,Polyphony,Indexed,1.0,32.0,11.0,,13,0.0013516323559991683,13,0.001354872329338197
polyphony,Polyphony,Indexed,1.0,32.0,12.0,,158,0.016427531711374507,157,0.016362688900468995
polyphony,Polyphony,Indexed,1.0,32.0,13.0,,5,0.0005198585984612185,5,0.0005211047420531526
polyphony,Polyphony,Indexed,1.0,32.0,14.0,,13,0.0013516323559991683,12,0.0012506513809275664
polyphony,Polyphony,Indexed,1.0,32.0,15.0,,7,0.000727802037845706,7,0.0007295466388744137
polyphony,Polyphony,Indexed,1.0,32.0,16.0,,147,0.015283842794759825,147,0.015320479416362689
polyphony,Polyphony,Indexed,1.0,32.0,17.0,,3,0.00031191515907673113,3,0.0003126628452318916
polyphony,Polyphony,Indexed,1.0,32.0,18.0,,6,0.0006238303181534623,6,0.0006253256904637832
polyphony,Polyphony,Indexed,1.0,32.0,19.0,,2,0.0002079434393844874,2,0.00020844189682126107
polyphony,Polyphony,Indexed,1.0,32.0,2.0,,118,0.012268662923684759,118,0.012298071912454403
polyphony,Polyphony,Indexed,1.0,32.0,20.0,,8,0.0008317737575379496,8,0.0008337675872850443
polyphony,Polyphony,Indexed,1.0,32.0,21.0,,5,0.0005198585984612185,5,0.0005211047420531526
polyphony,Polyphony,Indexed,1.0,32.0,22.0,,4,0.0004158868787689748,4,0.00041688379364252214
polyphony,Polyphony,Indexed,1.0,32.0,23.0,,3,0.00031191515907673113,3,0.0003126628452318916
polyphony,Polyphony,Indexed,1.0,32.0,24.0,,16,0.0016635475150758993,16,0.0016675351745700886
polyphony,Polyphony,Indexed,1.0,32.0,25.0,,1,0.0001039717196922437,1,0.00010422094841063054
polyphony,Polyphony,Indexed,1.0,32.0,27.0,,3,0.00031191515907673113,3,0.0003126628452318916
polyphony,Polyphony,Indexed,1.0,32.0,28.0,,2,0.0002079434393844874,2,0.00020844189682126107
polyphony,Polyphony,Indexed,1.0,32.0,3.0,,48,0.004990642545227698,47,0.004898384575299636
polyphony,Polyphony,Indexed,1.0,32.0,30.0,,1,0.0001039717196922437,1,0.00010422094841063054
polyphony,Polyphony,Indexed,1.0,32.0,32.0,,108,0.011228945726762321,108,0.011255862428348098
polyphony,Polyphony,Indexed,1.0,32.0,4.0,,89,0.00925348305260969,88,0.009171443460135487
polyphony,Polyphony,Indexed,1.0,32.0,5.0,,27,0.0028072364316905803,27,0.0028139656070870246
polyphony,Polyphony,Indexed,1.0,32.0,6.0,,54,0.0056144728633811605,54,0.005627931214174049
polyphony,Polyphony,Indexed,1.0,32.0,7.0,,20,0.002079434393844874,20,0.0020844189682126106
polyphony,Polyphony,Indexed,1.0,32.0,8.0,,6007,0.624558120191308,5992,0.6244919228764981
polyphony,Polyphony,Indexed,1.0,32.0,9.0,,17,0.001767519234768143,17,0.0017717561229807191
portamento_force,Portamento Force,Indexed,0.0,1.0,0.0,Off,8546,0.8885423164899148,8523,0.8882751433038041
portamento_force,Portamento Force,Indexed,0.0,1.0,1.0,On,1072,0.11145768351008525,1072,0.11172485669619593
portamento_scale,Portamento Scale,Indexed,0.0,1.0,0.0,Off,9438,0.9812850904553961,9415,0.9812402292860865
portamento_scale,Portamento Scale,Indexed,0.0,1.0,1.0,On,180,0.018714909544603867,180,0.018759770713913496
random_1_keytrack_transpose,Random LFO 1 Transpose,Indexed,-60.0,36.0,-12.0,,9604,0.9985443959243085,9581,0.9985409067222512
random_1_keytrack_transpose,Random LFO 1 Transpose,Indexed,-60.0,36.0,-13.0,,3,0.00031191515907673113,3,0.0003126628452318916
random_1_keytrack_transpose,Random LFO 1 Transpose,Indexed,-60.0,36.0,-22.0,,1,0.0001039717196922437,1,0.00010422094841063054
random_1_keytrack_transpose,Random LFO 1 Transpose,Indexed,-60.0,36.0,-23.0,,1,0.0001039717196922437,1,0.00010422094841063054
random_1_keytrack_transpose,Random LFO 1 Transpose,Indexed,-60.0,36.0,-24.0,,2,0.0002079434393844874,2,0.00020844189682126107
random_1_keytrack_transpose,Random LFO 1 Transpose,Indexed,-60.0,36.0,0.0,,4,0.0004158868787689748,4,0.00041688379364252214
random_1_keytrack_transpose,Random LFO 1 Transpose,Indexed,-60.0,36.0,11.0,,1,0.0001039717196922437,1,0.00010422094841063054
random_1_keytrack_transpose,Random LFO 1 Transpose,Indexed,-60.0,36.0,12.0,,1,0.0001039717196922437,1,0.00010422094841063054
random_1_keytrack_transpose,Random LFO 1 Transpose,Indexed,-60.0,36.0,36.0,,1,0.0001039717196922437,1,0.00010422094841063054
random_1_stereo,Random LFO 1 Stereo,Indexed,0.0,1.0,0.0,Off,9144,0.9507174048658765,9121,0.9505992704533611
random_1_stereo,Random LFO 1 Stereo,Indexed,0.0,1.0,1.0,On,474,0.049282595134123516,474,0.04940072954663888
random_1_style,Random LFO 1 Style,Indexed,0.0,3.0,0.0,Perlin,8850,0.9201497192763568,8829,0.920166753517457
random_1_style,Random LFO 1 Style,Indexed,0.0,3.0,1.0,Sample & Hold,495,0.05146600124766064,493,0.05138092756644085
random_1_style,Random LFO 1 Style,Indexed,0.0,3.0,2.0,Sine Interpolate,182,0.018922852983988356,182,0.018968212610734756
random_1_style,Random LFO 1 Style,Indexed,0.0,3.0,3.0,Lorenz Attractor,91,0.009461426491994178,91,0.009484106305367378
random_1_sync,Random LFO 1 Sync,Indexed,0.0,4.0,0.0,Seconds,483,0.05021834061135371,482,0.05023449713392392
random_1_sync,Random LFO 1 Sync,Indexed,0.0,4.0,1.0,Tempo,9070,0.9430234976086505,9048,0.9429911412193851
random_1_sync,Random LFO 1 Sync,Indexed,0.0,4.0,2.0,Tempo Dotted,32,0.0033270950301517986,32,0.003335070349140177
random_1_sync,Random LFO 1 Sync,Indexed,0.0,4.0,3.0,Tempo Triplets,28,0.002911208151382824,28,0.002918186555497655
random_1_sync,Random LFO 1 Sync,Indexed,0.0,4.0,4.0,Keytrack,5,0.0005198585984612185,5,0.0005211047420531526
random_1_sync_type,Random LFO 1 Sync Type,Indexed,0.0,1.0,0.0,Off,9019,0.937720939904346,8997,0.937675872850443
random_1_sync_type,Random LFO 1 Sync Type,Indexed,0.0,1.0,1.0,On,599,0.06227906009565398,598,0.06232412714955706
random_1_tempo,Random LFO 1 Tempo,Indexed,0.0,12.0,0.0,Freeze,151,0.0156997296735288,150,0.015633142261594582
random_1_tempo,Random LFO 1 Tempo,Indexed,0.0,12.0,1.0,32/1,4,0.0004158868787689748,4,0.00041688379364252214
random_1_tempo,Random LFO 1 Tempo,Indexed,0.0,12.0,10.0,1/16,150,0.015595757953836557,150,0.015633142261594582
random_1_tempo,Random LFO 1 Tempo,Indexed,0.0,12.0,11.0,1/32,48,0.004990642545227698,47,0.004898384575299636
random_1_tempo,Random LFO 1 Tempo,Indexed,0.0,12.0,12.0,1/64,50,0.0051985859846121855,50,0.005211047420531527
random_1_tempo,Random LFO 1 Tempo,Indexed,0.0,12.0,2.0,16/1,10,0.001039717196922437,10,0.0010422094841063053
random_1_tempo,Random LFO 1 Tempo,Indexed,0.0,12.0,3.0,8/1,25,0.0025992929923060928,25,0.0026055237102657635
random_1_tempo,Random LFO 1 Tempo,Indexed,0.0,12.0,4.0,4/1,74,0.007693907257226035,74,0.007712350182386659
random_1_tempo,Random LFO 1 Tempo,Indexed,0.0,12.0,5.0,2/1,95,0.009877313370763153,95,0.009900990099009901
random_1_tempo,Random LFO 1 Tempo,Indexed,0.0,12.0,6.0,1/1,155,0.016115616552297776,155,0.01615424700364773
random_1_tempo,Random LFO 1 Tempo,Indexed,0.0,12.0,7.0,1/2,199,0.020690372218756498,199,0.020739968733715478
random_1_tempo,Random LFO 1 Tempo,Indexed,0.0,12.0,8.0,1/4,8435,0.8770014556040757,8414,0.8769150599270453
random_1_tempo,Random LFO 1 Tempo,Indexed,0.0,12.0,9.0,1/8,222,0.023081721771678103,222,0.02313705054715998
random_2_keytrack_transpose,Random LFO 2 Transpose,Indexed,-60.0,36.0,-12.0,,9617,0.9998960282803078,9594,0.9998957790515893
random_2_keytrack_transpose,Random LFO 2 Transpose,Indexed,-60.0,36.0,0.0,,1,0.0001039717196922437,1,0.00010422094841063054
random_2_stereo,Random LFO 2 Stereo,Indexed,0.0,1.0,0.0,Off,9457,0.9832605531295487,9434,0.9832204273058884
random_2_stereo,Random LFO 2 Stereo,Indexed,0.0,1.0,1.0,On,161,0.016739446870451237,161,0.016779572694111518
random_2_style,Random LFO 2 Style,Indexed,0.0,3.0,0.0,Perlin,9264,0.9631940112289458,9242,0.9632100052110474
random_2_style,Random LFO 2 Style,Indexed,0.0,3.0,1.0,Sample & Hold,217,0.022561863173216887,216,0.022511724856696197
random_2_style,Random LFO 2 Style,Indexed,0.0,3.0,2.0,Sine Interpolate,104,0.010813058847993346,104,0.010838978634705575
random_2_style,Random LFO 2 Style,Indexed,0.0,3.0,3.0,Lorenz Attractor,33,0.0034310667498440423,33,0.003439291297550808
random_2_sync,Random LFO 2 Sync,Indexed,0.0,4.0,0.0,Seconds,273,0.028384279475982533,272,0.028348097967691506
random_2_sync,Random LFO 2 Sync,Indexed,0.0,4.0,1.0,Tempo,9322,0.9692243709710958,9300,0.969254820218864
random_2_sync,Random LFO 2 Sync,Indexed,0.0,4.0,2.0,Tempo Dotted,15,0.0015595757953836558,15,0.001563314226159458
random_2_sync,Random LFO 2 Sync,Indexed,0.0,4.0,3.0,Tempo Triplets,8,0.0008317737575379496,8,0.0008337675872850443
random_2_sync_type,Random LFO 2 Sync Type,Indexed,0.0,1.0,0.0,Off,9398,0.9771262216677064,9375,0.9770713913496613
random_2_sync_type,Random LFO 2 Sync Type,Indexed,0.0,1.0,1.0,On,220,0.022873778332293617,220,0.022928608650338717
random_2_tempo,Random LFO 2 Tempo,Indexed,0.0,12.0,0.0,Freeze,67,0.006966105219380328,67,0.006982803543512246
random_2_tempo,Random LFO 2 Tempo,Indexed,0.0,12.0,1.0,32/1,1,0.0001039717196922437,1,0.00010422094841063054
random_2_tempo,Random LFO 2 Tempo,Indexed,0.0,12.0,10.0,1/16,44,0.004574755666458723,44,0.004585721730067743
random_2_tempo,Random LFO 2 Tempo,Indexed,0.0,12.0,11.0,1/32,10,0.001039717196922437,10,0.0010422094841063053
random_2_tempo,Random LFO 2 Tempo,Indexed,0.0,12.0,12.0,1/64,22,0.0022873778332293615,22,0.0022928608650338717
random_2_tempo,Random LFO 2 Tempo,Indexed,0.0,12.0,2.0,16/1,5,0.0005198585984612185,5,0.0005211047420531526
random_2_tempo,Random LFO 2 Tempo,Indexed,0.0,12.0,3.0,8/1,7,0.000727802037845706,7,0.0007295466388744137
random_2_tempo,Random LFO 2 Tempo,Indexed,0.0,12.0,4.0,4/1,40,0.004158868787689748,40,0.004168837936425221
random_2_tempo,Random LFO 2 Tempo,Indexed,0.0,12.0,5.0,2/1,32,0.0033270950301517986,32,0.003335070349140177
random_2_tempo,Random LFO 2 Tempo,Indexed,0.0,12.0,6.0,1/1,86,0.008941567893532959,86,0.008963001563314227
random_2_tempo,Random LFO 2 Tempo,Indexed,0.0,12.0,7.0,1/2,96,0.009981285090455396,96,0.010005211047420531
random_2_tempo,Random LFO 2 Tempo,Indexed,0.0,12.0,8.0,1/4,9133,0.9495737159492618,9110,0.9494528400208442
random_2_tempo,Random LFO 2 Tempo,Indexed,0.0,12.0,9.0,1/8,75,0.007797878976918278,75,0.007816571130797291
random_3_keytrack_transpose,Random LFO 3 Transpose,Indexed,-60.0,36.0,-12.0,,9617,0.9998960282803078,9594,0.9998957790515893
random_3_keytrack_transpose,Random LFO 3 Transpose,Indexed,-60.0,36.0,28.0,,1,0.0001039717196922437,1,0.00010422094841063054
random_3_stereo,Random LFO 3 Stereo,Indexed,0.0,1.0,0.0,Off,9560,0.9939696402578498,9537,0.9939551849921834
random_3_stereo,Random LFO 3 Stereo,Indexed,0.0,1.0,1.0,On,58,0.0060303597421501355,58,0.006044815007816571
random_3_style,Random LFO 3 Style,Indexed,0.0,3.0,0.0,Perlin,9487,0.9863797047203161,9465,0.986451276706618
random_3_style,Random LFO 3 Style,Indexed,0.0,3.0,1.0,Sample & Hold,85,0.008837596173840716,84,0.008754559666492965
random_3_style,Random LFO 3 Style,Indexed,0.0,3.0,2.0,Sine Interpolate,29,0.0030151798710750678,29,0.0030224075039082857
random_3_style,Random LFO 3 Style,Indexed,0.0,3.0,3.0,Lorenz Attractor,17,0.001767519234768143,17,0.0017717561229807191
random_3_sync,Random LFO 3 Sync,Indexed,0.0,4.0,0.0,Seconds,97,0.010085256810147639,96,0.010005211047420531
random_3_sync,Random LFO 3 Sync,Indexed,0.0,4.0,1.0,Tempo,9505,0.9882511956747765,9483,0.9883272537780093
random_3_sync,Random LFO 3 Sync,Indexed,0.0,4.0,2.0,Tempo Dotted,10,0.001039717196922437,10,0.0010422094841063053
random_3_sync,Random LFO 3 Sync,Indexed,0.0,4.0,3.0,Tempo Triplets,5,0.0005198585984612185,5,0.0005211047420531526
random_3_sync,Random LFO 3 Sync,Indexed,0.0,4.0,4.0,Keytrack,1,0.0001039717196922437,1,0.00010422094841063054
random_3_sync_type,Random LFO 3 Sync Type,Indexed,0.0,1.0,0.0,Off,9532,0.991058432106467,9509,0.9910369984366858
random_3_sync_type,Random LFO 3 Sync Type,Indexed,0.0,1.0,1.0,On,86,0.008941567893532959,86,0.008963001563314227
random_3_tempo,Random LFO 3 Tempo,Indexed,0.0,12.0,0.0,Freeze,31,0.003223123310459555,31,0.003230849400729547
random_3_tempo,Random LFO 3 Tempo,Indexed,0.0,12.0,10.0,1/16,22,0.0022873778332293615,22,0.0022928608650338717
random_3_tempo,Random LFO 3 Tempo,Indexed,0.0,12.0,11.0,1/32,2,0.0002079434393844874,2,0.00020844189682126107
random_3_tempo,Random LFO 3 Tempo,Indexed,0.0,12.0,12.0,1/64,12,0.0012476606363069245,12,0.0012506513809275664
random_3_tempo,Random LFO 3 Tempo,Indexed,0.0,12.0,2.0,16/1,2,0.0002079434393844874,2,0.00020844189682126107
random_3_tempo,Random LFO 3 Tempo,Indexed,0.0,12.0,3.0,8/1,13,0.0013516323559991683,13,0.001354872329338197
random_3_tempo,Random LFO 3 Tempo,Indexed,0.0,12.0,4.0,4/1,18,0.0018714909544603868,18,0.0018759770713913497
random_3_tempo,Random LFO 3 Tempo,Indexed,0.0,12.0,5.0,2/1,24,0.002495321272613849,23,0.0023970818134445024
random_3_tempo,Random LFO 3 Tempo,Indexed,0.0,12.0,6.0,1/1,38,0.003950925348305261,38,0.0039603960396039604
random_3_tempo,Random LFO 3 Tempo,Indexed,0.0,12.0,7.0,1/2,35,0.00363901018922853,35,0.0036477331943720686
random_3_tempo,Random LFO 3 Tempo,Indexed,0.0,12.0,8.0,1/4,9410,0.9783738823040133,9388,0.9784262636789994
random_3_tempo,Random LFO 3 Tempo,Indexed,0.0,12.0,9.0,1/8,11,0.0011436889166146808,11,0.0011464304325169358
random_4_keytrack_transpose,Random LFO 4 Transpose,Indexed,-60.0,36.0,-12.0,,9618,1.0,9595,1.0
random_4_stereo,Random LFO 4 Stereo,Indexed,0.0,1.0,0.0,Off,9589,0.996984820128925,9566,0.9969775924960917
random_4_stereo,Random LFO 4 Stereo,Indexed,0.0,1.0,1.0,On,29,0.0030151798710750678,29,0.0030224075039082857
random_4_style,Random LFO 4 Style,Indexed,0.0,3.0,0.0,Perlin,9550,0.9929299230609274,9528,0.9930171964564878
random_4_style,Random LFO 4 Style,Indexed,0.0,3.0,1.0,Sample & Hold,54,0.0056144728633811605,53,0.0055237102657634185
random_4_style,Random LFO 4 Style,Indexed,0.0,3.0,2.0,Sine Interpolate,12,0.0012476606363069245,12,0.0012506513809275664
random_4_style,Random LFO 4 Style,Indexed,0.0,3.0,3.0,Lorenz Attractor,2,0.0002079434393844874,2,0.00020844189682126107
random_4_sync,Random LFO 4 Sync,Indexed,0.0,4.0,0.0,Seconds,52,0.005406529423996673,51,0.005315268368942158
random_4_sync,Random LFO 4 Sync,Indexed,0.0,4.0,1.0,Tempo,9556,0.9935537533790809,9534,0.9936425221469516
random_4_sync,Random LFO 4 Sync,Indexed,0.0,4.0,2.0,Tempo Dotted,10,0.001039717196922437,10,0.0010422094841063053
random_4_sync_type,Random LFO 4 Sync Type,Indexed,0.0,1.0,0.0,Off,9579,0.9959451029320024,9556,0.9959353830119854
random_4_sync_type,Random LFO 4 Sync Type,Indexed,0.0,1.0,1.0,On,39,0.004054897067997504,39,0.004064616988014591
random_4_tempo,Random LFO 4 Tempo,Indexed,0.0,12.0,0.0,Freeze,16,0.0016635475150758993,16,0.0016675351745700886
random_4_tempo,Random LFO 4 Tempo,Indexed,0.0,12.0,1.0,32/1,1,0.0001039717196922437,1,0.00010422094841063054
random_4_tempo,Random LFO 4 Tempo,Indexed,0.0,12.0,10.0,1/16,10,0.001039717196922437,10,0.0010422094841063053
random_4_tempo,Random LFO 4 Tempo,Indexed,0.0,12.0,11.0,1/32,1,0.0001039717196922437,1,0.00010422094841063054
random_4_tempo,Random LFO 4 Tempo,Indexed,0.0,12.0,12.0,1/64,4,0.0004158868787689748,4,0.00041688379364252214
random_4_tempo,Random LFO 4 Tempo,Indexed,0.0,12.0,4.0,4/1,7,0.000727802037845706,7,0.0007295466388744137
random_4_tempo,Random LFO 4 Tempo,Indexed,0.0,12.0,5.0,2/1,10,0.001039717196922437,10,0.0010422094841063053
random_4_tempo,Random LFO 4 Tempo,Indexed,0.0,12.0,6.0,1/1,13,0.0013516323559991683,13,0.001354872329338197
random_4_tempo,Random LFO 4 Tempo,Indexed,0.0,12.0,7.0,1/2,20,0.002079434393844874,20,0.0020844189682126106
random_4_tempo,Random LFO 4 Tempo,Indexed,0.0,12.0,8.0,1/4,9525,0.9903306300686213,9502,0.9903074517978113
random_4_tempo,Random LFO 4 Tempo,Indexed,0.0,12.0,9.0,1/8,11,0.0011436889166146808,11,0.0011464304325169358
reverb_on,Reverb Switch,Indexed,0.0,1.0,0.0,Off,3086,0.3208567269702641,3079,0.3208963001563314
reverb_on,Reverb Switch,Indexed,0.0,1.0,1.0,On,6532,0.6791432730297359,6516,0.6791036998436686
sample_bounce,Sample Bounce,Indexed,0.0,1.0,0.0,Off,9312,0.9681846537741734,9290,0.9682126107347577
sample_bounce,Sample Bounce,Indexed,0.0,1.0,1.0,On,306,0.031815346225826574,305,0.03178738926524231
sample_destination,Sample Destination,Indexed,0.0,13.0,0.0,FILTER 1,1246,0.12954876273653565,1243,0.12954663887441376
sample_destination,Sample Destination,Indexed,0.0,13.0,1.0,FILTER 2,785,0.08161779995841131,783,0.08160500260552371
sample_destination,Sample Destination,Indexed,0.0,13.0,2.0,FILTER 1+2,252,0.026200873362445413,252,0.026263678999478894
sample_destination,Sample Destination,Indexed,0.0,13.0,3.0,EFFECTS,7103,0.7385111249740071,7086,0.7385096404377279
sample_destination,Sample Destination,Indexed,0.0,13.0,4.0,DIRECT OUT,232,0.024121438968600542,231,0.024075039082855652
sample_keytrack,Sample Keytrack,Indexed,0.0,1.0,0.0,Off,8279,0.8607818673320857,8260,0.8608650338718082
sample_keytrack,Sample Keytrack,Indexed,0.0,1.0,1.0,On,1339,0.13921813266791433,1335,0.13913496612819176
sample_loop,Sample Loop,Indexed,0.0,1.0,0.0,Off,675,0.0701809107922645,674,0.07024491922876498
sample_loop,Sample Loop,Indexed,0.0,1.0,1.0,On,8943,0.9298190892077355,8921,0.929755080771235
sample_on,Sample Switch,Indexed,0.0,1.0,0.0,Off,6213,0.6459762944479102,6195,0.6456487754038561
sample_on,Sample Switch,Indexed,0.0,1.0,1.0,On,3405,0.35402370555208984,3400,0.3543512245961438
sample_random_phase,Sample Random Phase,Indexed,0.0,1.0,0.0,Off,9114,0.9475982532751092,9092,0.9475768629494529
sample_random_phase,Sample Random Phase,Indexed,0.0,1.0,1.0,On,504,0.05240174672489083,503,0.05242313705054716
sample_transpose,Sample Transpose,Indexed,-48.0,48.0,-1.0,,6,0.0006238303181534623,6,0.0006253256904637832
sample_transpose,Sample Transpose,Indexed,-48.0,48.0,-10.0,,12,0.0012476606363069245,12,0.0012506513809275664
sample_transpose,Sample Transpose,Indexed,-48.0,48.0,-11.0,,3,0.00031191515907673113,3,0.0003126628452318916
sample_transpose,Sample Transpose,Indexed,-48.0,48.0,-12.0,,182,0.018922852983988356,182,0.018968212610734756
sample_transpose,Sample Transpose,Indexed,-48.0,48.0,-13.0,,1,0.0001039717196922437,1,0.00010422094841063054
sample_transpose,Sample Transpose,Indexed,-48.0,48.0,-14.0,,3,0.00031191515907673113,3,0.0003126628452318916
sample_transpose,Sample Transpose,Indexed,-48.0,48.0,-15.0,,7,0.000727802037845706,7,0.0007295466388744137
sample_transpose,Sample Transpose,Indexed,-48.0,48.0,-16.0,,7,0.000727802037845706,7,0.0007295466388744137
sample_transpose,Sample Transpose,Indexed,-48.0,48.0,-17.0,,3,0.00031191515907673113,3,0.0003126628452318916
sample_transpose,Sample Transpose,Indexed,-48.0,48.0,-18.0,,4,0.0004158868787689748,4,0.00041688379364252214
sample_transpose,Sample Transpose,Indexed,-48.0,48.0,-19.0,,2,0.0002079434393844874,2,0.00020844189682126107
sample_transpose,Sample Transpose,Indexed,-48.0,48.0,-2.0,,13,0.0013516323559991683,13,0.001354872329338197
sample_transpose,Sample Transpose,Indexed,-48.0,48.0,-20.0,,2,0.0002079434393844874,2,0.00020844189682126107
sample_transpose,Sample Transpose,Indexed,-48.0,48.0,-21.0,,3,0.00031191515907673113,3,0.0003126628452318916
sample_transpose,Sample Transpose,Indexed,-48.0,48.0,-22.0,,6,0.0006238303181534623,6,0.0006253256904637832
sample_transpose,Sample Transpose,Indexed,-48.0,48.0,-23.0,,1,0.0001039717196922437,1,0.00010422094841063054
sample_transpose,Sample Transpose,Indexed,-48.0,48.0,-24.0,,75,0.007797878976918278,75,0.007816571130797291
sample_transpose,Sample Transpose,Indexed,-48.0,48.0,-26.0,,6,0.0006238303181534623,6,0.0006253256904637832
sample_transpose,Sample Transpose,Indexed,-48.0,48.0,-27.0,,1,0.0001039717196922437,1,0.00010422094841063054
sample_transpose,Sample Transpose,Indexed,-48.0,48.0,-28.0,,2,0.0002079434393844874,2,0.00020844189682126107
sample_transpose,Sample Transpose,Indexed,-48.0,48.0,-29.0,,1,0.0001039717196922437,1,0.00010422094841063054
sample_transpose,Sample Transpose,Indexed,-48.0,48.0,-3.0,,14,0.001455604075691412,14,0.0014590932777488275
sample_transpose,Sample Transpose,Indexed,-48.0,48.0,-30.0,,3,0.00031191515907673113,3,0.0003126628452318916
sample_transpose,Sample Transpose,Indexed,-48.0,48.0,-32.0,,1,0.0001039717196922437,1,0.00010422094841063054
sample_transpose,Sample Transpose,Indexed,-48.0,48.0,-33.0,,1,0.0001039717196922437,1,0.00010422094841063054
sample_transpose,Sample Transpose,Indexed,-48.0,48.0,-34.0,,1,0.0001039717196922437,1,0.00010422094841063054
sample_transpose,Sample Transpose,Indexed,-48.0,48.0,-36.0,,10,0.001039717196922437,10,0.0010422094841063053
sample_transpose,Sample Transpose,Indexed,-48.0,48.0,-38.0,,2,0.0002079434393844874,2,0.00020844189682126107
sample_transpose,Sample Transpose,Indexed,-48.0,48.0,-4.0,,5,0.0005198585984612185,5,0.0005211047420531526
sample_transpose,Sample Transpose,Indexed,-48.0,48.0,-40.0,,2,0.0002079434393844874,2,0.00020844189682126107
sample_transpose,Sample Transpose,Indexed,-48.0,48.0,-42.0,,1,0.0001039717196922437,1,0.00010422094841063054
sample_transpose,Sample Transpose,Indexed,-48.0,48.0,-45.0,,2,0.0002079434393844874,2,0.00020844189682126107
sample_transpose,Sample Transpose,Indexed,-48.0,48.0,-46.0,,1,0.0001039717196922437,1,0.00010422094841063054
sample_transpose,Sample Transpose,Indexed,-48.0,48.0,-48.0,,40,0.004158868787689748,40,0.004168837936425221
sample_transpose,Sample Transpose,Indexed,-48.0,48.0,-5.0,,6,0.0006238303181534623,6,0.0006253256904637832
sample_transpose,Sample Transpose,Indexed,-48.0,48.0,-6.0,,11,0.0011436889166146808,11,0.0011464304325169358
sample_transpose,Sample Transpose,Indexed,-48.0,48.0,-7.0,,5,0.0005198585984612185,5,0.0005211047420531526
sample_transpose,Sample Transpose,Indexed,-48.0,48.0,-8.0,,3,0.00031191515907673113,3,0.0003126628452318916
sample_transpose,Sample Transpose,Indexed,-48.0,48.0,-9.0,,8,0.0008317737575379496,8,0.0008337675872850443
sample_transpose,Sample Transpose,Indexed,-48.0,48.0,0.0,,8440,0.8775213142025369,8420,0.8775403856175091
sample_transpose,Sample Transpose,Indexed,-48.0,48.0,1.0,,13,0.0013516323559991683,13,0.001354872329338197
sample_transpose,Sample Transpose,Indexed,-48.0,48.0,10.0,,13,0.0013516323559991683,13,0.001354872329338197
sample_transpose,Sample Transpose,Indexed,-48.0,48.0,11.0,,11,0.0011436889166146808,11,0.0011464304325169358
sample_transpose,Sample Transpose,Indexed,-48.0,48.0,12.0,,238,0.024745269286754003,237,0.02470036477331944
sample_transpose,Sample Transpose,Indexed,-48.0,48.0,13.0,,6,0.0006238303181534623,6,0.0006253256904637832
sample_transpose,Sample Transpose,Indexed,-48.0,48.0,14.0,,1,0.0001039717196922437,1,0.00010422094841063054
sample_transpose,Sample Transpose,Indexed,-48.0,48.0,15.0,,13,0.0013516323559991683,13,0.001354872329338197
sample_transpose,Sample Transpose,Indexed,-48.0,48.0,16.0,,8,0.0008317737575379496,8,0.0008337675872850443
sample_transpose,Sample Transpose,Indexed,-48.0,48.0,17.0,,2,0.0002079434393844874,2,0.00020844189682126107
sample_transpose,Sample Transpose,Indexed,-48.0,48.0,18.0,,6,0.0006238303181534623,6,0.0006253256904637832
sample_transpose,Sample Transpose,Indexed,-48.0,48.0,19.0,,4,0.0004158868787689748,4,0.00041688379364252214
sample_transpose,Sample Transpose,Indexed,-48.0,48.0,2.0,,11,0.0011436889166146808,11,0.0011464304325169358
sample_transpose,Sample Transpose,Indexed,-48.0,48.0,20.0,,1,0.0001039717196922437,1,0.00010422094841063054
sample_transpose,Sample Transpose,Indexed,-48.0,48.0,21.0,,7,0.000727802037845706,7,0.0007295466388744137
sample_transpose,Sample Transpose,Indexed,-48.0,48.0,22.0,,3,0.00031191515907673113,3,0.0003126628452318916
sample_transpose,Sample Transpose,Indexed,-48.0,48.0,23.0,,7,0.000727802037845706,7,0.0007295466388744137
sample_transpose,Sample Transpose,Indexed,-48.0,48.0,24.0,,103,0.010709087128301101,103,0.010734757686294946
sample_transpose,Sample Transpose,Indexed,-48.0,48.0,25.0,,7,0.000727802037845706,7,0.0007295466388744137
sample_transpose,Sample Transpose,Indexed,-48.0,48.0,26.0,,3,0.00031191515907673113,3,0.0003126628452318916
sample_transpose,Sample Transpose,Indexed,-48.0,48.0,27.0,,5,0.0005198585984612185,5,0.0005211047420531526
sample_transpose,Sample Transpose,Indexed,-48.0,48.0,28.0,,1,0.0001039717196922437,1,0.00010422094841063054
sample_transpose,Sample Transpose,Indexed,-48.0,48.0,29.0,,4,0.0004158868787689748,4,0.00041688379364252214
sample_transpose,Sample Transpose,Indexed,-48.0,48.0,3.0,,9,0.0009357454772301934,8,0.0008337675872850443
sample_transpose,Sample Transpose,Indexed,-48.0,48.0,30.0,,4,0.0004158868787689748,4,0.00041688379364252214
sample_transpose,Sample Transpose,Indexed,-48.0,48.0,31.0,,1,0.0001039717196922437,1,0.00010422094841063054
sample_transpose,Sample Transpose,Indexed,-48.0,48.0,32.0,,2,0.0002079434393844874,2,0.00020844189682126107
sample_transpose,Sample Transpose,Indexed,-48.0,48.0,33.0,,2,0.0002079434393844874,2,0.00020844189682126107
sample_transpose,Sample Transpose,Indexed,-48.0,48.0,34.0,,6,0.0006238303181534623,6,0.0006253256904637832
sample_transpose,Sample Transpose,Indexed,-48.0,48.0,35.0,,2,0.0002079434393844874,2,0.00020844189682126107
sample_transpose,Sample Transpose,Indexed,-48.0,48.0,36.0,,13,0.0013516323559991683,13,0.001354872329338197
sample_transpose,Sample Transpose,Indexed,-48.0,48.0,37.0,,6,0.0006238303181534623,6,0.0006253256904637832
sample_transpose,Sample Transpose,Indexed,-48.0,48.0,38.0,,21,0.002183406113537118,21,0.0021886399166232413
sample_transpose,Sample Transpose,Indexed,-48.0,48.0,4.0,,19,0.0019754626741526303,19,0.0019801980198019802
sample_transpose,Sample Transpose,Indexed,-48.0,48.0,40.0,,5,0.0005198585984612185,5,0.0005211047420531526
sample_transpose,Sample Transpose,Indexed,-48.0,48.0,41.0,,7,0.000727802037845706,7,0.0007295466388744137
sample_transpose,Sample Transpose,Indexed,-48.0,48.0,42.0,,4,0.0004158868787689748,4,0.00041688379364252214
sample_transpose,Sample Transpose,Indexed,-48.0,48.0,43.0,,1,0.0001039717196922437,1,0.00010422094841063054
sample_transpose,Sample Transpose,Indexed,-48.0,48.0,44.0,,2,0.0002079434393844874,2,0.00020844189682126107
sample_transpose,Sample Transpose,Indexed,-48.0,48.0,45.0,,2,0.0002079434393844874,2,0.00020844189682126107
sample_transpose,Sample Transpose,Indexed,-48.0,48.0,46.0,,3,0.00031191515907673113,3,0.0003126628452318916
sample_transpose,Sample Transpose,Indexed,-48.0,48.0,47.0,,1,0.0001039717196922437,1,0.00010422094841063054
sample_transpose,Sample Transpose,Indexed,-48.0,48.0,48.0,,84,0.008733624454148471,84,0.008754559666492965
sample_transpose,Sample Transpose,Indexed,-48.0,48.0,5.0,,17,0.001767519234768143,16,0.0016675351745700886
sample_transpose,Sample Transpose,Indexed,-48.0,48.0,6.0,,5,0.0005198585984612185,5,0.0005211047420531526
sample_transpose,Sample Transpose,Indexed,-48.0,48.0,7.0,,29,0.0030151798710750678,29,0.0030224075039082857
sample_transpose,Sample Transpose,Indexed,-48.0,48.0,8.0,,2,0.0002079434393844874,2,0.00020844189682126107
sample_transpose,Sample Transpose,Indexed,-48.0,48.0,9.0,,8,0.0008317737575379496,8,0.0008337675872850443
sample_transpose_quantize,Sample Transpose Quantize,Indexed,0.0,8191.0,0.0,,9570,0.9950093574547723,9547,0.9949973944762898
sample_transpose_quantize,Sample Transpose Quantize,Indexed,0.0,8191.0,1.0,,11,0.0011436889166146808,11,0.0011464304325169358
sample_transpose_quantize,Sample Transpose Quantize,Indexed,0.0,8191.0,1024.0,,1,0.0001039717196922437,1,0.00010422094841063054
sample_transpose_quantize,Sample Transpose Quantize,Indexed,0.0,8191.0,1144.0,,1,0.0001039717196922437,1,0.00010422094841063054
sample_transpose_quantize,Sample Transpose Quantize,Indexed,0.0,8191.0,1161.0,,1,0.0001039717196922437,1,0.00010422094841063054
sample_transpose_quantize,Sample Transpose Quantize,Indexed,0.0,8191.0,1193.0,,1,0.0001039717196922437,1,0.00010422094841063054
sample_transpose_quantize,Sample Transpose Quantize,Indexed,0.0,8191.0,128.0,,4,0.0004158868787689748,4,0.00041688379364252214
sample_transpose_quantize,Sample Transpose Quantize,Indexed,0.0,8191.0,1354.0,,1,0.0001039717196922437,1,0.00010422094841063054
sample_transpose_quantize,Sample Transpose Quantize,Indexed,0.0,8191.0,16.0,,1,0.0001039717196922437,1,0.00010422094841063054
sample_transpose_quantize,Sample Transpose Quantize,Indexed,0.0,8191.0,2.0,,1,0.0001039717196922437,1,0.00010422094841063054
sample_transpose_quantize,Sample Transpose Quantize,Indexed,0.0,8191.0,2114.0,,1,0.0001039717196922437,1,0.00010422094841063054
sample_transpose_quantize,Sample Transpose Quantize,Indexed,0.0,8191.0,2197.0,,1,0.0001039717196922437,1,0.00010422094841063054
sample_transpose_quantize,Sample Transpose Quantize,Indexed,0.0,8191.0,2229.0,,1,0.0001039717196922437,1,0.00010422094841063054
sample_transpose_quantize,Sample Transpose Quantize,Indexed,0.0,8191.0,256.0,,1,0.0001039717196922437,1,0.00010422094841063054
sample_transpose_quantize,Sample Transpose Quantize,Indexed,0.0,8191.0,3075.0,,1,0.0001039717196922437,1,0.00010422094841063054
sample_transpose_quantize,Sample Transpose Quantize,Indexed,0.0,8191.0,32.0,,3,0.00031191515907673113,3,0.0003126628452318916
sample_transpose_quantize,Sample Transpose Quantize,Indexed,0.0,8191.0,4.0,,2,0.0002079434393844874,2,0.00020844189682126107
sample_transpose_quantize,Sample Transpose Quantize,Indexed,0.0,8191.0,4096.0,,6,0.0006238303181534623,6,0.0006253256904637832
sample_transpose_quantize,Sample Transpose Quantize,Indexed,0.0,8191.0,48.0,,1,0.0001039717196922437,1,0.00010422094841063054
sample_transpose_quantize,Sample Transpose Quantize,Indexed,0.0,8191.0,512.0,,1,0.0001039717196922437,1,0.00010422094841063054
sample_transpose_quantize,Sample Transpose Quantize,Indexed,0.0,8191.0,5281.0,,1,0.0001039717196922437,1,0.00010422094841063054
sample_transpose_quantize,Sample Transpose Quantize,Indexed,0.0,8191.0,5450.0,,1,0.0001039717196922437,1,0.00010422094841063054
sample_transpose_quantize,Sample Transpose Quantize,Indexed,0.0,8191.0,641.0,,1,0.0001039717196922437,1,0.00010422094841063054
sample_transpose_quantize,Sample Transpose Quantize,Indexed,0.0,8191.0,6416.0,,1,0.0001039717196922437,1,0.00010422094841063054
sample_transpose_quantize,Sample Transpose Quantize,Indexed,0.0,8191.0,661.0,,1,0.0001039717196922437,1,0.00010422094841063054
sample_transpose_quantize,Sample Transpose Quantize,Indexed,0.0,8191.0,6953.0,,1,0.0001039717196922437,1,0.00010422094841063054
sample_transpose_quantize,Sample Transpose Quantize,Indexed,0.0,8191.0,7366.0,,1,0.0001039717196922437,1,0.00010422094841063054
sample_transpose_quantize,Sample Transpose Quantize,Indexed,0.0,8191.0,8.0,,1,0.0001039717196922437,1,0.00010422094841063054
stereo_mode,Stereo Mode,Indexed,0.0,1.0,0.0,SPREAD,9581,0.996153046371387,9558,0.9961438249088067
stereo_mode,Stereo Mode,Indexed,0.0,1.0,1.0,ROTATE,37,0.0038469536286130173,37,0.0038561750911933297
view_spectrogram,View Spectrogram,Indexed,0.0,2.0,0.0,Off,8921,0.9275317113745062,8900,0.9275664408546118
view_spectrogram,View Spectrogram,Indexed,0.0,2.0,1.0,On,696,0.07236431690580163,694,0.0723293381969776
view_spectrogram,View Spectrogram,Indexed,0.0,2.0,2.0,,1,0.0001039717196922437,1,0.00010422094841063054
voice_override,Voice Override,Indexed,0.0,1.0,0.0,Kill,9557,0.9936577250987731,9534,0.9936425221469516
voice_override,Voice Override,Indexed,0.0,1.0,1.0,Steal,61,0.006342274901226866,61,0.006357477853048463
voice_priority,Voice Priority,Indexed,0.0,4.0,0.0,Newest,44,0.004574755666458723,44,0.004585721730067743
voice_priority,Voice Priority,Indexed,0.0,4.0,1.0,Oldest,17,0.001767519234768143,17,0.0017717561229807191
voice_priority,Voice Priority,Indexed,0.0,4.0,2.0,Highest,13,0.0013516323559991683,13,0.001354872329338197
voice_priority,Voice Priority,Indexed,0.0,4.0,3.0,Lowest,9,0.0009357454772301934,9,0.0009379885356956748
voice_priority,Voice Priority,Indexed,0.0,4.0,4.0,Round Robin,9535,0.9913703472655437,9512,0.9913496612819177
voice_transpose,Voice Transpose,Indexed,-48.0,48.0,-0.0,,1,0.0001039717196922437,1,0.00010422094841063054
voice_transpose,Voice Transpose,Indexed,-48.0,48.0,-1.0,,11,0.0011436889166146808,11,0.0011464304325169358
voice_transpose,Voice Transpose,Indexed,-48.0,48.0,-10.0,,12,0.0012476606363069245,12,0.0012506513809275664
voice_transpose,Voice Transpose,Indexed,-48.0,48.0,-11.0,,9,0.0009357454772301934,9,0.0009379885356956748
voice_transpose,Voice Transpose,Indexed,-48.0,48.0,-12.0,,101,0.010501143688916614,100,0.010422094841063054
voice_transpose,Voice Transpose,Indexed,-48.0,48.0,-13.0,,3,0.00031191515907673113,3,0.0003126628452318916
voice_transpose,Voice Transpose,Indexed,-48.0,48.0,-14.0,,4,0.0004158868787689748,4,0.00041688379364252214
voice_transpose,Voice Transpose,Indexed,-48.0,48.0,-15.0,,5,0.0005198585984612185,5,0.0005211047420531526
voice_transpose,Voice Transpose,Indexed,-48.0,48.0,-16.0,,6,0.0006238303181534623,6,0.0006253256904637832
voice_transpose,Voice Transpose,Indexed,-48.0,48.0,-18.0,,8,0.0008317737575379496,8,0.0008337675872850443
voice_transpose,Voice Transpose,Indexed,-48.0,48.0,-2.0,,10,0.001039717196922437,10,0.0010422094841063053
voice_transpose,Voice Transpose,Indexed,-48.0,48.0,-20.0,,2,0.0002079434393844874,2,0.00020844189682126107
voice_transpose,Voice Transpose,Indexed,-48.0,48.0,-21.0,,1,0.0001039717196922437,1,0.00010422094841063054
voice_transpose,Voice Transpose,Indexed,-48.0,48.0,-22.0,,3,0.00031191515907673113,3,0.0003126628452318916
voice_transpose,Voice Transpose,Indexed,-48.0,48.0,-23.0,,4,0.0004158868787689748,4,0.00041688379364252214
voice_transpose,Voice Transpose,Indexed,-48.0,48.0,-24.0,,50,0.0051985859846121855,50,0.005211047420531527
voice_transpose,Voice Transpose,Indexed,-48.0,48.0,-25.0,,4,0.0004158868787689748,4,0.00041688379364252214
voice_transpose,Voice Transpose,Indexed,-48.0,48.0,-26.0,,3,0.00031191515907673113,3,0.0003126628452318916
voice_transpose,Voice Transpose,Indexed,-48.0,48.0,-27.0,,7,0.000727802037845706,7,0.0007295466388744137
voice_transpose,Voice Transpose,Indexed,-48.0,48.0,-28.0,,3,0.00031191515907673113,3,0.0003126628452318916
voice_transpose,Voice Transpose,Indexed,-48.0,48.0,-29.0,,2,0.0002079434393844874,2,0.00020844189682126107
voice_transpose,Voice Transpose,Indexed,-48.0,48.0,-3.0,,4,0.0004158868787689748,4,0.00041688379364252214
voice_transpose,Voice Transpose,Indexed,-48.0,48.0,-30.0,,4,0.0004158868787689748,4,0.00041688379364252214
voice_transpose,Voice Transpose,Indexed,-48.0,48.0,-31.0,,3,0.00031191515907673113,3,0.0003126628452318916
voice_transpose,Voice Transpose,Indexed,-48.0,48.0,-32.0,,3,0.00031191515907673113,3,0.0003126628452318916
voice_transpose,Voice Transpose,Indexed,-48.0,48.0,-33.0,,5,0.0005198585984612185,5,0.0005211047420531526
voice_transpose,Voice Transpose,Indexed,-48.0,48.0,-34.0,,3,0.00031191515907673113,3,0.0003126628452318916
voice_transpose,Voice Transpose,Indexed,-48.0,48.0,-35.0,,1,0.0001039717196922437,1,0.00010422094841063054
voice_transpose,Voice Transpose,Indexed,-48.0,48.0,-36.0,,8,0.0008317737575379496,8,0.0008337675872850443
voice_transpose,Voice Transpose,Indexed,-48.0,48.0,-37.0,,2,0.0002079434393844874,2,0.00020844189682126107
voice_transpose,Voice Transpose,Indexed,-48.0,48.0,-39.0,,3,0.00031191515907673113,3,0.0003126628452318916
voice_transpose,Voice Transpose,Indexed,-48.0,48.0,-4.0,,6,0.0006238303181534623,6,0.0006253256904637832
voice_transpose,Voice Transpose,Indexed,-48.0,48.0,-42.0,,1,0.0001039717196922437,1,0.00010422094841063054
voice_transpose,Voice Transpose,Indexed,-48.0,48.0,-43.0,,2,0.0002079434393844874,2,0.00020844189682126107
voice_transpose,Voice Transpose,Indexed,-48.0,48.0,-45.0,,1,0.0001039717196922437,1,0.00010422094841063054
voice_transpose,Voice Transpose,Indexed,-48.0,48.0,-48.0,,6,0.0006238303181534623,6,0.0006253256904637832
voice_transpose,Voice Transpose,Indexed,-48.0,48.0,-5.0,,7,0.000727802037845706,7,0.0007295466388744137
voice_transpose,Voice Transpose,Indexed,-48.0,48.0,-6.0,,13,0.0013516323559991683,13,0.001354872329338197
voice_transpose,Voice Transpose,Indexed,-48.0,48.0,-7.0,,1,0.0001039717196922437,1,0.00010422094841063054
voice_transpose,Voice Transpose,Indexed,-48.0,48.0,-8.0,,3,0.00031191515907673113,3,0.0003126628452318916
voice_transpose,Voice Transpose,Indexed,-48.0,48.0,0.0,,9164,0.9527968392597214,9143,0.952892131318395
voice_transpose,Voice Transpose,Indexed,-48.0,48.0,1.0,,11,0.0011436889166146808,11,0.0011464304325169358
voice_transpose,Voice Transpose,Indexed,-48.0,48.0,10.0,,1,0.0001039717196922437,1,0.00010422094841063054
voice_transpose,Voice Transpose,Indexed,-48.0,48.0,11.0,,3,0.00031191515907673113,3,0.0003126628452318916
voice_transpose,Voice Transpose,Indexed,-48.0,48.0,12.0,,65,0.006758161779995841,64,0.006670140698280354
voice_transpose,Voice Transpose,Indexed,-48.0,48.0,14.0,,1,0.0001039717196922437,1,0.00010422094841063054
voice_transpose,Voice Transpose,Indexed,-48.0,48.0,15.0,,1,0.0001039717196922437,1,0.00010422094841063054
voice_transpose,Voice Transpose,Indexed,-48.0,48.0,16.0,,1,0.0001039717196922437,1,0.00010422094841063054
voice_transpose,Voice Transpose,Indexed,-48.0,48.0,17.0,,2,0.0002079434393844874,2,0.00020844189682126107
voice_transpose,Voice Transpose,Indexed,-48.0,48.0,2.0,,3,0.00031191515907673113,3,0.0003126628452318916
voice_transpose,Voice Transpose,Indexed,-48.0,48.0,21.0,,2,0.0002079434393844874,2,0.00020844189682126107
voice_transpose,Voice Transpose,Indexed,-48.0,48.0,23.0,,1,0.0001039717196922437,1,0.00010422094841063054
voice_transpose,Voice Transpose,Indexed,-48.0,48.0,24.0,,13,0.0013516323559991683,13,0.001354872329338197
voice_transpose,Voice Transpose,Indexed,-48.0,48.0,25.0,,1,0.0001039717196922437,1,0.00010422094841063054
voice_transpose,Voice Transpose,Indexed,-48.0,48.0,3.0,,7,0.000727802037845706,7,0.0007295466388744137
voice_transpose,Voice Transpose,Indexed,-48.0,48.0,30.0,,1,0.0001039717196922437,1,0.00010422094841063054
voice_transpose,Voice Transpose,Indexed,-48.0,48.0,34.0,,1,0.0001039717196922437,1,0.00010422094841063054
voice_transpose,Voice Transpose,Indexed,-48.0,48.0,36.0,,1,0.0001039717196922437,1,0.00010422094841063054
voice_transpose,Voice Transpose,Indexed,-48.0,48.0,4.0,,4,0.0004158868787689748,4,0.00041688379364252214
voice_transpose,Voice Transpose,Indexed,-48.0,48.0,48.0,,1,0.0001039717196922437,1,0.00010422094841063054
voice_transpose,Voice Transpose,Indexed,-48.0,48.0,5.0,,1,0.0001039717196922437,1,0.00010422094841063054
voice_transpose,Voice Transpose,Indexed,-48.0,48.0,6.0,,2,0.0002079434393844874,2,0.00020844189682126107
voice_transpose,Voice Transpose,Indexed,-48.0,48.0,7.0,,3,0.00031191515907673113,3,0.0003126628452318916
voice_transpose,Voice Transpose,Indexed,-48.0,48.0,8.0,,1,0.0001039717196922437,1,0.00010422094841063054
voice_transpose,Voice Transpose,Indexed,-48.0,48.0,9.0,,2,0.0002079434393844874,2,0.00020844189682126107
